fecha_captura,torneo,#,Jugador,Equipo,G,A
2026-06-07,Liga de Primera 2026,1,Fernando Zampedri,Universidad Católica,11,1
2026-06-07,Liga de Primera 2026,2,Daniel Castro,Deportes Limache,6,2
2026-06-07,Liga de Primera 2026,3,Justo Giani,Universidad Católica,6,2
2026-06-07,Liga de Primera 2026,4,Nelson Da Silva,Palestino,5,1
2026-06-07,Liga de Primera 2026,5,Jean Meneses,Deportes Limache,4,5
2026-06-07,Liga de Primera 2026,6,Sebastián Sáez,Unión La Calera,4,1
2026-06-07,Liga de Primera 2026,7,Steffan Pino,Cobresal,4,0
2026-06-07,Liga de Primera 2026,8,Jeisson Vargas,Deportes La Serena,3,2
2026-06-07,Liga de Primera 2026,9,Giovani Chiaverano,Audax Italiano,3,1
2026-06-07,Liga de Primera 2026,10,Maximiliano Romero,Colo-Colo,3,1
2026-06-07,Liga de Primera 2026,11,Franco Troyansky,Audax Italiano,3,0
2026-06-07,Liga de Primera 2026,12,Maximiliano Gutiérrez,Huachipato,3,0
2026-06-07,Liga de Primera 2026,13,Cris Martínez,Huachipato,3,0
2026-06-07,Liga de Primera 2026,14,Ignacio Jeraldino,Ñublense,3,0
2026-06-07,Liga de Primera 2026,15,Matías Palavecino,Universidad Católica,2,4
2026-06-07,Liga de Primera 2026,16,Clemente Montes,Universidad Católica,2,2
2026-06-07,Liga de Primera 2026,17,Claudio Aquino,Colo-Colo,2,1
2026-06-07,Liga de Primera 2026,18,Cristián Zavala,Coquimbo Unido,2,1
2026-06-07,Liga de Primera 2026,19,Yerko González,Deportes Limache,2,1
2026-06-07,Liga de Primera 2026,20,Alan Medina,Everton,2,1
2026-06-07,Liga de Primera 2026,21,Lionel Altamirano,Huachipato,2,1
2026-06-07,Liga de Primera 2026,22,Kevin Méndez,Unión La Calera,2,1
2026-06-07,Liga de Primera 2026,23,Eduardo Vargas,Universidad de Chile,2,1
2026-06-07,Liga de Primera 2026,24,Maximiliano Guerrero,Universidad de Chile,2,1
2026-06-07,Liga de Primera 2026,25,Franco Frías,Cobresal,2,0
2026-06-07,Liga de Primera 2026,26,Álvaro Madrid,Colo-Colo,2,0
2026-06-07,Liga de Primera 2026,27,Alejandro Camargo,Coquimbo Unido,2,0
2026-06-07,Liga de Primera 2026,28,Alejandro Azócar,Coquimbo Unido,2,0
2026-06-07,Liga de Primera 2026,29,Felipe Chamorro,Deportes La Serena,2,0
2026-06-07,Liga de Primera 2026,30,Vicente Álvarez,Deportes Limache,2,0
2026-06-07,Liga de Primera 2026,31,Cristian Palacios,Everton,2,0
2026-06-07,Liga de Primera 2026,32,Lucas Soto,Everton,2,0
2026-06-07,Liga de Primera 2026,33,Claudio Sepúlveda,Huachipato,2,0
2026-06-07,Liga de Primera 2026,34,Mario Briceño,Huachipato,2,0
2026-06-07,Liga de Primera 2026,35,Arnaldo Castillo,O'Higgins,2,0
2026-06-07,Liga de Primera 2026,36,Martín Sarrafiore,O'Higgins,2,0
2026-06-07,Liga de Primera 2026,37,Javier Altamirano,Universidad de Chile,2,0
2026-06-07,Liga de Primera 2026,38,Fabián Hormazábal,Universidad de Chile,2,0
2026-06-07,Liga de Primera 2026,39,Diego Rubio,Deportes La Serena,1,3
2026-06-07,Liga de Primera 2026,40,Francisco González,O'Higgins,1,3
2026-06-07,Liga de Primera 2026,41,Julián Fernández,Palestino,1,3
2026-06-07,Liga de Primera 2026,42,Bryan Carvallo,Cobresal,1,2
2026-06-07,Liga de Primera 2026,43,Guillermo Pacheco,Cobresal,1,2
2026-06-07,Liga de Primera 2026,44,Maximiliano Rodríguez,Huachipato,1,2
2026-06-07,Liga de Primera 2026,45,Julián Brea,Cobresal,1,1
2026-06-07,Liga de Primera 2026,46,Yastin Cuevas,Colo-Colo,1,1
2026-06-07,Liga de Primera 2026,47,Luis Riveros,Coquimbo Unido,1,1
2026-06-07,Liga de Primera 2026,48,Leonardo Valencia,Deportes Concepción,1,1
2026-06-07,Liga de Primera 2026,49,Joaquín Montecinos,Deportes Limache,1,1
2026-06-07,Liga de Primera 2026,50,Marcos Arturia,Deportes Limache,1,1
2026-06-07,Liga de Primera 2026,51,Flavio Moya,Deportes Limache,1,1
2026-06-07,Liga de Primera 2026,52,Nicolás Vargas,Huachipato,1,1
2026-06-07,Liga de Primera 2026,53,Gabriel Graciani,Ñublense,1,1
2026-06-07,Liga de Primera 2026,54,Bryan Rabello,O'Higgins,1,1
2026-06-07,Liga de Primera 2026,55,Felipe Ogaz,O'Higgins,1,1
2026-06-07,Liga de Primera 2026,56,Martín Maturana,O'Higgins,1,1
2026-06-07,Liga de Primera 2026,57,Ian Garguez,Palestino,1,1
2026-06-07,Liga de Primera 2026,58,Sebastián Gallegos,Palestino,1,1
2026-06-07,Liga de Primera 2026,59,Martín Araya,Palestino,1,1
2026-06-07,Liga de Primera 2026,60,Jimmy Martínez,Universidad Católica,1,1
2026-06-07,Liga de Primera 2026,61,Agustín Arce,Universidad de Chile,1,1
2026-06-07,Liga de Primera 2026,62,Antonio Díaz,Universidad de Concepción,1,1
2026-06-07,Liga de Primera 2026,63,Cecilio Waterman,Universidad de Concepción,1,1
2026-06-07,Liga de Primera 2026,64,Diego Coelho,Audax Italiano,1,0
2026-06-07,Liga de Primera 2026,65,Rodrigo Cabral,Audax Italiano,1,0
2026-06-07,Liga de Primera 2026,66,Federico Mateos,Audax Italiano,1,0
2026-06-07,Liga de Primera 2026,67,Enzo Ferrario,Audax Italiano,1,0
2026-06-07,Liga de Primera 2026,68,Marco Collao,Audax Italiano,1,0
2026-06-07,Liga de Primera 2026,69,Agustín Nadruz,Cobresal,1,0
2026-06-07,Liga de Primera 2026,70,Benjamín Valenzuela,Cobresal,1,0
2026-06-07,Liga de Primera 2026,71,Javier Correa,Colo-Colo,1,0
2026-06-07,Liga de Primera 2026,72,Guido Vadalá,Coquimbo Unido,1,0
2026-06-07,Liga de Primera 2026,73,Nicolás Johansen,Coquimbo Unido,1,0
2026-06-07,Liga de Primera 2026,74,Manuel Fernández,Coquimbo Unido,1,0
2026-06-07,Liga de Primera 2026,75,Martín Mundaca,Coquimbo Unido,1,0
2026-06-07,Liga de Primera 2026,76,Fausto Grillo,Deportes Concepción,1,0
2026-06-07,Liga de Primera 2026,77,Joaquín Larrivey,Deportes Concepción,1,0
2026-06-07,Liga de Primera 2026,78,Jorge Henríquez,Deportes Concepción,1,0
2026-06-07,Liga de Primera 2026,79,Sebastián Díaz,Deportes La Serena,1,0
2026-06-07,Liga de Primera 2026,80,Lucas Alarcón,Deportes La Serena,1,0
2026-06-07,Liga de Primera 2026,81,Gonzalo Escalante,Deportes La Serena,1,0
2026-06-07,Liga de Primera 2026,82,Matías Marín,Deportes La Serena,1,0
2026-06-07,Liga de Primera 2026,83,Gonzalo Sosa,Deportes Limache,1,0
2026-06-07,Liga de Primera 2026,84,César Pinares,Deportes Limache,1,0
2026-06-07,Liga de Primera 2026,85,Renzo Malanca,Huachipato,1,0
2026-06-07,Liga de Primera 2026,86,Santiago Silva,Huachipato,1,0
2026-06-07,Liga de Primera 2026,87,Ignacio Tapia,Ñublense,1,0
2026-06-07,Liga de Primera 2026,88,Franco Rami,Ñublense,1,0
2026-06-07,Liga de Primera 2026,89,Diego Sanhueza,Ñublense,1,0
2026-06-07,Liga de Primera 2026,90,Diego Céspedes,Ñublense,1,0
2026-06-07,Liga de Primera 2026,91,Giovanny Ávalos,Ñublense,1,0
2026-06-07,Liga de Primera 2026,92,Lucas Molina,Ñublense,1,0
2026-06-07,Liga de Primera 2026,93,Miguel Brizuela,O'Higgins,1,0
2026-06-07,Liga de Primera 2026,94,Thiago Vecino,O'Higgins,1,0
2026-06-07,Liga de Primera 2026,95,Bastián Yáñez,O'Higgins,1,0
2026-06-07,Liga de Primera 2026,96,Ronnie Fernández,Palestino,1,0
2026-06-07,Liga de Primera 2026,97,Francisco Montes,Palestino,1,0
2026-06-07,Liga de Primera 2026,98,Vicente Espinoza,Palestino,1,0
2026-06-07,Liga de Primera 2026,99,César Munder,Palestino,1,0
2026-06-07,Liga de Primera 2026,100,Matías Campos López,Unión La Calera,1,0
2026-06-07,Liga de Primera 2026,101,Juan Ignacio Díaz,Universidad Católica,1,0
2026-06-07,Liga de Primera 2026,102,Nicolás Ramírez,Universidad de Chile,1,0
2026-06-07,Liga de Primera 2026,103,Matías Zaldivia,Universidad de Chile,1,0
2026-06-07,Liga de Primera 2026,104,Luis Rojas,Universidad de Concepción,1,0
2026-06-07,Liga de Primera 2026,105,Daniel Barrea,Universidad de Concepción,1,0
2026-06-07,Liga de Primera 2026,106,Agustín Urzi,Universidad de Concepción,1,0
2026-06-07,Liga de Primera 2026,107,Cristhofer Mesías,Universidad de Concepción,1,0
2026-06-07,Liga de Primera 2026,108,Jeison Fuentealba,Universidad de Concepción,1,0
2026-06-08,Liga de Primera 2026,1,Fernando Zampedri,Universidad Católica,11,1
2026-06-08,Liga de Primera 2026,2,Daniel Castro,Deportes Limache,6,2
2026-06-08,Liga de Primera 2026,3,Justo Giani,Universidad Católica,6,2
2026-06-08,Liga de Primera 2026,4,Nelson Da Silva,Palestino,5,1
2026-06-08,Liga de Primera 2026,5,Jean Meneses,Deportes Limache,4,5
2026-06-08,Liga de Primera 2026,6,Sebastián Sáez,Unión La Calera,4,1
2026-06-08,Liga de Primera 2026,7,Steffan Pino,Cobresal,4,0
2026-06-08,Liga de Primera 2026,8,Jeisson Vargas,Deportes La Serena,3,2
2026-06-08,Liga de Primera 2026,9,Giovani Chiaverano,Audax Italiano,3,1
2026-06-08,Liga de Primera 2026,10,Maximiliano Romero,Colo-Colo,3,1
2026-06-08,Liga de Primera 2026,11,Franco Troyansky,Audax Italiano,3,0
2026-06-08,Liga de Primera 2026,12,Maximiliano Gutiérrez,Huachipato,3,0
2026-06-08,Liga de Primera 2026,13,Cris Martínez,Huachipato,3,0
2026-06-08,Liga de Primera 2026,14,Ignacio Jeraldino,Ñublense,3,0
2026-06-08,Liga de Primera 2026,15,Matías Palavecino,Universidad Católica,2,4
2026-06-08,Liga de Primera 2026,16,Clemente Montes,Universidad Católica,2,2
2026-06-08,Liga de Primera 2026,17,Claudio Aquino,Colo-Colo,2,1
2026-06-08,Liga de Primera 2026,18,Cristián Zavala,Coquimbo Unido,2,1
2026-06-08,Liga de Primera 2026,19,Yerko González,Deportes Limache,2,1
2026-06-08,Liga de Primera 2026,20,Alan Medina,Everton,2,1
2026-06-08,Liga de Primera 2026,21,Lionel Altamirano,Huachipato,2,1
2026-06-08,Liga de Primera 2026,22,Kevin Méndez,Unión La Calera,2,1
2026-06-08,Liga de Primera 2026,23,Eduardo Vargas,Universidad de Chile,2,1
2026-06-08,Liga de Primera 2026,24,Maximiliano Guerrero,Universidad de Chile,2,1
2026-06-08,Liga de Primera 2026,25,Franco Frías,Cobresal,2,0
2026-06-08,Liga de Primera 2026,26,Álvaro Madrid,Colo-Colo,2,0
2026-06-08,Liga de Primera 2026,27,Alejandro Camargo,Coquimbo Unido,2,0
2026-06-08,Liga de Primera 2026,28,Alejandro Azócar,Coquimbo Unido,2,0
2026-06-08,Liga de Primera 2026,29,Felipe Chamorro,Deportes La Serena,2,0
2026-06-08,Liga de Primera 2026,30,Vicente Álvarez,Deportes Limache,2,0
2026-06-08,Liga de Primera 2026,31,Cristian Palacios,Everton,2,0
2026-06-08,Liga de Primera 2026,32,Lucas Soto,Everton,2,0
2026-06-08,Liga de Primera 2026,33,Claudio Sepúlveda,Huachipato,2,0
2026-06-08,Liga de Primera 2026,34,Mario Briceño,Huachipato,2,0
2026-06-08,Liga de Primera 2026,35,Arnaldo Castillo,O'Higgins,2,0
2026-06-08,Liga de Primera 2026,36,Martín Sarrafiore,O'Higgins,2,0
2026-06-08,Liga de Primera 2026,37,Javier Altamirano,Universidad de Chile,2,0
2026-06-08,Liga de Primera 2026,38,Fabián Hormazábal,Universidad de Chile,2,0
2026-06-08,Liga de Primera 2026,39,Diego Rubio,Deportes La Serena,1,3
2026-06-08,Liga de Primera 2026,40,Francisco González,O'Higgins,1,3
2026-06-08,Liga de Primera 2026,41,Julián Fernández,Palestino,1,3
2026-06-08,Liga de Primera 2026,42,Bryan Carvallo,Cobresal,1,2
2026-06-08,Liga de Primera 2026,43,Guillermo Pacheco,Cobresal,1,2
2026-06-08,Liga de Primera 2026,44,Maximiliano Rodríguez,Huachipato,1,2
2026-06-08,Liga de Primera 2026,45,Julián Brea,Cobresal,1,1
2026-06-08,Liga de Primera 2026,46,Yastin Cuevas,Colo-Colo,1,1
2026-06-08,Liga de Primera 2026,47,Luis Riveros,Coquimbo Unido,1,1
2026-06-08,Liga de Primera 2026,48,Leonardo Valencia,Deportes Concepción,1,1
2026-06-08,Liga de Primera 2026,49,Joaquín Montecinos,Deportes Limache,1,1
2026-06-08,Liga de Primera 2026,50,Marcos Arturia,Deportes Limache,1,1
2026-06-08,Liga de Primera 2026,51,Flavio Moya,Deportes Limache,1,1
2026-06-08,Liga de Primera 2026,52,Nicolás Vargas,Huachipato,1,1
2026-06-08,Liga de Primera 2026,53,Gabriel Graciani,Ñublense,1,1
2026-06-08,Liga de Primera 2026,54,Bryan Rabello,O'Higgins,1,1
2026-06-08,Liga de Primera 2026,55,Felipe Ogaz,O'Higgins,1,1
2026-06-08,Liga de Primera 2026,56,Martín Maturana,O'Higgins,1,1
2026-06-08,Liga de Primera 2026,57,Ian Garguez,Palestino,1,1
2026-06-08,Liga de Primera 2026,58,Sebastián Gallegos,Palestino,1,1
2026-06-08,Liga de Primera 2026,59,Martín Araya,Palestino,1,1
2026-06-08,Liga de Primera 2026,60,Jimmy Martínez,Universidad Católica,1,1
2026-06-08,Liga de Primera 2026,61,Agustín Arce,Universidad de Chile,1,1
2026-06-08,Liga de Primera 2026,62,Antonio Díaz,Universidad de Concepción,1,1
2026-06-08,Liga de Primera 2026,63,Cecilio Waterman,Universidad de Concepción,1,1
2026-06-08,Liga de Primera 2026,64,Diego Coelho,Audax Italiano,1,0
2026-06-08,Liga de Primera 2026,65,Rodrigo Cabral,Audax Italiano,1,0
2026-06-08,Liga de Primera 2026,66,Federico Mateos,Audax Italiano,1,0
2026-06-08,Liga de Primera 2026,67,Enzo Ferrario,Audax Italiano,1,0
2026-06-08,Liga de Primera 2026,68,Marco Collao,Audax Italiano,1,0
2026-06-08,Liga de Primera 2026,69,Agustín Nadruz,Cobresal,1,0
2026-06-08,Liga de Primera 2026,70,Benjamín Valenzuela,Cobresal,1,0
2026-06-08,Liga de Primera 2026,71,Javier Correa,Colo-Colo,1,0
2026-06-08,Liga de Primera 2026,72,Guido Vadalá,Coquimbo Unido,1,0
2026-06-08,Liga de Primera 2026,73,Nicolás Johansen,Coquimbo Unido,1,0
2026-06-08,Liga de Primera 2026,74,Manuel Fernández,Coquimbo Unido,1,0
2026-06-08,Liga de Primera 2026,75,Martín Mundaca,Coquimbo Unido,1,0
2026-06-08,Liga de Primera 2026,76,Fausto Grillo,Deportes Concepción,1,0
2026-06-08,Liga de Primera 2026,77,Joaquín Larrivey,Deportes Concepción,1,0
2026-06-08,Liga de Primera 2026,78,Jorge Henríquez,Deportes Concepción,1,0
2026-06-08,Liga de Primera 2026,79,Sebastián Díaz,Deportes La Serena,1,0
2026-06-08,Liga de Primera 2026,80,Lucas Alarcón,Deportes La Serena,1,0
2026-06-08,Liga de Primera 2026,81,Gonzalo Escalante,Deportes La Serena,1,0
2026-06-08,Liga de Primera 2026,82,Matías Marín,Deportes La Serena,1,0
2026-06-08,Liga de Primera 2026,83,Gonzalo Sosa,Deportes Limache,1,0
2026-06-08,Liga de Primera 2026,84,César Pinares,Deportes Limache,1,0
2026-06-08,Liga de Primera 2026,85,Renzo Malanca,Huachipato,1,0
2026-06-08,Liga de Primera 2026,86,Santiago Silva,Huachipato,1,0
2026-06-08,Liga de Primera 2026,87,Ignacio Tapia,Ñublense,1,0
2026-06-08,Liga de Primera 2026,88,Franco Rami,Ñublense,1,0
2026-06-08,Liga de Primera 2026,89,Diego Sanhueza,Ñublense,1,0
2026-06-08,Liga de Primera 2026,90,Diego Céspedes,Ñublense,1,0
2026-06-08,Liga de Primera 2026,91,Giovanny Ávalos,Ñublense,1,0
2026-06-08,Liga de Primera 2026,92,Lucas Molina,Ñublense,1,0
2026-06-08,Liga de Primera 2026,93,Miguel Brizuela,O'Higgins,1,0
2026-06-08,Liga de Primera 2026,94,Thiago Vecino,O'Higgins,1,0
2026-06-08,Liga de Primera 2026,95,Bastián Yáñez,O'Higgins,1,0
2026-06-08,Liga de Primera 2026,96,Ronnie Fernández,Palestino,1,0
2026-06-08,Liga de Primera 2026,97,Francisco Montes,Palestino,1,0
2026-06-08,Liga de Primera 2026,98,Vicente Espinoza,Palestino,1,0
2026-06-08,Liga de Primera 2026,99,César Munder,Palestino,1,0
2026-06-08,Liga de Primera 2026,100,Matías Campos López,Unión La Calera,1,0
2026-06-08,Liga de Primera 2026,101,Juan Ignacio Díaz,Universidad Católica,1,0
2026-06-08,Liga de Primera 2026,102,Nicolás Ramírez,Universidad de Chile,1,0
2026-06-08,Liga de Primera 2026,103,Matías Zaldivia,Universidad de Chile,1,0
2026-06-08,Liga de Primera 2026,104,Luis Rojas,Universidad de Concepción,1,0
2026-06-08,Liga de Primera 2026,105,Daniel Barrea,Universidad de Concepción,1,0
2026-06-08,Liga de Primera 2026,106,Agustín Urzi,Universidad de Concepción,1,0
2026-06-08,Liga de Primera 2026,107,Cristhofer Mesías,Universidad de Concepción,1,0
2026-06-08,Liga de Primera 2026,108,Jeison Fuentealba,Universidad de Concepción,1,0
2026-06-09,Liga de Primera 2026,1,Fernando Zampedri,Universidad Católica,11,1
2026-06-09,Liga de Primera 2026,2,Daniel Castro,Deportes Limache,6,2
2026-06-09,Liga de Primera 2026,3,Justo Giani,Universidad Católica,6,2
2026-06-09,Liga de Primera 2026,4,Nelson Da Silva,Palestino,5,1
2026-06-09,Liga de Primera 2026,5,Jean Meneses,Deportes Limache,4,5
2026-06-09,Liga de Primera 2026,6,Sebastián Sáez,Unión La Calera,4,1
2026-06-09,Liga de Primera 2026,7,Steffan Pino,Cobresal,4,0
2026-06-09,Liga de Primera 2026,8,Jeisson Vargas,Deportes La Serena,3,2
2026-06-09,Liga de Primera 2026,9,Giovani Chiaverano,Audax Italiano,3,1
2026-06-09,Liga de Primera 2026,10,Maximiliano Romero,Colo-Colo,3,1
2026-06-09,Liga de Primera 2026,11,Franco Troyansky,Audax Italiano,3,0
2026-06-09,Liga de Primera 2026,12,Maximiliano Gutiérrez,Huachipato,3,0
2026-06-09,Liga de Primera 2026,13,Cris Martínez,Huachipato,3,0
2026-06-09,Liga de Primera 2026,14,Ignacio Jeraldino,Ñublense,3,0
2026-06-09,Liga de Primera 2026,15,Matías Palavecino,Universidad Católica,2,4
2026-06-09,Liga de Primera 2026,16,Clemente Montes,Universidad Católica,2,2
2026-06-09,Liga de Primera 2026,17,Claudio Aquino,Colo-Colo,2,1
2026-06-09,Liga de Primera 2026,18,Cristián Zavala,Coquimbo Unido,2,1
2026-06-09,Liga de Primera 2026,19,Yerko González,Deportes Limache,2,1
2026-06-09,Liga de Primera 2026,20,Alan Medina,Everton,2,1
2026-06-09,Liga de Primera 2026,21,Lionel Altamirano,Huachipato,2,1
2026-06-09,Liga de Primera 2026,22,Kevin Méndez,Unión La Calera,2,1
2026-06-09,Liga de Primera 2026,23,Eduardo Vargas,Universidad de Chile,2,1
2026-06-09,Liga de Primera 2026,24,Maximiliano Guerrero,Universidad de Chile,2,1
2026-06-09,Liga de Primera 2026,25,Franco Frías,Cobresal,2,0
2026-06-09,Liga de Primera 2026,26,Álvaro Madrid,Colo-Colo,2,0
2026-06-09,Liga de Primera 2026,27,Alejandro Camargo,Coquimbo Unido,2,0
2026-06-09,Liga de Primera 2026,28,Alejandro Azócar,Coquimbo Unido,2,0
2026-06-09,Liga de Primera 2026,29,Felipe Chamorro,Deportes La Serena,2,0
2026-06-09,Liga de Primera 2026,30,Vicente Álvarez,Deportes Limache,2,0
2026-06-09,Liga de Primera 2026,31,Cristian Palacios,Everton,2,0
2026-06-09,Liga de Primera 2026,32,Lucas Soto,Everton,2,0
2026-06-09,Liga de Primera 2026,33,Claudio Sepúlveda,Huachipato,2,0
2026-06-09,Liga de Primera 2026,34,Mario Briceño,Huachipato,2,0
2026-06-09,Liga de Primera 2026,35,Arnaldo Castillo,O'Higgins,2,0
2026-06-09,Liga de Primera 2026,36,Martín Sarrafiore,O'Higgins,2,0
2026-06-09,Liga de Primera 2026,37,Javier Altamirano,Universidad de Chile,2,0
2026-06-09,Liga de Primera 2026,38,Fabián Hormazábal,Universidad de Chile,2,0
2026-06-09,Liga de Primera 2026,39,Diego Rubio,Deportes La Serena,1,3
2026-06-09,Liga de Primera 2026,40,Francisco González,O'Higgins,1,3
2026-06-09,Liga de Primera 2026,41,Julián Fernández,Palestino,1,3
2026-06-09,Liga de Primera 2026,42,Bryan Carvallo,Cobresal,1,2
2026-06-09,Liga de Primera 2026,43,Guillermo Pacheco,Cobresal,1,2
2026-06-09,Liga de Primera 2026,44,Maximiliano Rodríguez,Huachipato,1,2
2026-06-09,Liga de Primera 2026,45,Julián Brea,Cobresal,1,1
2026-06-09,Liga de Primera 2026,46,Yastin Cuevas,Colo-Colo,1,1
2026-06-09,Liga de Primera 2026,47,Luis Riveros,Coquimbo Unido,1,1
2026-06-09,Liga de Primera 2026,48,Leonardo Valencia,Deportes Concepción,1,1
2026-06-09,Liga de Primera 2026,49,Joaquín Montecinos,Deportes Limache,1,1
2026-06-09,Liga de Primera 2026,50,Marcos Arturia,Deportes Limache,1,1
2026-06-09,Liga de Primera 2026,51,Flavio Moya,Deportes Limache,1,1
2026-06-09,Liga de Primera 2026,52,Nicolás Vargas,Huachipato,1,1
2026-06-09,Liga de Primera 2026,53,Gabriel Graciani,Ñublense,1,1
2026-06-09,Liga de Primera 2026,54,Bryan Rabello,O'Higgins,1,1
2026-06-09,Liga de Primera 2026,55,Felipe Ogaz,O'Higgins,1,1
2026-06-09,Liga de Primera 2026,56,Martín Maturana,O'Higgins,1,1
2026-06-09,Liga de Primera 2026,57,Ian Garguez,Palestino,1,1
2026-06-09,Liga de Primera 2026,58,Sebastián Gallegos,Palestino,1,1
2026-06-09,Liga de Primera 2026,59,Martín Araya,Palestino,1,1
2026-06-09,Liga de Primera 2026,60,Jimmy Martínez,Universidad Católica,1,1
2026-06-09,Liga de Primera 2026,61,Agustín Arce,Universidad de Chile,1,1
2026-06-09,Liga de Primera 2026,62,Antonio Díaz,Universidad de Concepción,1,1
2026-06-09,Liga de Primera 2026,63,Cecilio Waterman,Universidad de Concepción,1,1
2026-06-09,Liga de Primera 2026,64,Diego Coelho,Audax Italiano,1,0
2026-06-09,Liga de Primera 2026,65,Rodrigo Cabral,Audax Italiano,1,0
2026-06-09,Liga de Primera 2026,66,Federico Mateos,Audax Italiano,1,0
2026-06-09,Liga de Primera 2026,67,Enzo Ferrario,Audax Italiano,1,0
2026-06-09,Liga de Primera 2026,68,Marco Collao,Audax Italiano,1,0
2026-06-09,Liga de Primera 2026,69,Agustín Nadruz,Cobresal,1,0
2026-06-09,Liga de Primera 2026,70,Benjamín Valenzuela,Cobresal,1,0
2026-06-09,Liga de Primera 2026,71,Javier Correa,Colo-Colo,1,0
2026-06-09,Liga de Primera 2026,72,Guido Vadalá,Coquimbo Unido,1,0
2026-06-09,Liga de Primera 2026,73,Nicolás Johansen,Coquimbo Unido,1,0
2026-06-09,Liga de Primera 2026,74,Manuel Fernández,Coquimbo Unido,1,0
2026-06-09,Liga de Primera 2026,75,Martín Mundaca,Coquimbo Unido,1,0
2026-06-09,Liga de Primera 2026,76,Fausto Grillo,Deportes Concepción,1,0
2026-06-09,Liga de Primera 2026,77,Joaquín Larrivey,Deportes Concepción,1,0
2026-06-09,Liga de Primera 2026,78,Jorge Henríquez,Deportes Concepción,1,0
2026-06-09,Liga de Primera 2026,79,Sebastián Díaz,Deportes La Serena,1,0
2026-06-09,Liga de Primera 2026,80,Lucas Alarcón,Deportes La Serena,1,0
2026-06-09,Liga de Primera 2026,81,Gonzalo Escalante,Deportes La Serena,1,0
2026-06-09,Liga de Primera 2026,82,Matías Marín,Deportes La Serena,1,0
2026-06-09,Liga de Primera 2026,83,Gonzalo Sosa,Deportes Limache,1,0
2026-06-09,Liga de Primera 2026,84,César Pinares,Deportes Limache,1,0
2026-06-09,Liga de Primera 2026,85,Renzo Malanca,Huachipato,1,0
2026-06-09,Liga de Primera 2026,86,Santiago Silva,Huachipato,1,0
2026-06-09,Liga de Primera 2026,87,Ignacio Tapia,Ñublense,1,0
2026-06-09,Liga de Primera 2026,88,Franco Rami,Ñublense,1,0
2026-06-09,Liga de Primera 2026,89,Diego Sanhueza,Ñublense,1,0
2026-06-09,Liga de Primera 2026,90,Diego Céspedes,Ñublense,1,0
2026-06-09,Liga de Primera 2026,91,Giovanny Ávalos,Ñublense,1,0
2026-06-09,Liga de Primera 2026,92,Lucas Molina,Ñublense,1,0
2026-06-09,Liga de Primera 2026,93,Miguel Brizuela,O'Higgins,1,0
2026-06-09,Liga de Primera 2026,94,Thiago Vecino,O'Higgins,1,0
2026-06-09,Liga de Primera 2026,95,Bastián Yáñez,O'Higgins,1,0
2026-06-09,Liga de Primera 2026,96,Ronnie Fernández,Palestino,1,0
2026-06-09,Liga de Primera 2026,97,Francisco Montes,Palestino,1,0
2026-06-09,Liga de Primera 2026,98,Vicente Espinoza,Palestino,1,0
2026-06-09,Liga de Primera 2026,99,César Munder,Palestino,1,0
2026-06-09,Liga de Primera 2026,100,Matías Campos López,Unión La Calera,1,0
2026-06-09,Liga de Primera 2026,101,Juan Ignacio Díaz,Universidad Católica,1,0
2026-06-09,Liga de Primera 2026,102,Nicolás Ramírez,Universidad de Chile,1,0
2026-06-09,Liga de Primera 2026,103,Matías Zaldivia,Universidad de Chile,1,0
2026-06-09,Liga de Primera 2026,104,Luis Rojas,Universidad de Concepción,1,0
2026-06-09,Liga de Primera 2026,105,Daniel Barrea,Universidad de Concepción,1,0
2026-06-09,Liga de Primera 2026,106,Agustín Urzi,Universidad de Concepción,1,0
2026-06-09,Liga de Primera 2026,107,Cristhofer Mesías,Universidad de Concepción,1,0
2026-06-09,Liga de Primera 2026,108,Jeison Fuentealba,Universidad de Concepción,1,0
2026-06-10,Liga de Primera 2026,1,Fernando Zampedri,Universidad Católica,11,1
2026-06-10,Liga de Primera 2026,2,Daniel Castro,Deportes Limache,6,2
2026-06-10,Liga de Primera 2026,3,Justo Giani,Universidad Católica,6,2
2026-06-10,Liga de Primera 2026,4,Nelson Da Silva,Palestino,5,1
2026-06-10,Liga de Primera 2026,5,Jean Meneses,Deportes Limache,4,5
2026-06-10,Liga de Primera 2026,6,Sebastián Sáez,Unión La Calera,4,1
2026-06-10,Liga de Primera 2026,7,Steffan Pino,Cobresal,4,0
2026-06-10,Liga de Primera 2026,8,Jeisson Vargas,Deportes La Serena,3,2
2026-06-10,Liga de Primera 2026,9,Giovani Chiaverano,Audax Italiano,3,1
2026-06-10,Liga de Primera 2026,10,Maximiliano Romero,Colo-Colo,3,1
2026-06-10,Liga de Primera 2026,11,Franco Troyansky,Audax Italiano,3,0
2026-06-10,Liga de Primera 2026,12,Maximiliano Gutiérrez,Huachipato,3,0
2026-06-10,Liga de Primera 2026,13,Cris Martínez,Huachipato,3,0
2026-06-10,Liga de Primera 2026,14,Ignacio Jeraldino,Ñublense,3,0
2026-06-10,Liga de Primera 2026,15,Matías Palavecino,Universidad Católica,2,4
2026-06-10,Liga de Primera 2026,16,Clemente Montes,Universidad Católica,2,2
2026-06-10,Liga de Primera 2026,17,Claudio Aquino,Colo-Colo,2,1
2026-06-10,Liga de Primera 2026,18,Cristián Zavala,Coquimbo Unido,2,1
2026-06-10,Liga de Primera 2026,19,Yerko González,Deportes Limache,2,1
2026-06-10,Liga de Primera 2026,20,Alan Medina,Everton,2,1
2026-06-10,Liga de Primera 2026,21,Lionel Altamirano,Huachipato,2,1
2026-06-10,Liga de Primera 2026,22,Kevin Méndez,Unión La Calera,2,1
2026-06-10,Liga de Primera 2026,23,Eduardo Vargas,Universidad de Chile,2,1
2026-06-10,Liga de Primera 2026,24,Maximiliano Guerrero,Universidad de Chile,2,1
2026-06-10,Liga de Primera 2026,25,Franco Frías,Cobresal,2,0
2026-06-10,Liga de Primera 2026,26,Álvaro Madrid,Colo-Colo,2,0
2026-06-10,Liga de Primera 2026,27,Alejandro Camargo,Coquimbo Unido,2,0
2026-06-10,Liga de Primera 2026,28,Alejandro Azócar,Coquimbo Unido,2,0
2026-06-10,Liga de Primera 2026,29,Felipe Chamorro,Deportes La Serena,2,0
2026-06-10,Liga de Primera 2026,30,Vicente Álvarez,Deportes Limache,2,0
2026-06-10,Liga de Primera 2026,31,Cristian Palacios,Everton,2,0
2026-06-10,Liga de Primera 2026,32,Lucas Soto,Everton,2,0
2026-06-10,Liga de Primera 2026,33,Claudio Sepúlveda,Huachipato,2,0
2026-06-10,Liga de Primera 2026,34,Mario Briceño,Huachipato,2,0
2026-06-10,Liga de Primera 2026,35,Arnaldo Castillo,O'Higgins,2,0
2026-06-10,Liga de Primera 2026,36,Martín Sarrafiore,O'Higgins,2,0
2026-06-10,Liga de Primera 2026,37,Javier Altamirano,Universidad de Chile,2,0
2026-06-10,Liga de Primera 2026,38,Fabián Hormazábal,Universidad de Chile,2,0
2026-06-10,Liga de Primera 2026,39,Diego Rubio,Deportes La Serena,1,3
2026-06-10,Liga de Primera 2026,40,Francisco González,O'Higgins,1,3
2026-06-10,Liga de Primera 2026,41,Julián Fernández,Palestino,1,3
2026-06-10,Liga de Primera 2026,42,Bryan Carvallo,Cobresal,1,2
2026-06-10,Liga de Primera 2026,43,Guillermo Pacheco,Cobresal,1,2
2026-06-10,Liga de Primera 2026,44,Maximiliano Rodríguez,Huachipato,1,2
2026-06-10,Liga de Primera 2026,45,Julián Brea,Cobresal,1,1
2026-06-10,Liga de Primera 2026,46,Yastin Cuevas,Colo-Colo,1,1
2026-06-10,Liga de Primera 2026,47,Luis Riveros,Coquimbo Unido,1,1
2026-06-10,Liga de Primera 2026,48,Leonardo Valencia,Deportes Concepción,1,1
2026-06-10,Liga de Primera 2026,49,Joaquín Montecinos,Deportes Limache,1,1
2026-06-10,Liga de Primera 2026,50,Marcos Arturia,Deportes Limache,1,1
2026-06-10,Liga de Primera 2026,51,Flavio Moya,Deportes Limache,1,1
2026-06-10,Liga de Primera 2026,52,Nicolás Vargas,Huachipato,1,1
2026-06-10,Liga de Primera 2026,53,Gabriel Graciani,Ñublense,1,1
2026-06-10,Liga de Primera 2026,54,Bryan Rabello,O'Higgins,1,1
2026-06-10,Liga de Primera 2026,55,Felipe Ogaz,O'Higgins,1,1
2026-06-10,Liga de Primera 2026,56,Martín Maturana,O'Higgins,1,1
2026-06-10,Liga de Primera 2026,57,Ian Garguez,Palestino,1,1
2026-06-10,Liga de Primera 2026,58,Sebastián Gallegos,Palestino,1,1
2026-06-10,Liga de Primera 2026,59,Martín Araya,Palestino,1,1
2026-06-10,Liga de Primera 2026,60,Jimmy Martínez,Universidad Católica,1,1
2026-06-10,Liga de Primera 2026,61,Agustín Arce,Universidad de Chile,1,1
2026-06-10,Liga de Primera 2026,62,Antonio Díaz,Universidad de Concepción,1,1
2026-06-10,Liga de Primera 2026,63,Cecilio Waterman,Universidad de Concepción,1,1
2026-06-10,Liga de Primera 2026,64,Diego Coelho,Audax Italiano,1,0
2026-06-10,Liga de Primera 2026,65,Rodrigo Cabral,Audax Italiano,1,0
2026-06-10,Liga de Primera 2026,66,Federico Mateos,Audax Italiano,1,0
2026-06-10,Liga de Primera 2026,67,Enzo Ferrario,Audax Italiano,1,0
2026-06-10,Liga de Primera 2026,68,Marco Collao,Audax Italiano,1,0
2026-06-10,Liga de Primera 2026,69,Agustín Nadruz,Cobresal,1,0
2026-06-10,Liga de Primera 2026,70,Benjamín Valenzuela,Cobresal,1,0
2026-06-10,Liga de Primera 2026,71,Javier Correa,Colo-Colo,1,0
2026-06-10,Liga de Primera 2026,72,Guido Vadalá,Coquimbo Unido,1,0
2026-06-10,Liga de Primera 2026,73,Nicolás Johansen,Coquimbo Unido,1,0
2026-06-10,Liga de Primera 2026,74,Manuel Fernández,Coquimbo Unido,1,0
2026-06-10,Liga de Primera 2026,75,Martín Mundaca,Coquimbo Unido,1,0
2026-06-10,Liga de Primera 2026,76,Fausto Grillo,Deportes Concepción,1,0
2026-06-10,Liga de Primera 2026,77,Joaquín Larrivey,Deportes Concepción,1,0
2026-06-10,Liga de Primera 2026,78,Jorge Henríquez,Deportes Concepción,1,0
2026-06-10,Liga de Primera 2026,79,Sebastián Díaz,Deportes La Serena,1,0
2026-06-10,Liga de Primera 2026,80,Lucas Alarcón,Deportes La Serena,1,0
2026-06-10,Liga de Primera 2026,81,Gonzalo Escalante,Deportes La Serena,1,0
2026-06-10,Liga de Primera 2026,82,Matías Marín,Deportes La Serena,1,0
2026-06-10,Liga de Primera 2026,83,Gonzalo Sosa,Deportes Limache,1,0
2026-06-10,Liga de Primera 2026,84,César Pinares,Deportes Limache,1,0
2026-06-10,Liga de Primera 2026,85,Renzo Malanca,Huachipato,1,0
2026-06-10,Liga de Primera 2026,86,Santiago Silva,Huachipato,1,0
2026-06-10,Liga de Primera 2026,87,Ignacio Tapia,Ñublense,1,0
2026-06-10,Liga de Primera 2026,88,Franco Rami,Ñublense,1,0
2026-06-10,Liga de Primera 2026,89,Diego Sanhueza,Ñublense,1,0
2026-06-10,Liga de Primera 2026,90,Diego Céspedes,Ñublense,1,0
2026-06-10,Liga de Primera 2026,91,Giovanny Ávalos,Ñublense,1,0
2026-06-10,Liga de Primera 2026,92,Lucas Molina,Ñublense,1,0
2026-06-10,Liga de Primera 2026,93,Miguel Brizuela,O'Higgins,1,0
2026-06-10,Liga de Primera 2026,94,Thiago Vecino,O'Higgins,1,0
2026-06-10,Liga de Primera 2026,95,Bastián Yáñez,O'Higgins,1,0
2026-06-10,Liga de Primera 2026,96,Ronnie Fernández,Palestino,1,0
2026-06-10,Liga de Primera 2026,97,Francisco Montes,Palestino,1,0
2026-06-10,Liga de Primera 2026,98,Vicente Espinoza,Palestino,1,0
2026-06-10,Liga de Primera 2026,99,César Munder,Palestino,1,0
2026-06-10,Liga de Primera 2026,100,Matías Campos López,Unión La Calera,1,0
2026-06-10,Liga de Primera 2026,101,Juan Ignacio Díaz,Universidad Católica,1,0
2026-06-10,Liga de Primera 2026,102,Nicolás Ramírez,Universidad de Chile,1,0
2026-06-10,Liga de Primera 2026,103,Matías Zaldivia,Universidad de Chile,1,0
2026-06-10,Liga de Primera 2026,104,Luis Rojas,Universidad de Concepción,1,0
2026-06-10,Liga de Primera 2026,105,Daniel Barrea,Universidad de Concepción,1,0
2026-06-10,Liga de Primera 2026,106,Agustín Urzi,Universidad de Concepción,1,0
2026-06-10,Liga de Primera 2026,107,Cristhofer Mesías,Universidad de Concepción,1,0
2026-06-10,Liga de Primera 2026,108,Jeison Fuentealba,Universidad de Concepción,1,0
2026-06-11,Liga de Primera 2026,1,Fernando Zampedri,Universidad Católica,11,1
2026-06-11,Liga de Primera 2026,2,Daniel Castro,Deportes Limache,6,2
2026-06-11,Liga de Primera 2026,3,Justo Giani,Universidad Católica,6,2
2026-06-11,Liga de Primera 2026,4,Nelson Da Silva,Palestino,5,1
2026-06-11,Liga de Primera 2026,5,Jean Meneses,Deportes Limache,4,5
2026-06-11,Liga de Primera 2026,6,Sebastián Sáez,Unión La Calera,4,1
2026-06-11,Liga de Primera 2026,7,Steffan Pino,Cobresal,4,0
2026-06-11,Liga de Primera 2026,8,Jeisson Vargas,Deportes La Serena,3,2
2026-06-11,Liga de Primera 2026,9,Giovani Chiaverano,Audax Italiano,3,1
2026-06-11,Liga de Primera 2026,10,Maximiliano Romero,Colo-Colo,3,1
2026-06-11,Liga de Primera 2026,11,Franco Troyansky,Audax Italiano,3,0
2026-06-11,Liga de Primera 2026,12,Maximiliano Gutiérrez,Huachipato,3,0
2026-06-11,Liga de Primera 2026,13,Cris Martínez,Huachipato,3,0
2026-06-11,Liga de Primera 2026,14,Ignacio Jeraldino,Ñublense,3,0
2026-06-11,Liga de Primera 2026,15,Matías Palavecino,Universidad Católica,2,4
2026-06-11,Liga de Primera 2026,16,Clemente Montes,Universidad Católica,2,2
2026-06-11,Liga de Primera 2026,17,Claudio Aquino,Colo-Colo,2,1
2026-06-11,Liga de Primera 2026,18,Cristián Zavala,Coquimbo Unido,2,1
2026-06-11,Liga de Primera 2026,19,Yerko González,Deportes Limache,2,1
2026-06-11,Liga de Primera 2026,20,Alan Medina,Everton,2,1
2026-06-11,Liga de Primera 2026,21,Lionel Altamirano,Huachipato,2,1
2026-06-11,Liga de Primera 2026,22,Kevin Méndez,Unión La Calera,2,1
2026-06-11,Liga de Primera 2026,23,Eduardo Vargas,Universidad de Chile,2,1
2026-06-11,Liga de Primera 2026,24,Maximiliano Guerrero,Universidad de Chile,2,1
2026-06-11,Liga de Primera 2026,25,Franco Frías,Cobresal,2,0
2026-06-11,Liga de Primera 2026,26,Álvaro Madrid,Colo-Colo,2,0
2026-06-11,Liga de Primera 2026,27,Alejandro Camargo,Coquimbo Unido,2,0
2026-06-11,Liga de Primera 2026,28,Alejandro Azócar,Coquimbo Unido,2,0
2026-06-11,Liga de Primera 2026,29,Felipe Chamorro,Deportes La Serena,2,0
2026-06-11,Liga de Primera 2026,30,Vicente Álvarez,Deportes Limache,2,0
2026-06-11,Liga de Primera 2026,31,Cristian Palacios,Everton,2,0
2026-06-11,Liga de Primera 2026,32,Lucas Soto,Everton,2,0
2026-06-11,Liga de Primera 2026,33,Claudio Sepúlveda,Huachipato,2,0
2026-06-11,Liga de Primera 2026,34,Mario Briceño,Huachipato,2,0
2026-06-11,Liga de Primera 2026,35,Arnaldo Castillo,O'Higgins,2,0
2026-06-11,Liga de Primera 2026,36,Martín Sarrafiore,O'Higgins,2,0
2026-06-11,Liga de Primera 2026,37,Javier Altamirano,Universidad de Chile,2,0
2026-06-11,Liga de Primera 2026,38,Fabián Hormazábal,Universidad de Chile,2,0
2026-06-11,Liga de Primera 2026,39,Diego Rubio,Deportes La Serena,1,3
2026-06-11,Liga de Primera 2026,40,Francisco González,O'Higgins,1,3
2026-06-11,Liga de Primera 2026,41,Julián Fernández,Palestino,1,3
2026-06-11,Liga de Primera 2026,42,Bryan Carvallo,Cobresal,1,2
2026-06-11,Liga de Primera 2026,43,Guillermo Pacheco,Cobresal,1,2
2026-06-11,Liga de Primera 2026,44,Maximiliano Rodríguez,Huachipato,1,2
2026-06-11,Liga de Primera 2026,45,Julián Brea,Cobresal,1,1
2026-06-11,Liga de Primera 2026,46,Yastin Cuevas,Colo-Colo,1,1
2026-06-11,Liga de Primera 2026,47,Luis Riveros,Coquimbo Unido,1,1
2026-06-11,Liga de Primera 2026,48,Leonardo Valencia,Deportes Concepción,1,1
2026-06-11,Liga de Primera 2026,49,Joaquín Montecinos,Deportes Limache,1,1
2026-06-11,Liga de Primera 2026,50,Marcos Arturia,Deportes Limache,1,1
2026-06-11,Liga de Primera 2026,51,Flavio Moya,Deportes Limache,1,1
2026-06-11,Liga de Primera 2026,52,Nicolás Vargas,Huachipato,1,1
2026-06-11,Liga de Primera 2026,53,Gabriel Graciani,Ñublense,1,1
2026-06-11,Liga de Primera 2026,54,Bryan Rabello,O'Higgins,1,1
2026-06-11,Liga de Primera 2026,55,Felipe Ogaz,O'Higgins,1,1
2026-06-11,Liga de Primera 2026,56,Martín Maturana,O'Higgins,1,1
2026-06-11,Liga de Primera 2026,57,Ian Garguez,Palestino,1,1
2026-06-11,Liga de Primera 2026,58,Sebastián Gallegos,Palestino,1,1
2026-06-11,Liga de Primera 2026,59,Martín Araya,Palestino,1,1
2026-06-11,Liga de Primera 2026,60,Jimmy Martínez,Universidad Católica,1,1
2026-06-11,Liga de Primera 2026,61,Agustín Arce,Universidad de Chile,1,1
2026-06-11,Liga de Primera 2026,62,Antonio Díaz,Universidad de Concepción,1,1
2026-06-11,Liga de Primera 2026,63,Cecilio Waterman,Universidad de Concepción,1,1
2026-06-11,Liga de Primera 2026,64,Diego Coelho,Audax Italiano,1,0
2026-06-11,Liga de Primera 2026,65,Rodrigo Cabral,Audax Italiano,1,0
2026-06-11,Liga de Primera 2026,66,Federico Mateos,Audax Italiano,1,0
2026-06-11,Liga de Primera 2026,67,Enzo Ferrario,Audax Italiano,1,0
2026-06-11,Liga de Primera 2026,68,Marco Collao,Audax Italiano,1,0
2026-06-11,Liga de Primera 2026,69,Agustín Nadruz,Cobresal,1,0
2026-06-11,Liga de Primera 2026,70,Benjamín Valenzuela,Cobresal,1,0
2026-06-11,Liga de Primera 2026,71,Javier Correa,Colo-Colo,1,0
2026-06-11,Liga de Primera 2026,72,Guido Vadalá,Coquimbo Unido,1,0
2026-06-11,Liga de Primera 2026,73,Nicolás Johansen,Coquimbo Unido,1,0
2026-06-11,Liga de Primera 2026,74,Manuel Fernández,Coquimbo Unido,1,0
2026-06-11,Liga de Primera 2026,75,Martín Mundaca,Coquimbo Unido,1,0
2026-06-11,Liga de Primera 2026,76,Fausto Grillo,Deportes Concepción,1,0
2026-06-11,Liga de Primera 2026,77,Joaquín Larrivey,Deportes Concepción,1,0
2026-06-11,Liga de Primera 2026,78,Jorge Henríquez,Deportes Concepción,1,0
2026-06-11,Liga de Primera 2026,79,Sebastián Díaz,Deportes La Serena,1,0
2026-06-11,Liga de Primera 2026,80,Lucas Alarcón,Deportes La Serena,1,0
2026-06-11,Liga de Primera 2026,81,Gonzalo Escalante,Deportes La Serena,1,0
2026-06-11,Liga de Primera 2026,82,Matías Marín,Deportes La Serena,1,0
2026-06-11,Liga de Primera 2026,83,Gonzalo Sosa,Deportes Limache,1,0
2026-06-11,Liga de Primera 2026,84,César Pinares,Deportes Limache,1,0
2026-06-11,Liga de Primera 2026,85,Renzo Malanca,Huachipato,1,0
2026-06-11,Liga de Primera 2026,86,Santiago Silva,Huachipato,1,0
2026-06-11,Liga de Primera 2026,87,Ignacio Tapia,Ñublense,1,0
2026-06-11,Liga de Primera 2026,88,Franco Rami,Ñublense,1,0
2026-06-11,Liga de Primera 2026,89,Diego Sanhueza,Ñublense,1,0
2026-06-11,Liga de Primera 2026,90,Diego Céspedes,Ñublense,1,0
2026-06-11,Liga de Primera 2026,91,Giovanny Ávalos,Ñublense,1,0
2026-06-11,Liga de Primera 2026,92,Lucas Molina,Ñublense,1,0
2026-06-11,Liga de Primera 2026,93,Miguel Brizuela,O'Higgins,1,0
2026-06-11,Liga de Primera 2026,94,Thiago Vecino,O'Higgins,1,0
2026-06-11,Liga de Primera 2026,95,Bastián Yáñez,O'Higgins,1,0
2026-06-11,Liga de Primera 2026,96,Ronnie Fernández,Palestino,1,0
2026-06-11,Liga de Primera 2026,97,Francisco Montes,Palestino,1,0
2026-06-11,Liga de Primera 2026,98,Vicente Espinoza,Palestino,1,0
2026-06-11,Liga de Primera 2026,99,César Munder,Palestino,1,0
2026-06-11,Liga de Primera 2026,100,Matías Campos López,Unión La Calera,1,0
2026-06-11,Liga de Primera 2026,101,Juan Ignacio Díaz,Universidad Católica,1,0
2026-06-11,Liga de Primera 2026,102,Nicolás Ramírez,Universidad de Chile,1,0
2026-06-11,Liga de Primera 2026,103,Matías Zaldivia,Universidad de Chile,1,0
2026-06-11,Liga de Primera 2026,104,Luis Rojas,Universidad de Concepción,1,0
2026-06-11,Liga de Primera 2026,105,Daniel Barrea,Universidad de Concepción,1,0
2026-06-11,Liga de Primera 2026,106,Agustín Urzi,Universidad de Concepción,1,0
2026-06-11,Liga de Primera 2026,107,Cristhofer Mesías,Universidad de Concepción,1,0
2026-06-11,Liga de Primera 2026,108,Jeison Fuentealba,Universidad de Concepción,1,0
2026-06-12,Liga de Primera 2026,1,Fernando Zampedri,Universidad Católica,11,1
2026-06-12,Liga de Primera 2026,2,Daniel Castro,Deportes Limache,6,2
2026-06-12,Liga de Primera 2026,3,Justo Giani,Universidad Católica,6,2
2026-06-12,Liga de Primera 2026,4,Nelson Da Silva,Palestino,5,1
2026-06-12,Liga de Primera 2026,5,Jean Meneses,Deportes Limache,4,5
2026-06-12,Liga de Primera 2026,6,Sebastián Sáez,Unión La Calera,4,1
2026-06-12,Liga de Primera 2026,7,Steffan Pino,Cobresal,4,0
2026-06-12,Liga de Primera 2026,8,Jeisson Vargas,Deportes La Serena,3,2
2026-06-12,Liga de Primera 2026,9,Giovani Chiaverano,Audax Italiano,3,1
2026-06-12,Liga de Primera 2026,10,Maximiliano Romero,Colo-Colo,3,1
2026-06-12,Liga de Primera 2026,11,Franco Troyansky,Audax Italiano,3,0
2026-06-12,Liga de Primera 2026,12,Maximiliano Gutiérrez,Huachipato,3,0
2026-06-12,Liga de Primera 2026,13,Cris Martínez,Huachipato,3,0
2026-06-12,Liga de Primera 2026,14,Ignacio Jeraldino,Ñublense,3,0
2026-06-12,Liga de Primera 2026,15,Matías Palavecino,Universidad Católica,2,4
2026-06-12,Liga de Primera 2026,16,Clemente Montes,Universidad Católica,2,2
2026-06-12,Liga de Primera 2026,17,Claudio Aquino,Colo-Colo,2,1
2026-06-12,Liga de Primera 2026,18,Cristián Zavala,Coquimbo Unido,2,1
2026-06-12,Liga de Primera 2026,19,Yerko González,Deportes Limache,2,1
2026-06-12,Liga de Primera 2026,20,Alan Medina,Everton,2,1
2026-06-12,Liga de Primera 2026,21,Lionel Altamirano,Huachipato,2,1
2026-06-12,Liga de Primera 2026,22,Kevin Méndez,Unión La Calera,2,1
2026-06-12,Liga de Primera 2026,23,Eduardo Vargas,Universidad de Chile,2,1
2026-06-12,Liga de Primera 2026,24,Maximiliano Guerrero,Universidad de Chile,2,1
2026-06-12,Liga de Primera 2026,25,Franco Frías,Cobresal,2,0
2026-06-12,Liga de Primera 2026,26,Álvaro Madrid,Colo-Colo,2,0
2026-06-12,Liga de Primera 2026,27,Alejandro Camargo,Coquimbo Unido,2,0
2026-06-12,Liga de Primera 2026,28,Alejandro Azócar,Coquimbo Unido,2,0
2026-06-12,Liga de Primera 2026,29,Felipe Chamorro,Deportes La Serena,2,0
2026-06-12,Liga de Primera 2026,30,Vicente Álvarez,Deportes Limache,2,0
2026-06-12,Liga de Primera 2026,31,Cristian Palacios,Everton,2,0
2026-06-12,Liga de Primera 2026,32,Lucas Soto,Everton,2,0
2026-06-12,Liga de Primera 2026,33,Claudio Sepúlveda,Huachipato,2,0
2026-06-12,Liga de Primera 2026,34,Mario Briceño,Huachipato,2,0
2026-06-12,Liga de Primera 2026,35,Arnaldo Castillo,O'Higgins,2,0
2026-06-12,Liga de Primera 2026,36,Martín Sarrafiore,O'Higgins,2,0
2026-06-12,Liga de Primera 2026,37,Javier Altamirano,Universidad de Chile,2,0
2026-06-12,Liga de Primera 2026,38,Fabián Hormazábal,Universidad de Chile,2,0
2026-06-12,Liga de Primera 2026,39,Diego Rubio,Deportes La Serena,1,3
2026-06-12,Liga de Primera 2026,40,Francisco González,O'Higgins,1,3
2026-06-12,Liga de Primera 2026,41,Julián Fernández,Palestino,1,3
2026-06-12,Liga de Primera 2026,42,Bryan Carvallo,Cobresal,1,2
2026-06-12,Liga de Primera 2026,43,Guillermo Pacheco,Cobresal,1,2
2026-06-12,Liga de Primera 2026,44,Maximiliano Rodríguez,Huachipato,1,2
2026-06-12,Liga de Primera 2026,45,Julián Brea,Cobresal,1,1
2026-06-12,Liga de Primera 2026,46,Yastin Cuevas,Colo-Colo,1,1
2026-06-12,Liga de Primera 2026,47,Luis Riveros,Coquimbo Unido,1,1
2026-06-12,Liga de Primera 2026,48,Leonardo Valencia,Deportes Concepción,1,1
2026-06-12,Liga de Primera 2026,49,Joaquín Montecinos,Deportes Limache,1,1
2026-06-12,Liga de Primera 2026,50,Marcos Arturia,Deportes Limache,1,1
2026-06-12,Liga de Primera 2026,51,Flavio Moya,Deportes Limache,1,1
2026-06-12,Liga de Primera 2026,52,Nicolás Vargas,Huachipato,1,1
2026-06-12,Liga de Primera 2026,53,Gabriel Graciani,Ñublense,1,1
2026-06-12,Liga de Primera 2026,54,Bryan Rabello,O'Higgins,1,1
2026-06-12,Liga de Primera 2026,55,Felipe Ogaz,O'Higgins,1,1
2026-06-12,Liga de Primera 2026,56,Martín Maturana,O'Higgins,1,1
2026-06-12,Liga de Primera 2026,57,Ian Garguez,Palestino,1,1
2026-06-12,Liga de Primera 2026,58,Sebastián Gallegos,Palestino,1,1
2026-06-12,Liga de Primera 2026,59,Martín Araya,Palestino,1,1
2026-06-12,Liga de Primera 2026,60,Jimmy Martínez,Universidad Católica,1,1
2026-06-12,Liga de Primera 2026,61,Agustín Arce,Universidad de Chile,1,1
2026-06-12,Liga de Primera 2026,62,Antonio Díaz,Universidad de Concepción,1,1
2026-06-12,Liga de Primera 2026,63,Cecilio Waterman,Universidad de Concepción,1,1
2026-06-12,Liga de Primera 2026,64,Diego Coelho,Audax Italiano,1,0
2026-06-12,Liga de Primera 2026,65,Rodrigo Cabral,Audax Italiano,1,0
2026-06-12,Liga de Primera 2026,66,Federico Mateos,Audax Italiano,1,0
2026-06-12,Liga de Primera 2026,67,Enzo Ferrario,Audax Italiano,1,0
2026-06-12,Liga de Primera 2026,68,Marco Collao,Audax Italiano,1,0
2026-06-12,Liga de Primera 2026,69,Agustín Nadruz,Cobresal,1,0
2026-06-12,Liga de Primera 2026,70,Benjamín Valenzuela,Cobresal,1,0
2026-06-12,Liga de Primera 2026,71,Javier Correa,Colo-Colo,1,0
2026-06-12,Liga de Primera 2026,72,Guido Vadalá,Coquimbo Unido,1,0
2026-06-12,Liga de Primera 2026,73,Nicolás Johansen,Coquimbo Unido,1,0
2026-06-12,Liga de Primera 2026,74,Manuel Fernández,Coquimbo Unido,1,0
2026-06-12,Liga de Primera 2026,75,Martín Mundaca,Coquimbo Unido,1,0
2026-06-12,Liga de Primera 2026,76,Fausto Grillo,Deportes Concepción,1,0
2026-06-12,Liga de Primera 2026,77,Joaquín Larrivey,Deportes Concepción,1,0
2026-06-12,Liga de Primera 2026,78,Jorge Henríquez,Deportes Concepción,1,0
2026-06-12,Liga de Primera 2026,79,Sebastián Díaz,Deportes La Serena,1,0
2026-06-12,Liga de Primera 2026,80,Lucas Alarcón,Deportes La Serena,1,0
2026-06-12,Liga de Primera 2026,81,Gonzalo Escalante,Deportes La Serena,1,0
2026-06-12,Liga de Primera 2026,82,Matías Marín,Deportes La Serena,1,0
2026-06-12,Liga de Primera 2026,83,Gonzalo Sosa,Deportes Limache,1,0
2026-06-12,Liga de Primera 2026,84,César Pinares,Deportes Limache,1,0
2026-06-12,Liga de Primera 2026,85,Renzo Malanca,Huachipato,1,0
2026-06-12,Liga de Primera 2026,86,Santiago Silva,Huachipato,1,0
2026-06-12,Liga de Primera 2026,87,Ignacio Tapia,Ñublense,1,0
2026-06-12,Liga de Primera 2026,88,Franco Rami,Ñublense,1,0
2026-06-12,Liga de Primera 2026,89,Diego Sanhueza,Ñublense,1,0
2026-06-12,Liga de Primera 2026,90,Diego Céspedes,Ñublense,1,0
2026-06-12,Liga de Primera 2026,91,Giovanny Ávalos,Ñublense,1,0
2026-06-12,Liga de Primera 2026,92,Lucas Molina,Ñublense,1,0
2026-06-12,Liga de Primera 2026,93,Miguel Brizuela,O'Higgins,1,0
2026-06-12,Liga de Primera 2026,94,Thiago Vecino,O'Higgins,1,0
2026-06-12,Liga de Primera 2026,95,Bastián Yáñez,O'Higgins,1,0
2026-06-12,Liga de Primera 2026,96,Ronnie Fernández,Palestino,1,0
2026-06-12,Liga de Primera 2026,97,Francisco Montes,Palestino,1,0
2026-06-12,Liga de Primera 2026,98,Vicente Espinoza,Palestino,1,0
2026-06-12,Liga de Primera 2026,99,César Munder,Palestino,1,0
2026-06-12,Liga de Primera 2026,100,Matías Campos López,Unión La Calera,1,0
2026-06-12,Liga de Primera 2026,101,Juan Ignacio Díaz,Universidad Católica,1,0
2026-06-12,Liga de Primera 2026,102,Nicolás Ramírez,Universidad de Chile,1,0
2026-06-12,Liga de Primera 2026,103,Matías Zaldivia,Universidad de Chile,1,0
2026-06-12,Liga de Primera 2026,104,Luis Rojas,Universidad de Concepción,1,0
2026-06-12,Liga de Primera 2026,105,Daniel Barrea,Universidad de Concepción,1,0
2026-06-12,Liga de Primera 2026,106,Agustín Urzi,Universidad de Concepción,1,0
2026-06-12,Liga de Primera 2026,107,Cristhofer Mesías,Universidad de Concepción,1,0
2026-06-12,Liga de Primera 2026,108,Jeison Fuentealba,Universidad de Concepción,1,0
2026-06-13,Liga de Primera 2026,1,Fernando Zampedri,Universidad Católica,11,1
2026-06-13,Liga de Primera 2026,2,Daniel Castro,Deportes Limache,6,2
2026-06-13,Liga de Primera 2026,3,Justo Giani,Universidad Católica,6,2
2026-06-13,Liga de Primera 2026,4,Nelson Da Silva,Palestino,5,1
2026-06-13,Liga de Primera 2026,5,Jean Meneses,Deportes Limache,4,5
2026-06-13,Liga de Primera 2026,6,Sebastián Sáez,Unión La Calera,4,1
2026-06-13,Liga de Primera 2026,7,Steffan Pino,Cobresal,4,0
2026-06-13,Liga de Primera 2026,8,Jeisson Vargas,Deportes La Serena,3,2
2026-06-13,Liga de Primera 2026,9,Giovani Chiaverano,Audax Italiano,3,1
2026-06-13,Liga de Primera 2026,10,Maximiliano Romero,Colo-Colo,3,1
2026-06-13,Liga de Primera 2026,11,Franco Troyansky,Audax Italiano,3,0
2026-06-13,Liga de Primera 2026,12,Maximiliano Gutiérrez,Huachipato,3,0
2026-06-13,Liga de Primera 2026,13,Cris Martínez,Huachipato,3,0
2026-06-13,Liga de Primera 2026,14,Ignacio Jeraldino,Ñublense,3,0
2026-06-13,Liga de Primera 2026,15,Matías Palavecino,Universidad Católica,2,4
2026-06-13,Liga de Primera 2026,16,Clemente Montes,Universidad Católica,2,2
2026-06-13,Liga de Primera 2026,17,Claudio Aquino,Colo-Colo,2,1
2026-06-13,Liga de Primera 2026,18,Cristián Zavala,Coquimbo Unido,2,1
2026-06-13,Liga de Primera 2026,19,Yerko González,Deportes Limache,2,1
2026-06-13,Liga de Primera 2026,20,Alan Medina,Everton,2,1
2026-06-13,Liga de Primera 2026,21,Lionel Altamirano,Huachipato,2,1
2026-06-13,Liga de Primera 2026,22,Kevin Méndez,Unión La Calera,2,1
2026-06-13,Liga de Primera 2026,23,Eduardo Vargas,Universidad de Chile,2,1
2026-06-13,Liga de Primera 2026,24,Maximiliano Guerrero,Universidad de Chile,2,1
2026-06-13,Liga de Primera 2026,25,Franco Frías,Cobresal,2,0
2026-06-13,Liga de Primera 2026,26,Álvaro Madrid,Colo-Colo,2,0
2026-06-13,Liga de Primera 2026,27,Alejandro Camargo,Coquimbo Unido,2,0
2026-06-13,Liga de Primera 2026,28,Alejandro Azócar,Coquimbo Unido,2,0
2026-06-13,Liga de Primera 2026,29,Felipe Chamorro,Deportes La Serena,2,0
2026-06-13,Liga de Primera 2026,30,Vicente Álvarez,Deportes Limache,2,0
2026-06-13,Liga de Primera 2026,31,Cristian Palacios,Everton,2,0
2026-06-13,Liga de Primera 2026,32,Lucas Soto,Everton,2,0
2026-06-13,Liga de Primera 2026,33,Claudio Sepúlveda,Huachipato,2,0
2026-06-13,Liga de Primera 2026,34,Mario Briceño,Huachipato,2,0
2026-06-13,Liga de Primera 2026,35,Arnaldo Castillo,O'Higgins,2,0
2026-06-13,Liga de Primera 2026,36,Martín Sarrafiore,O'Higgins,2,0
2026-06-13,Liga de Primera 2026,37,Javier Altamirano,Universidad de Chile,2,0
2026-06-13,Liga de Primera 2026,38,Fabián Hormazábal,Universidad de Chile,2,0
2026-06-13,Liga de Primera 2026,39,Diego Rubio,Deportes La Serena,1,3
2026-06-13,Liga de Primera 2026,40,Francisco González,O'Higgins,1,3
2026-06-13,Liga de Primera 2026,41,Julián Fernández,Palestino,1,3
2026-06-13,Liga de Primera 2026,42,Bryan Carvallo,Cobresal,1,2
2026-06-13,Liga de Primera 2026,43,Guillermo Pacheco,Cobresal,1,2
2026-06-13,Liga de Primera 2026,44,Maximiliano Rodríguez,Huachipato,1,2
2026-06-13,Liga de Primera 2026,45,Julián Brea,Cobresal,1,1
2026-06-13,Liga de Primera 2026,46,Yastin Cuevas,Colo-Colo,1,1
2026-06-13,Liga de Primera 2026,47,Luis Riveros,Coquimbo Unido,1,1
2026-06-13,Liga de Primera 2026,48,Leonardo Valencia,Deportes Concepción,1,1
2026-06-13,Liga de Primera 2026,49,Joaquín Montecinos,Deportes Limache,1,1
2026-06-13,Liga de Primera 2026,50,Marcos Arturia,Deportes Limache,1,1
2026-06-13,Liga de Primera 2026,51,Flavio Moya,Deportes Limache,1,1
2026-06-13,Liga de Primera 2026,52,Nicolás Vargas,Huachipato,1,1
2026-06-13,Liga de Primera 2026,53,Gabriel Graciani,Ñublense,1,1
2026-06-13,Liga de Primera 2026,54,Bryan Rabello,O'Higgins,1,1
2026-06-13,Liga de Primera 2026,55,Felipe Ogaz,O'Higgins,1,1
2026-06-13,Liga de Primera 2026,56,Martín Maturana,O'Higgins,1,1
2026-06-13,Liga de Primera 2026,57,Ian Garguez,Palestino,1,1
2026-06-13,Liga de Primera 2026,58,Sebastián Gallegos,Palestino,1,1
2026-06-13,Liga de Primera 2026,59,Martín Araya,Palestino,1,1
2026-06-13,Liga de Primera 2026,60,Jimmy Martínez,Universidad Católica,1,1
2026-06-13,Liga de Primera 2026,61,Agustín Arce,Universidad de Chile,1,1
2026-06-13,Liga de Primera 2026,62,Antonio Díaz,Universidad de Concepción,1,1
2026-06-13,Liga de Primera 2026,63,Cecilio Waterman,Universidad de Concepción,1,1
2026-06-13,Liga de Primera 2026,64,Diego Coelho,Audax Italiano,1,0
2026-06-13,Liga de Primera 2026,65,Rodrigo Cabral,Audax Italiano,1,0
2026-06-13,Liga de Primera 2026,66,Federico Mateos,Audax Italiano,1,0
2026-06-13,Liga de Primera 2026,67,Enzo Ferrario,Audax Italiano,1,0
2026-06-13,Liga de Primera 2026,68,Marco Collao,Audax Italiano,1,0
2026-06-13,Liga de Primera 2026,69,Agustín Nadruz,Cobresal,1,0
2026-06-13,Liga de Primera 2026,70,Benjamín Valenzuela,Cobresal,1,0
2026-06-13,Liga de Primera 2026,71,Javier Correa,Colo-Colo,1,0
2026-06-13,Liga de Primera 2026,72,Guido Vadalá,Coquimbo Unido,1,0
2026-06-13,Liga de Primera 2026,73,Nicolás Johansen,Coquimbo Unido,1,0
2026-06-13,Liga de Primera 2026,74,Manuel Fernández,Coquimbo Unido,1,0
2026-06-13,Liga de Primera 2026,75,Martín Mundaca,Coquimbo Unido,1,0
2026-06-13,Liga de Primera 2026,76,Fausto Grillo,Deportes Concepción,1,0
2026-06-13,Liga de Primera 2026,77,Joaquín Larrivey,Deportes Concepción,1,0
2026-06-13,Liga de Primera 2026,78,Jorge Henríquez,Deportes Concepción,1,0
2026-06-13,Liga de Primera 2026,79,Sebastián Díaz,Deportes La Serena,1,0
2026-06-13,Liga de Primera 2026,80,Lucas Alarcón,Deportes La Serena,1,0
2026-06-13,Liga de Primera 2026,81,Gonzalo Escalante,Deportes La Serena,1,0
2026-06-13,Liga de Primera 2026,82,Matías Marín,Deportes La Serena,1,0
2026-06-13,Liga de Primera 2026,83,Gonzalo Sosa,Deportes Limache,1,0
2026-06-13,Liga de Primera 2026,84,César Pinares,Deportes Limache,1,0
2026-06-13,Liga de Primera 2026,85,Renzo Malanca,Huachipato,1,0
2026-06-13,Liga de Primera 2026,86,Santiago Silva,Huachipato,1,0
2026-06-13,Liga de Primera 2026,87,Ignacio Tapia,Ñublense,1,0
2026-06-13,Liga de Primera 2026,88,Franco Rami,Ñublense,1,0
2026-06-13,Liga de Primera 2026,89,Diego Sanhueza,Ñublense,1,0
2026-06-13,Liga de Primera 2026,90,Diego Céspedes,Ñublense,1,0
2026-06-13,Liga de Primera 2026,91,Giovanny Ávalos,Ñublense,1,0
2026-06-13,Liga de Primera 2026,92,Lucas Molina,Ñublense,1,0
2026-06-13,Liga de Primera 2026,93,Miguel Brizuela,O'Higgins,1,0
2026-06-13,Liga de Primera 2026,94,Thiago Vecino,O'Higgins,1,0
2026-06-13,Liga de Primera 2026,95,Bastián Yáñez,O'Higgins,1,0
2026-06-13,Liga de Primera 2026,96,Ronnie Fernández,Palestino,1,0
2026-06-13,Liga de Primera 2026,97,Francisco Montes,Palestino,1,0
2026-06-13,Liga de Primera 2026,98,Vicente Espinoza,Palestino,1,0
2026-06-13,Liga de Primera 2026,99,César Munder,Palestino,1,0
2026-06-13,Liga de Primera 2026,100,Matías Campos López,Unión La Calera,1,0
2026-06-13,Liga de Primera 2026,101,Juan Ignacio Díaz,Universidad Católica,1,0
2026-06-13,Liga de Primera 2026,102,Nicolás Ramírez,Universidad de Chile,1,0
2026-06-13,Liga de Primera 2026,103,Matías Zaldivia,Universidad de Chile,1,0
2026-06-13,Liga de Primera 2026,104,Luis Rojas,Universidad de Concepción,1,0
2026-06-13,Liga de Primera 2026,105,Daniel Barrea,Universidad de Concepción,1,0
2026-06-13,Liga de Primera 2026,106,Agustín Urzi,Universidad de Concepción,1,0
2026-06-13,Liga de Primera 2026,107,Cristhofer Mesías,Universidad de Concepción,1,0
2026-06-13,Liga de Primera 2026,108,Jeison Fuentealba,Universidad de Concepción,1,0
2026-06-14,Liga de Primera 2026,1,Fernando Zampedri,Universidad Católica,11,1
2026-06-14,Liga de Primera 2026,2,Daniel Castro,Deportes Limache,6,2
2026-06-14,Liga de Primera 2026,3,Justo Giani,Universidad Católica,6,2
2026-06-14,Liga de Primera 2026,4,Nelson Da Silva,Palestino,5,1
2026-06-14,Liga de Primera 2026,5,Jean Meneses,Deportes Limache,4,5
2026-06-14,Liga de Primera 2026,6,Sebastián Sáez,Unión La Calera,4,1
2026-06-14,Liga de Primera 2026,7,Steffan Pino,Cobresal,4,0
2026-06-14,Liga de Primera 2026,8,Jeisson Vargas,Deportes La Serena,3,2
2026-06-14,Liga de Primera 2026,9,Giovani Chiaverano,Audax Italiano,3,1
2026-06-14,Liga de Primera 2026,10,Maximiliano Romero,Colo-Colo,3,1
2026-06-14,Liga de Primera 2026,11,Franco Troyansky,Audax Italiano,3,0
2026-06-14,Liga de Primera 2026,12,Maximiliano Gutiérrez,Huachipato,3,0
2026-06-14,Liga de Primera 2026,13,Cris Martínez,Huachipato,3,0
2026-06-14,Liga de Primera 2026,14,Ignacio Jeraldino,Ñublense,3,0
2026-06-14,Liga de Primera 2026,15,Matías Palavecino,Universidad Católica,2,4
2026-06-14,Liga de Primera 2026,16,Clemente Montes,Universidad Católica,2,2
2026-06-14,Liga de Primera 2026,17,Claudio Aquino,Colo-Colo,2,1
2026-06-14,Liga de Primera 2026,18,Cristián Zavala,Coquimbo Unido,2,1
2026-06-14,Liga de Primera 2026,19,Yerko González,Deportes Limache,2,1
2026-06-14,Liga de Primera 2026,20,Alan Medina,Everton,2,1
2026-06-14,Liga de Primera 2026,21,Lionel Altamirano,Huachipato,2,1
2026-06-14,Liga de Primera 2026,22,Kevin Méndez,Unión La Calera,2,1
2026-06-14,Liga de Primera 2026,23,Eduardo Vargas,Universidad de Chile,2,1
2026-06-14,Liga de Primera 2026,24,Maximiliano Guerrero,Universidad de Chile,2,1
2026-06-14,Liga de Primera 2026,25,Franco Frías,Cobresal,2,0
2026-06-14,Liga de Primera 2026,26,Álvaro Madrid,Colo-Colo,2,0
2026-06-14,Liga de Primera 2026,27,Alejandro Camargo,Coquimbo Unido,2,0
2026-06-14,Liga de Primera 2026,28,Alejandro Azócar,Coquimbo Unido,2,0
2026-06-14,Liga de Primera 2026,29,Felipe Chamorro,Deportes La Serena,2,0
2026-06-14,Liga de Primera 2026,30,Vicente Álvarez,Deportes Limache,2,0
2026-06-14,Liga de Primera 2026,31,Cristian Palacios,Everton,2,0
2026-06-14,Liga de Primera 2026,32,Lucas Soto,Everton,2,0
2026-06-14,Liga de Primera 2026,33,Claudio Sepúlveda,Huachipato,2,0
2026-06-14,Liga de Primera 2026,34,Mario Briceño,Huachipato,2,0
2026-06-14,Liga de Primera 2026,35,Arnaldo Castillo,O'Higgins,2,0
2026-06-14,Liga de Primera 2026,36,Martín Sarrafiore,O'Higgins,2,0
2026-06-14,Liga de Primera 2026,37,Javier Altamirano,Universidad de Chile,2,0
2026-06-14,Liga de Primera 2026,38,Fabián Hormazábal,Universidad de Chile,2,0
2026-06-14,Liga de Primera 2026,39,Diego Rubio,Deportes La Serena,1,3
2026-06-14,Liga de Primera 2026,40,Francisco González,O'Higgins,1,3
2026-06-14,Liga de Primera 2026,41,Julián Fernández,Palestino,1,3
2026-06-14,Liga de Primera 2026,42,Bryan Carvallo,Cobresal,1,2
2026-06-14,Liga de Primera 2026,43,Guillermo Pacheco,Cobresal,1,2
2026-06-14,Liga de Primera 2026,44,Maximiliano Rodríguez,Huachipato,1,2
2026-06-14,Liga de Primera 2026,45,Julián Brea,Cobresal,1,1
2026-06-14,Liga de Primera 2026,46,Yastin Cuevas,Colo-Colo,1,1
2026-06-14,Liga de Primera 2026,47,Luis Riveros,Coquimbo Unido,1,1
2026-06-14,Liga de Primera 2026,48,Leonardo Valencia,Deportes Concepción,1,1
2026-06-14,Liga de Primera 2026,49,Joaquín Montecinos,Deportes Limache,1,1
2026-06-14,Liga de Primera 2026,50,Marcos Arturia,Deportes Limache,1,1
2026-06-14,Liga de Primera 2026,51,Flavio Moya,Deportes Limache,1,1
2026-06-14,Liga de Primera 2026,52,Nicolás Vargas,Huachipato,1,1
2026-06-14,Liga de Primera 2026,53,Gabriel Graciani,Ñublense,1,1
2026-06-14,Liga de Primera 2026,54,Bryan Rabello,O'Higgins,1,1
2026-06-14,Liga de Primera 2026,55,Felipe Ogaz,O'Higgins,1,1
2026-06-14,Liga de Primera 2026,56,Martín Maturana,O'Higgins,1,1
2026-06-14,Liga de Primera 2026,57,Ian Garguez,Palestino,1,1
2026-06-14,Liga de Primera 2026,58,Sebastián Gallegos,Palestino,1,1
2026-06-14,Liga de Primera 2026,59,Martín Araya,Palestino,1,1
2026-06-14,Liga de Primera 2026,60,Jimmy Martínez,Universidad Católica,1,1
2026-06-14,Liga de Primera 2026,61,Agustín Arce,Universidad de Chile,1,1
2026-06-14,Liga de Primera 2026,62,Antonio Díaz,Universidad de Concepción,1,1
2026-06-14,Liga de Primera 2026,63,Cecilio Waterman,Universidad de Concepción,1,1
2026-06-14,Liga de Primera 2026,64,Diego Coelho,Audax Italiano,1,0
2026-06-14,Liga de Primera 2026,65,Rodrigo Cabral,Audax Italiano,1,0
2026-06-14,Liga de Primera 2026,66,Federico Mateos,Audax Italiano,1,0
2026-06-14,Liga de Primera 2026,67,Enzo Ferrario,Audax Italiano,1,0
2026-06-14,Liga de Primera 2026,68,Marco Collao,Audax Italiano,1,0
2026-06-14,Liga de Primera 2026,69,Agustín Nadruz,Cobresal,1,0
2026-06-14,Liga de Primera 2026,70,Benjamín Valenzuela,Cobresal,1,0
2026-06-14,Liga de Primera 2026,71,Javier Correa,Colo-Colo,1,0
2026-06-14,Liga de Primera 2026,72,Guido Vadalá,Coquimbo Unido,1,0
2026-06-14,Liga de Primera 2026,73,Nicolás Johansen,Coquimbo Unido,1,0
2026-06-14,Liga de Primera 2026,74,Manuel Fernández,Coquimbo Unido,1,0
2026-06-14,Liga de Primera 2026,75,Martín Mundaca,Coquimbo Unido,1,0
2026-06-14,Liga de Primera 2026,76,Fausto Grillo,Deportes Concepción,1,0
2026-06-14,Liga de Primera 2026,77,Joaquín Larrivey,Deportes Concepción,1,0
2026-06-14,Liga de Primera 2026,78,Jorge Henríquez,Deportes Concepción,1,0
2026-06-14,Liga de Primera 2026,79,Sebastián Díaz,Deportes La Serena,1,0
2026-06-14,Liga de Primera 2026,80,Lucas Alarcón,Deportes La Serena,1,0
2026-06-14,Liga de Primera 2026,81,Gonzalo Escalante,Deportes La Serena,1,0
2026-06-14,Liga de Primera 2026,82,Matías Marín,Deportes La Serena,1,0
2026-06-14,Liga de Primera 2026,83,Gonzalo Sosa,Deportes Limache,1,0
2026-06-14,Liga de Primera 2026,84,César Pinares,Deportes Limache,1,0
2026-06-14,Liga de Primera 2026,85,Renzo Malanca,Huachipato,1,0
2026-06-14,Liga de Primera 2026,86,Santiago Silva,Huachipato,1,0
2026-06-14,Liga de Primera 2026,87,Ignacio Tapia,Ñublense,1,0
2026-06-14,Liga de Primera 2026,88,Franco Rami,Ñublense,1,0
2026-06-14,Liga de Primera 2026,89,Diego Sanhueza,Ñublense,1,0
2026-06-14,Liga de Primera 2026,90,Diego Céspedes,Ñublense,1,0
2026-06-14,Liga de Primera 2026,91,Giovanny Ávalos,Ñublense,1,0
2026-06-14,Liga de Primera 2026,92,Lucas Molina,Ñublense,1,0
2026-06-14,Liga de Primera 2026,93,Miguel Brizuela,O'Higgins,1,0
2026-06-14,Liga de Primera 2026,94,Thiago Vecino,O'Higgins,1,0
2026-06-14,Liga de Primera 2026,95,Bastián Yáñez,O'Higgins,1,0
2026-06-14,Liga de Primera 2026,96,Ronnie Fernández,Palestino,1,0
2026-06-14,Liga de Primera 2026,97,Francisco Montes,Palestino,1,0
2026-06-14,Liga de Primera 2026,98,Vicente Espinoza,Palestino,1,0
2026-06-14,Liga de Primera 2026,99,César Munder,Palestino,1,0
2026-06-14,Liga de Primera 2026,100,Matías Campos López,Unión La Calera,1,0
2026-06-14,Liga de Primera 2026,101,Juan Ignacio Díaz,Universidad Católica,1,0
2026-06-14,Liga de Primera 2026,102,Nicolás Ramírez,Universidad de Chile,1,0
2026-06-14,Liga de Primera 2026,103,Matías Zaldivia,Universidad de Chile,1,0
2026-06-14,Liga de Primera 2026,104,Luis Rojas,Universidad de Concepción,1,0
2026-06-14,Liga de Primera 2026,105,Daniel Barrea,Universidad de Concepción,1,0
2026-06-14,Liga de Primera 2026,106,Agustín Urzi,Universidad de Concepción,1,0
2026-06-14,Liga de Primera 2026,107,Cristhofer Mesías,Universidad de Concepción,1,0
2026-06-14,Liga de Primera 2026,108,Jeison Fuentealba,Universidad de Concepción,1,0
2026-06-15,Liga de Primera 2026,1,Fernando Zampedri,Universidad Católica,15,2
2026-06-15,Liga de Primera 2026,2,Daniel Castro,Deportes Limache,8,5
2026-06-15,Liga de Primera 2026,3,Justo Giani,Universidad Católica,8,3
2026-06-15,Liga de Primera 2026,4,Javier Correa,Colo-Colo,8,2
2026-06-15,Liga de Primera 2026,5,Sebastián Sáez,Unión La Calera,8,1
2026-06-15,Liga de Primera 2026,6,Nelson Da Silva,Palestino,7,2
2026-06-15,Liga de Primera 2026,7,Lionel Altamirano,Huachipato,6,1
2026-06-15,Liga de Primera 2026,8,Steffan Pino,Cobresal,6,0
2026-06-15,Liga de Primera 2026,9,Jean Meneses,Deportes Limache,5,8
2026-06-15,Liga de Primera 2026,10,Jeisson Vargas,Deportes La Serena,5,5
2026-06-15,Liga de Primera 2026,11,Francisco González,O'Higgins,5,4
2026-06-15,Liga de Primera 2026,12,Maximiliano Romero,Colo-Colo,5,1
2026-06-15,Liga de Primera 2026,13,Eduardo Vargas,Universidad de Chile,5,1
2026-06-15,Liga de Primera 2026,14,Nicolás Johansen,Coquimbo Unido,5,0
2026-06-15,Liga de Primera 2026,15,Kevin Méndez,Unión La Calera,4,6
2026-06-15,Liga de Primera 2026,16,Leonardo Valencia,Deportes Concepción,4,2
2026-06-15,Liga de Primera 2026,17,Thiago Vecino,O'Higgins,4,1
2026-06-15,Liga de Primera 2026,18,Felipe Chamorro,Deportes La Serena,4,0
2026-06-15,Liga de Primera 2026,19,Gonzalo Sosa,Deportes Limache,4,0
2026-06-15,Liga de Primera 2026,20,Ignacio Jeraldino,Ñublense,4,0
2026-06-15,Liga de Primera 2026,21,Clemente Montes,Universidad Católica,3,4
2026-06-15,Liga de Primera 2026,22,Diego Rubio,Deportes La Serena,3,3
2026-06-15,Liga de Primera 2026,23,Giovani Chiaverano,Audax Italiano,3,2
2026-06-15,Liga de Primera 2026,24,Lautaro Pastrán,Colo-Colo,3,2
2026-06-15,Liga de Primera 2026,25,Julián Brea,Cobresal,3,1
2026-06-15,Liga de Primera 2026,26,Alan Medina,Everton,3,1
2026-06-15,Liga de Primera 2026,27,Lucas Soto,Everton,3,1
2026-06-15,Liga de Primera 2026,28,Cris Martínez,Huachipato,3,1
2026-06-15,Liga de Primera 2026,29,Cecilio Waterman,Universidad de Concepción,3,1
2026-06-15,Liga de Primera 2026,30,Franco Troyansky,Audax Italiano,3,0
2026-06-15,Liga de Primera 2026,31,Diego Coelho,Audax Italiano,3,0
2026-06-15,Liga de Primera 2026,32,Alejandro Camargo,Coquimbo Unido,3,0
2026-06-15,Liga de Primera 2026,33,Vicente Álvarez,Deportes Limache,3,0
2026-06-15,Liga de Primera 2026,34,Cristian Palacios,Everton,3,0
2026-06-15,Liga de Primera 2026,35,Maximiliano Gutiérrez,Huachipato,3,0
2026-06-15,Liga de Primera 2026,36,Franco Rami,Ñublense,3,0
2026-06-15,Liga de Primera 2026,37,Arnaldo Castillo,O'Higgins,3,0
2026-06-15,Liga de Primera 2026,38,Matías Palavecino,Universidad Católica,2,5
2026-06-15,Liga de Primera 2026,39,Claudio Aquino,Colo-Colo,2,3
2026-06-15,Liga de Primera 2026,40,Leandro Hernández,Colo-Colo,2,2
2026-06-15,Liga de Primera 2026,41,Cristián Zavala,Coquimbo Unido,2,2
2026-06-15,Liga de Primera 2026,42,Mario Briceño,Huachipato,2,2
2026-06-15,Liga de Primera 2026,43,Gabriel Graciani,Ñublense,2,2
2026-06-15,Liga de Primera 2026,44,César Munder,Palestino,2,2
2026-06-15,Liga de Primera 2026,45,Maximiliano Guerrero,Universidad de Chile,2,2
2026-06-15,Liga de Primera 2026,46,Víctor Méndez,Colo-Colo,2,1
2026-06-15,Liga de Primera 2026,47,Alejandro Azócar,Coquimbo Unido,2,1
2026-06-15,Liga de Primera 2026,48,Yerko González,Deportes Limache,2,1
2026-06-15,Liga de Primera 2026,49,Martín Sarrafiore,O'Higgins,2,1
2026-06-15,Liga de Primera 2026,50,Bryan Carrasco,Palestino,2,1
2026-06-15,Liga de Primera 2026,51,Agustín Nadruz,Cobresal,2,0
2026-06-15,Liga de Primera 2026,52,Franco Frías,Cobresal,2,0
2026-06-15,Liga de Primera 2026,53,Álvaro Madrid,Colo-Colo,2,0
2026-06-15,Liga de Primera 2026,54,Jorge Henríquez,Deportes Concepción,2,0
2026-06-15,Liga de Primera 2026,55,Ignacio Mesías,Deportes Concepción,2,0
2026-06-15,Liga de Primera 2026,56,Nicolás Stefanelli,Deportes La Serena,2,0
2026-06-15,Liga de Primera 2026,57,Gonzalo Escalante,Deportes La Serena,2,0
2026-06-15,Liga de Primera 2026,58,Nicolás Montiel,Everton,2,0
2026-06-15,Liga de Primera 2026,59,Diego Sanhueza,Ñublense,2,0
2026-06-15,Liga de Primera 2026,60,Francisco Montes,Palestino,2,0
2026-06-15,Liga de Primera 2026,61,Gonzalo Tapia,Palestino,2,0
2026-06-15,Liga de Primera 2026,62,Matías Campos López,Unión La Calera,2,0
2026-06-15,Liga de Primera 2026,63,Rodrigo Cáseres,Unión La Calera,2,0
2026-06-15,Liga de Primera 2026,64,Javier Altamirano,Universidad de Chile,2,0
2026-06-15,Liga de Primera 2026,65,Nicolás Ramírez,Universidad de Chile,2,0
2026-06-15,Liga de Primera 2026,66,Luis Rojas,Universidad de Concepción,2,0
2026-06-15,Liga de Primera 2026,67,Jeison Fuentealba,Universidad de Concepción,2,0
2026-06-15,Liga de Primera 2026,68,Bryan Carvallo,Cobresal,1,5
2026-06-15,Liga de Primera 2026,69,Cristián Cuevas,Universidad Católica,1,5
2026-06-15,Liga de Primera 2026,70,Esteban Matus,Audax Italiano,1,3
2026-06-15,Liga de Primera 2026,71,Luis Riveros,Coquimbo Unido,1,3
2026-06-15,Liga de Primera 2026,72,Maximiliano Rodríguez,Huachipato,1,3
2026-06-15,Liga de Primera 2026,73,Julián Fernández,Palestino,1,3
2026-06-15,Liga de Primera 2026,74,Guillermo Pacheco,Cobresal,1,2
2026-06-15,Liga de Primera 2026,75,Marcos Arturia,Deportes Limache,1,2
2026-06-15,Liga de Primera 2026,76,Braian Martínez,Everton,1,2
2026-06-15,Liga de Primera 2026,77,Maicol León,Huachipato,1,2
2026-06-15,Liga de Primera 2026,78,Guillermo Guaiquil,Huachipato,1,2
2026-06-15,Liga de Primera 2026,79,Bryan Rabello,O'Higgins,1,2
2026-06-15,Liga de Primera 2026,80,Ian Garguez,Palestino,1,2
2026-06-15,Liga de Primera 2026,81,Jimmy Martínez,Universidad Católica,1,2
2026-06-15,Liga de Primera 2026,82,Diego Corral,Universidad Católica,1,2
2026-06-15,Liga de Primera 2026,83,Fabián Hormazábal,Universidad de Chile,1,2
2026-06-15,Liga de Primera 2026,84,Agustín Urzi,Universidad de Concepción,1,2
2026-06-15,Liga de Primera 2026,85,Federico Mateos,Audax Italiano,1,1
2026-06-15,Liga de Primera 2026,86,Benjamín Valenzuela,Cobresal,1,1
2026-06-15,Liga de Primera 2026,87,Yastin Cuevas,Colo-Colo,1,1
2026-06-15,Liga de Primera 2026,88,Jeyson Rojas,Colo-Colo,1,1
2026-06-15,Liga de Primera 2026,89,Arturo Vidal,Colo-Colo,1,1
2026-06-15,Liga de Primera 2026,90,Martín Mundaca,Coquimbo Unido,1,1
2026-06-15,Liga de Primera 2026,91,Bruno Gutiérrez,Deportes La Serena,1,1
2026-06-15,Liga de Primera 2026,92,Ángelo Henríquez,Deportes La Serena,1,1
2026-06-15,Liga de Primera 2026,93,Joaquín Montecinos,Deportes Limache,1,1
2026-06-15,Liga de Primera 2026,94,Flavio Moya,Deportes Limache,1,1
2026-06-15,Liga de Primera 2026,95,Nicolás Baeza,Everton,1,1
2026-06-15,Liga de Primera 2026,96,Julián Alfaro,Everton,1,1
2026-06-15,Liga de Primera 2026,97,Nicolás Vargas,Huachipato,1,1
2026-06-15,Liga de Primera 2026,98,Claudio Sepúlveda,Huachipato,1,1
2026-06-15,Liga de Primera 2026,99,Ignacio Tapia,Ñublense,1,1
2026-06-15,Liga de Primera 2026,100,Matías Plaza,Ñublense,1,1
2026-06-15,Liga de Primera 2026,101,Felipe Ogaz,O'Higgins,1,1
2026-06-15,Liga de Primera 2026,102,Martín Maturana,O'Higgins,1,1
2026-06-15,Liga de Primera 2026,103,Sebastián Gallegos,Palestino,1,1
2026-06-15,Liga de Primera 2026,104,Dilan Zúñiga,Palestino,1,1
2026-06-15,Liga de Primera 2026,105,Martín Araya,Palestino,1,1
2026-06-15,Liga de Primera 2026,106,Ronnie Fernández,Palestino,1,1
2026-06-15,Liga de Primera 2026,107,Jason León,Palestino,1,1
2026-06-15,Liga de Primera 2026,108,Agustín Arce,Universidad de Chile,1,1
2026-06-15,Liga de Primera 2026,109,Juan Martín Lucero,Universidad de Chile,1,1
2026-06-15,Liga de Primera 2026,110,Antonio Díaz,Universidad de Concepción,1,1
2026-06-15,Liga de Primera 2026,111,Michael Vadulli,Audax Italiano,1,0
2026-06-15,Liga de Primera 2026,112,Rodrigo Cabral,Audax Italiano,1,0
2026-06-15,Liga de Primera 2026,113,Enzo Ferrario,Audax Italiano,1,0
2026-06-15,Liga de Primera 2026,114,Marco Collao,Audax Italiano,1,0
2026-06-15,Liga de Primera 2026,115,Vicente Zenteno,Audax Italiano,1,0
2026-06-15,Liga de Primera 2026,116,José Tiznado,Cobresal,1,0
2026-06-15,Liga de Primera 2026,117,Joaquín Sosa,Colo-Colo,1,0
2026-06-15,Liga de Primera 2026,118,Guido Vadalá,Coquimbo Unido,1,0
2026-06-15,Liga de Primera 2026,119,Sebastián Galani,Coquimbo Unido,1,0
2026-06-15,Liga de Primera 2026,120,Lucas Pratto,Coquimbo Unido,1,0
2026-06-15,Liga de Primera 2026,121,Manuel Fernández,Coquimbo Unido,1,0
2026-06-15,Liga de Primera 2026,122,Pablo Rodríguez,Coquimbo Unido,1,0
2026-06-15,Liga de Primera 2026,123,Fausto Grillo,Deportes Concepción,1,0
2026-06-15,Liga de Primera 2026,124,Joaquín Larrivey,Deportes Concepción,1,0
2026-06-15,Liga de Primera 2026,125,Ariel Cáceres,Deportes Concepción,1,0
2026-06-15,Liga de Primera 2026,126,Mario Sandoval,Deportes Concepción,1,0
2026-06-15,Liga de Primera 2026,127,Aldrix Jara,Deportes Concepción,1,0
2026-06-15,Liga de Primera 2026,128,Ethan Espinoza,Deportes Concepción,1,0
2026-06-15,Liga de Primera 2026,129,Sebastián Díaz,Deportes La Serena,1,0
2026-06-15,Liga de Primera 2026,130,Lucas Alarcón,Deportes La Serena,1,0
2026-06-15,Liga de Primera 2026,131,Matías Marín,Deportes La Serena,1,0
2026-06-15,Liga de Primera 2026,132,César Pinares,Deportes Limache,1,0
2026-06-15,Liga de Primera 2026,133,Misael Llantén,Deportes Limache,1,0
2026-06-15,Liga de Primera 2026,134,César Fuentes,Deportes Limache,1,0
2026-06-15,Liga de Primera 2026,135,Ramón Martínez,Deportes Limache,1,0
2026-06-15,Liga de Primera 2026,136,Santiago Londoño,Everton,1,0
2026-06-15,Liga de Primera 2026,137,Renzo Malanca,Huachipato,1,0
2026-06-15,Liga de Primera 2026,138,Santiago Silva,Huachipato,1,0
2026-06-15,Liga de Primera 2026,139,Kevin Altez,Huachipato,1,0
2026-06-15,Liga de Primera 2026,140,Diego Céspedes,Ñublense,1,0
2026-06-15,Liga de Primera 2026,141,Giovanny Ávalos,Ñublense,1,0
2026-06-15,Liga de Primera 2026,142,Lorenzo Reyes,Ñublense,1,0
2026-06-15,Liga de Primera 2026,143,Lucas Molina,Ñublense,1,0
2026-06-15,Liga de Primera 2026,144,Miguel Brizuela,O'Higgins,1,0
2026-06-15,Liga de Primera 2026,145,Bastián Yáñez,O'Higgins,1,0
2026-06-15,Liga de Primera 2026,146,Vicente Espinoza,Palestino,1,0
2026-06-15,Liga de Primera 2026,147,Bayron Oyarzo,Unión La Calera,1,0
2026-06-15,Liga de Primera 2026,148,Francisco Pozzo,Unión La Calera,1,0
2026-06-15,Liga de Primera 2026,149,Juan Ignacio Díaz,Universidad Católica,1,0
2026-06-15,Liga de Primera 2026,150,Branco Ampuero,Universidad Católica,1,0
2026-06-15,Liga de Primera 2026,151,Juan Rossel,Universidad Católica,1,0
2026-06-15,Liga de Primera 2026,152,Matías Zaldivia,Universidad de Chile,1,0
2026-06-15,Liga de Primera 2026,153,Daniel Barrea,Universidad de Concepción,1,0
2026-06-15,Liga de Primera 2026,154,Cristhofer Mesías,Universidad de Concepción,1,0
2026-06-15,Liga de Primera 2026,155,Osvaldo González,Universidad de Concepción,1,0
2026-06-16,Liga de Primera 2026,1,Fernando Zampedri,Universidad Católica,15,2
2026-06-16,Liga de Primera 2026,2,Daniel Castro,Deportes Limache,8,5
2026-06-16,Liga de Primera 2026,3,Justo Giani,Universidad Católica,8,3
2026-06-16,Liga de Primera 2026,4,Javier Correa,Colo-Colo,8,2
2026-06-16,Liga de Primera 2026,5,Sebastián Sáez,Unión La Calera,8,1
2026-06-16,Liga de Primera 2026,6,Nelson Da Silva,Palestino,7,2
2026-06-16,Liga de Primera 2026,7,Lionel Altamirano,Huachipato,6,1
2026-06-16,Liga de Primera 2026,8,Steffan Pino,Cobresal,6,0
2026-06-16,Liga de Primera 2026,9,Jean Meneses,Deportes Limache,5,8
2026-06-16,Liga de Primera 2026,10,Jeisson Vargas,Deportes La Serena,5,5
2026-06-16,Liga de Primera 2026,11,Francisco González,O'Higgins,5,4
2026-06-16,Liga de Primera 2026,12,Maximiliano Romero,Colo-Colo,5,1
2026-06-16,Liga de Primera 2026,13,Eduardo Vargas,Universidad de Chile,5,1
2026-06-16,Liga de Primera 2026,14,Nicolás Johansen,Coquimbo Unido,5,0
2026-06-16,Liga de Primera 2026,15,Kevin Méndez,Unión La Calera,4,6
2026-06-16,Liga de Primera 2026,16,Leonardo Valencia,Deportes Concepción,4,2
2026-06-16,Liga de Primera 2026,17,Thiago Vecino,O'Higgins,4,1
2026-06-16,Liga de Primera 2026,18,Felipe Chamorro,Deportes La Serena,4,0
2026-06-16,Liga de Primera 2026,19,Gonzalo Sosa,Deportes Limache,4,0
2026-06-16,Liga de Primera 2026,20,Ignacio Jeraldino,Ñublense,4,0
2026-06-16,Liga de Primera 2026,21,Clemente Montes,Universidad Católica,3,4
2026-06-16,Liga de Primera 2026,22,Diego Rubio,Deportes La Serena,3,3
2026-06-16,Liga de Primera 2026,23,Giovani Chiaverano,Audax Italiano,3,2
2026-06-16,Liga de Primera 2026,24,Lautaro Pastrán,Colo-Colo,3,2
2026-06-16,Liga de Primera 2026,25,Julián Brea,Cobresal,3,1
2026-06-16,Liga de Primera 2026,26,Alan Medina,Everton,3,1
2026-06-16,Liga de Primera 2026,27,Lucas Soto,Everton,3,1
2026-06-16,Liga de Primera 2026,28,Cris Martínez,Huachipato,3,1
2026-06-16,Liga de Primera 2026,29,Cecilio Waterman,Universidad de Concepción,3,1
2026-06-16,Liga de Primera 2026,30,Franco Troyansky,Audax Italiano,3,0
2026-06-16,Liga de Primera 2026,31,Diego Coelho,Audax Italiano,3,0
2026-06-16,Liga de Primera 2026,32,Alejandro Camargo,Coquimbo Unido,3,0
2026-06-16,Liga de Primera 2026,33,Vicente Álvarez,Deportes Limache,3,0
2026-06-16,Liga de Primera 2026,34,Cristian Palacios,Everton,3,0
2026-06-16,Liga de Primera 2026,35,Maximiliano Gutiérrez,Huachipato,3,0
2026-06-16,Liga de Primera 2026,36,Franco Rami,Ñublense,3,0
2026-06-16,Liga de Primera 2026,37,Arnaldo Castillo,O'Higgins,3,0
2026-06-16,Liga de Primera 2026,38,Matías Palavecino,Universidad Católica,2,5
2026-06-16,Liga de Primera 2026,39,Claudio Aquino,Colo-Colo,2,3
2026-06-16,Liga de Primera 2026,40,Leandro Hernández,Colo-Colo,2,2
2026-06-16,Liga de Primera 2026,41,Cristián Zavala,Coquimbo Unido,2,2
2026-06-16,Liga de Primera 2026,42,Mario Briceño,Huachipato,2,2
2026-06-16,Liga de Primera 2026,43,Gabriel Graciani,Ñublense,2,2
2026-06-16,Liga de Primera 2026,44,César Munder,Palestino,2,2
2026-06-16,Liga de Primera 2026,45,Maximiliano Guerrero,Universidad de Chile,2,2
2026-06-16,Liga de Primera 2026,46,Víctor Méndez,Colo-Colo,2,1
2026-06-16,Liga de Primera 2026,47,Alejandro Azócar,Coquimbo Unido,2,1
2026-06-16,Liga de Primera 2026,48,Yerko González,Deportes Limache,2,1
2026-06-16,Liga de Primera 2026,49,Martín Sarrafiore,O'Higgins,2,1
2026-06-16,Liga de Primera 2026,50,Bryan Carrasco,Palestino,2,1
2026-06-16,Liga de Primera 2026,51,Agustín Nadruz,Cobresal,2,0
2026-06-16,Liga de Primera 2026,52,Franco Frías,Cobresal,2,0
2026-06-16,Liga de Primera 2026,53,Álvaro Madrid,Colo-Colo,2,0
2026-06-16,Liga de Primera 2026,54,Jorge Henríquez,Deportes Concepción,2,0
2026-06-16,Liga de Primera 2026,55,Ignacio Mesías,Deportes Concepción,2,0
2026-06-16,Liga de Primera 2026,56,Nicolás Stefanelli,Deportes La Serena,2,0
2026-06-16,Liga de Primera 2026,57,Gonzalo Escalante,Deportes La Serena,2,0
2026-06-16,Liga de Primera 2026,58,Nicolás Montiel,Everton,2,0
2026-06-16,Liga de Primera 2026,59,Diego Sanhueza,Ñublense,2,0
2026-06-16,Liga de Primera 2026,60,Francisco Montes,Palestino,2,0
2026-06-16,Liga de Primera 2026,61,Gonzalo Tapia,Palestino,2,0
2026-06-16,Liga de Primera 2026,62,Matías Campos López,Unión La Calera,2,0
2026-06-16,Liga de Primera 2026,63,Rodrigo Cáseres,Unión La Calera,2,0
2026-06-16,Liga de Primera 2026,64,Javier Altamirano,Universidad de Chile,2,0
2026-06-16,Liga de Primera 2026,65,Nicolás Ramírez,Universidad de Chile,2,0
2026-06-16,Liga de Primera 2026,66,Luis Rojas,Universidad de Concepción,2,0
2026-06-16,Liga de Primera 2026,67,Jeison Fuentealba,Universidad de Concepción,2,0
2026-06-16,Liga de Primera 2026,68,Bryan Carvallo,Cobresal,1,5
2026-06-16,Liga de Primera 2026,69,Cristián Cuevas,Universidad Católica,1,5
2026-06-16,Liga de Primera 2026,70,Esteban Matus,Audax Italiano,1,3
2026-06-16,Liga de Primera 2026,71,Luis Riveros,Coquimbo Unido,1,3
2026-06-16,Liga de Primera 2026,72,Maximiliano Rodríguez,Huachipato,1,3
2026-06-16,Liga de Primera 2026,73,Julián Fernández,Palestino,1,3
2026-06-16,Liga de Primera 2026,74,Guillermo Pacheco,Cobresal,1,2
2026-06-16,Liga de Primera 2026,75,Marcos Arturia,Deportes Limache,1,2
2026-06-16,Liga de Primera 2026,76,Braian Martínez,Everton,1,2
2026-06-16,Liga de Primera 2026,77,Maicol León,Huachipato,1,2
2026-06-16,Liga de Primera 2026,78,Guillermo Guaiquil,Huachipato,1,2
2026-06-16,Liga de Primera 2026,79,Bryan Rabello,O'Higgins,1,2
2026-06-16,Liga de Primera 2026,80,Ian Garguez,Palestino,1,2
2026-06-16,Liga de Primera 2026,81,Jimmy Martínez,Universidad Católica,1,2
2026-06-16,Liga de Primera 2026,82,Diego Corral,Universidad Católica,1,2
2026-06-16,Liga de Primera 2026,83,Fabián Hormazábal,Universidad de Chile,1,2
2026-06-16,Liga de Primera 2026,84,Agustín Urzi,Universidad de Concepción,1,2
2026-06-16,Liga de Primera 2026,85,Federico Mateos,Audax Italiano,1,1
2026-06-16,Liga de Primera 2026,86,Benjamín Valenzuela,Cobresal,1,1
2026-06-16,Liga de Primera 2026,87,Yastin Cuevas,Colo-Colo,1,1
2026-06-16,Liga de Primera 2026,88,Jeyson Rojas,Colo-Colo,1,1
2026-06-16,Liga de Primera 2026,89,Arturo Vidal,Colo-Colo,1,1
2026-06-16,Liga de Primera 2026,90,Martín Mundaca,Coquimbo Unido,1,1
2026-06-16,Liga de Primera 2026,91,Bruno Gutiérrez,Deportes La Serena,1,1
2026-06-16,Liga de Primera 2026,92,Ángelo Henríquez,Deportes La Serena,1,1
2026-06-16,Liga de Primera 2026,93,Joaquín Montecinos,Deportes Limache,1,1
2026-06-16,Liga de Primera 2026,94,Flavio Moya,Deportes Limache,1,1
2026-06-16,Liga de Primera 2026,95,Nicolás Baeza,Everton,1,1
2026-06-16,Liga de Primera 2026,96,Julián Alfaro,Everton,1,1
2026-06-16,Liga de Primera 2026,97,Nicolás Vargas,Huachipato,1,1
2026-06-16,Liga de Primera 2026,98,Claudio Sepúlveda,Huachipato,1,1
2026-06-16,Liga de Primera 2026,99,Ignacio Tapia,Ñublense,1,1
2026-06-16,Liga de Primera 2026,100,Matías Plaza,Ñublense,1,1
2026-06-16,Liga de Primera 2026,101,Felipe Ogaz,O'Higgins,1,1
2026-06-16,Liga de Primera 2026,102,Martín Maturana,O'Higgins,1,1
2026-06-16,Liga de Primera 2026,103,Sebastián Gallegos,Palestino,1,1
2026-06-16,Liga de Primera 2026,104,Dilan Zúñiga,Palestino,1,1
2026-06-16,Liga de Primera 2026,105,Martín Araya,Palestino,1,1
2026-06-16,Liga de Primera 2026,106,Ronnie Fernández,Palestino,1,1
2026-06-16,Liga de Primera 2026,107,Jason León,Palestino,1,1
2026-06-16,Liga de Primera 2026,108,Agustín Arce,Universidad de Chile,1,1
2026-06-16,Liga de Primera 2026,109,Juan Martín Lucero,Universidad de Chile,1,1
2026-06-16,Liga de Primera 2026,110,Antonio Díaz,Universidad de Concepción,1,1
2026-06-16,Liga de Primera 2026,111,Michael Vadulli,Audax Italiano,1,0
2026-06-16,Liga de Primera 2026,112,Rodrigo Cabral,Audax Italiano,1,0
2026-06-16,Liga de Primera 2026,113,Enzo Ferrario,Audax Italiano,1,0
2026-06-16,Liga de Primera 2026,114,Marco Collao,Audax Italiano,1,0
2026-06-16,Liga de Primera 2026,115,Vicente Zenteno,Audax Italiano,1,0
2026-06-16,Liga de Primera 2026,116,José Tiznado,Cobresal,1,0
2026-06-16,Liga de Primera 2026,117,Joaquín Sosa,Colo-Colo,1,0
2026-06-16,Liga de Primera 2026,118,Guido Vadalá,Coquimbo Unido,1,0
2026-06-16,Liga de Primera 2026,119,Sebastián Galani,Coquimbo Unido,1,0
2026-06-16,Liga de Primera 2026,120,Lucas Pratto,Coquimbo Unido,1,0
2026-06-16,Liga de Primera 2026,121,Manuel Fernández,Coquimbo Unido,1,0
2026-06-16,Liga de Primera 2026,122,Pablo Rodríguez,Coquimbo Unido,1,0
2026-06-16,Liga de Primera 2026,123,Fausto Grillo,Deportes Concepción,1,0
2026-06-16,Liga de Primera 2026,124,Joaquín Larrivey,Deportes Concepción,1,0
2026-06-16,Liga de Primera 2026,125,Ariel Cáceres,Deportes Concepción,1,0
2026-06-16,Liga de Primera 2026,126,Mario Sandoval,Deportes Concepción,1,0
2026-06-16,Liga de Primera 2026,127,Aldrix Jara,Deportes Concepción,1,0
2026-06-16,Liga de Primera 2026,128,Ethan Espinoza,Deportes Concepción,1,0
2026-06-16,Liga de Primera 2026,129,Sebastián Díaz,Deportes La Serena,1,0
2026-06-16,Liga de Primera 2026,130,Lucas Alarcón,Deportes La Serena,1,0
2026-06-16,Liga de Primera 2026,131,Matías Marín,Deportes La Serena,1,0
2026-06-16,Liga de Primera 2026,132,César Pinares,Deportes Limache,1,0
2026-06-16,Liga de Primera 2026,133,Misael Llantén,Deportes Limache,1,0
2026-06-16,Liga de Primera 2026,134,César Fuentes,Deportes Limache,1,0
2026-06-16,Liga de Primera 2026,135,Ramón Martínez,Deportes Limache,1,0
2026-06-16,Liga de Primera 2026,136,Santiago Londoño,Everton,1,0
2026-06-16,Liga de Primera 2026,137,Renzo Malanca,Huachipato,1,0
2026-06-16,Liga de Primera 2026,138,Santiago Silva,Huachipato,1,0
2026-06-16,Liga de Primera 2026,139,Kevin Altez,Huachipato,1,0
2026-06-16,Liga de Primera 2026,140,Diego Céspedes,Ñublense,1,0
2026-06-16,Liga de Primera 2026,141,Giovanny Ávalos,Ñublense,1,0
2026-06-16,Liga de Primera 2026,142,Lorenzo Reyes,Ñublense,1,0
2026-06-16,Liga de Primera 2026,143,Lucas Molina,Ñublense,1,0
2026-06-16,Liga de Primera 2026,144,Miguel Brizuela,O'Higgins,1,0
2026-06-16,Liga de Primera 2026,145,Bastián Yáñez,O'Higgins,1,0
2026-06-16,Liga de Primera 2026,146,Vicente Espinoza,Palestino,1,0
2026-06-16,Liga de Primera 2026,147,Bayron Oyarzo,Unión La Calera,1,0
2026-06-16,Liga de Primera 2026,148,Francisco Pozzo,Unión La Calera,1,0
2026-06-16,Liga de Primera 2026,149,Juan Ignacio Díaz,Universidad Católica,1,0
2026-06-16,Liga de Primera 2026,150,Branco Ampuero,Universidad Católica,1,0
2026-06-16,Liga de Primera 2026,151,Juan Rossel,Universidad Católica,1,0
2026-06-16,Liga de Primera 2026,152,Matías Zaldivia,Universidad de Chile,1,0
2026-06-16,Liga de Primera 2026,153,Daniel Barrea,Universidad de Concepción,1,0
2026-06-16,Liga de Primera 2026,154,Cristhofer Mesías,Universidad de Concepción,1,0
2026-06-16,Liga de Primera 2026,155,Osvaldo González,Universidad de Concepción,1,0
2026-06-17,Liga de Primera 2026,1,Fernando Zampedri,Universidad Católica,15,2
2026-06-17,Liga de Primera 2026,2,Daniel Castro,Deportes Limache,8,5
2026-06-17,Liga de Primera 2026,3,Justo Giani,Universidad Católica,8,3
2026-06-17,Liga de Primera 2026,4,Javier Correa,Colo-Colo,8,2
2026-06-17,Liga de Primera 2026,5,Sebastián Sáez,Unión La Calera,8,1
2026-06-17,Liga de Primera 2026,6,Nelson Da Silva,Palestino,7,2
2026-06-17,Liga de Primera 2026,7,Lionel Altamirano,Huachipato,6,1
2026-06-17,Liga de Primera 2026,8,Steffan Pino,Cobresal,6,0
2026-06-17,Liga de Primera 2026,9,Jean Meneses,Deportes Limache,5,8
2026-06-17,Liga de Primera 2026,10,Jeisson Vargas,Deportes La Serena,5,5
2026-06-17,Liga de Primera 2026,11,Francisco González,O'Higgins,5,4
2026-06-17,Liga de Primera 2026,12,Maximiliano Romero,Colo-Colo,5,1
2026-06-17,Liga de Primera 2026,13,Eduardo Vargas,Universidad de Chile,5,1
2026-06-17,Liga de Primera 2026,14,Nicolás Johansen,Coquimbo Unido,5,0
2026-06-17,Liga de Primera 2026,15,Kevin Méndez,Unión La Calera,4,6
2026-06-17,Liga de Primera 2026,16,Leonardo Valencia,Deportes Concepción,4,2
2026-06-17,Liga de Primera 2026,17,Thiago Vecino,O'Higgins,4,1
2026-06-17,Liga de Primera 2026,18,Felipe Chamorro,Deportes La Serena,4,0
2026-06-17,Liga de Primera 2026,19,Gonzalo Sosa,Deportes Limache,4,0
2026-06-17,Liga de Primera 2026,20,Ignacio Jeraldino,Ñublense,4,0
2026-06-17,Liga de Primera 2026,21,Clemente Montes,Universidad Católica,3,4
2026-06-17,Liga de Primera 2026,22,Diego Rubio,Deportes La Serena,3,3
2026-06-17,Liga de Primera 2026,23,Giovani Chiaverano,Audax Italiano,3,2
2026-06-17,Liga de Primera 2026,24,Lautaro Pastrán,Colo-Colo,3,2
2026-06-17,Liga de Primera 2026,25,Julián Brea,Cobresal,3,1
2026-06-17,Liga de Primera 2026,26,Alan Medina,Everton,3,1
2026-06-17,Liga de Primera 2026,27,Lucas Soto,Everton,3,1
2026-06-17,Liga de Primera 2026,28,Cris Martínez,Huachipato,3,1
2026-06-17,Liga de Primera 2026,29,Cecilio Waterman,Universidad de Concepción,3,1
2026-06-17,Liga de Primera 2026,30,Franco Troyansky,Audax Italiano,3,0
2026-06-17,Liga de Primera 2026,31,Diego Coelho,Audax Italiano,3,0
2026-06-17,Liga de Primera 2026,32,Alejandro Camargo,Coquimbo Unido,3,0
2026-06-17,Liga de Primera 2026,33,Vicente Álvarez,Deportes Limache,3,0
2026-06-17,Liga de Primera 2026,34,Cristian Palacios,Everton,3,0
2026-06-17,Liga de Primera 2026,35,Maximiliano Gutiérrez,Huachipato,3,0
2026-06-17,Liga de Primera 2026,36,Franco Rami,Ñublense,3,0
2026-06-17,Liga de Primera 2026,37,Arnaldo Castillo,O'Higgins,3,0
2026-06-17,Liga de Primera 2026,38,Matías Palavecino,Universidad Católica,2,5
2026-06-17,Liga de Primera 2026,39,Claudio Aquino,Colo-Colo,2,3
2026-06-17,Liga de Primera 2026,40,Leandro Hernández,Colo-Colo,2,2
2026-06-17,Liga de Primera 2026,41,Cristián Zavala,Coquimbo Unido,2,2
2026-06-17,Liga de Primera 2026,42,Mario Briceño,Huachipato,2,2
2026-06-17,Liga de Primera 2026,43,Gabriel Graciani,Ñublense,2,2
2026-06-17,Liga de Primera 2026,44,César Munder,Palestino,2,2
2026-06-17,Liga de Primera 2026,45,Maximiliano Guerrero,Universidad de Chile,2,2
2026-06-17,Liga de Primera 2026,46,Víctor Méndez,Colo-Colo,2,1
2026-06-17,Liga de Primera 2026,47,Alejandro Azócar,Coquimbo Unido,2,1
2026-06-17,Liga de Primera 2026,48,Yerko González,Deportes Limache,2,1
2026-06-17,Liga de Primera 2026,49,Martín Sarrafiore,O'Higgins,2,1
2026-06-17,Liga de Primera 2026,50,Bryan Carrasco,Palestino,2,1
2026-06-17,Liga de Primera 2026,51,Agustín Nadruz,Cobresal,2,0
2026-06-17,Liga de Primera 2026,52,Franco Frías,Cobresal,2,0
2026-06-17,Liga de Primera 2026,53,Álvaro Madrid,Colo-Colo,2,0
2026-06-17,Liga de Primera 2026,54,Jorge Henríquez,Deportes Concepción,2,0
2026-06-17,Liga de Primera 2026,55,Ignacio Mesías,Deportes Concepción,2,0
2026-06-17,Liga de Primera 2026,56,Nicolás Stefanelli,Deportes La Serena,2,0
2026-06-17,Liga de Primera 2026,57,Gonzalo Escalante,Deportes La Serena,2,0
2026-06-17,Liga de Primera 2026,58,Nicolás Montiel,Everton,2,0
2026-06-17,Liga de Primera 2026,59,Diego Sanhueza,Ñublense,2,0
2026-06-17,Liga de Primera 2026,60,Francisco Montes,Palestino,2,0
2026-06-17,Liga de Primera 2026,61,Gonzalo Tapia,Palestino,2,0
2026-06-17,Liga de Primera 2026,62,Matías Campos López,Unión La Calera,2,0
2026-06-17,Liga de Primera 2026,63,Rodrigo Cáseres,Unión La Calera,2,0
2026-06-17,Liga de Primera 2026,64,Javier Altamirano,Universidad de Chile,2,0
2026-06-17,Liga de Primera 2026,65,Nicolás Ramírez,Universidad de Chile,2,0
2026-06-17,Liga de Primera 2026,66,Luis Rojas,Universidad de Concepción,2,0
2026-06-17,Liga de Primera 2026,67,Jeison Fuentealba,Universidad de Concepción,2,0
2026-06-17,Liga de Primera 2026,68,Bryan Carvallo,Cobresal,1,5
2026-06-17,Liga de Primera 2026,69,Cristián Cuevas,Universidad Católica,1,5
2026-06-17,Liga de Primera 2026,70,Esteban Matus,Audax Italiano,1,3
2026-06-17,Liga de Primera 2026,71,Luis Riveros,Coquimbo Unido,1,3
2026-06-17,Liga de Primera 2026,72,Maximiliano Rodríguez,Huachipato,1,3
2026-06-17,Liga de Primera 2026,73,Julián Fernández,Palestino,1,3
2026-06-17,Liga de Primera 2026,74,Guillermo Pacheco,Cobresal,1,2
2026-06-17,Liga de Primera 2026,75,Marcos Arturia,Deportes Limache,1,2
2026-06-17,Liga de Primera 2026,76,Braian Martínez,Everton,1,2
2026-06-17,Liga de Primera 2026,77,Maicol León,Huachipato,1,2
2026-06-17,Liga de Primera 2026,78,Guillermo Guaiquil,Huachipato,1,2
2026-06-17,Liga de Primera 2026,79,Bryan Rabello,O'Higgins,1,2
2026-06-17,Liga de Primera 2026,80,Ian Garguez,Palestino,1,2
2026-06-17,Liga de Primera 2026,81,Jimmy Martínez,Universidad Católica,1,2
2026-06-17,Liga de Primera 2026,82,Diego Corral,Universidad Católica,1,2
2026-06-17,Liga de Primera 2026,83,Fabián Hormazábal,Universidad de Chile,1,2
2026-06-17,Liga de Primera 2026,84,Agustín Urzi,Universidad de Concepción,1,2
2026-06-17,Liga de Primera 2026,85,Federico Mateos,Audax Italiano,1,1
2026-06-17,Liga de Primera 2026,86,Benjamín Valenzuela,Cobresal,1,1
2026-06-17,Liga de Primera 2026,87,Yastin Cuevas,Colo-Colo,1,1
2026-06-17,Liga de Primera 2026,88,Jeyson Rojas,Colo-Colo,1,1
2026-06-17,Liga de Primera 2026,89,Arturo Vidal,Colo-Colo,1,1
2026-06-17,Liga de Primera 2026,90,Martín Mundaca,Coquimbo Unido,1,1
2026-06-17,Liga de Primera 2026,91,Bruno Gutiérrez,Deportes La Serena,1,1
2026-06-17,Liga de Primera 2026,92,Ángelo Henríquez,Deportes La Serena,1,1
2026-06-17,Liga de Primera 2026,93,Joaquín Montecinos,Deportes Limache,1,1
2026-06-17,Liga de Primera 2026,94,Flavio Moya,Deportes Limache,1,1
2026-06-17,Liga de Primera 2026,95,Nicolás Baeza,Everton,1,1
2026-06-17,Liga de Primera 2026,96,Julián Alfaro,Everton,1,1
2026-06-17,Liga de Primera 2026,97,Nicolás Vargas,Huachipato,1,1
2026-06-17,Liga de Primera 2026,98,Claudio Sepúlveda,Huachipato,1,1
2026-06-17,Liga de Primera 2026,99,Ignacio Tapia,Ñublense,1,1
2026-06-17,Liga de Primera 2026,100,Matías Plaza,Ñublense,1,1
2026-06-17,Liga de Primera 2026,101,Felipe Ogaz,O'Higgins,1,1
2026-06-17,Liga de Primera 2026,102,Martín Maturana,O'Higgins,1,1
2026-06-17,Liga de Primera 2026,103,Sebastián Gallegos,Palestino,1,1
2026-06-17,Liga de Primera 2026,104,Dilan Zúñiga,Palestino,1,1
2026-06-17,Liga de Primera 2026,105,Martín Araya,Palestino,1,1
2026-06-17,Liga de Primera 2026,106,Ronnie Fernández,Palestino,1,1
2026-06-17,Liga de Primera 2026,107,Jason León,Palestino,1,1
2026-06-17,Liga de Primera 2026,108,Agustín Arce,Universidad de Chile,1,1
2026-06-17,Liga de Primera 2026,109,Juan Martín Lucero,Universidad de Chile,1,1
2026-06-17,Liga de Primera 2026,110,Antonio Díaz,Universidad de Concepción,1,1
2026-06-17,Liga de Primera 2026,111,Michael Vadulli,Audax Italiano,1,0
2026-06-17,Liga de Primera 2026,112,Rodrigo Cabral,Audax Italiano,1,0
2026-06-17,Liga de Primera 2026,113,Enzo Ferrario,Audax Italiano,1,0
2026-06-17,Liga de Primera 2026,114,Marco Collao,Audax Italiano,1,0
2026-06-17,Liga de Primera 2026,115,Vicente Zenteno,Audax Italiano,1,0
2026-06-17,Liga de Primera 2026,116,José Tiznado,Cobresal,1,0
2026-06-17,Liga de Primera 2026,117,Joaquín Sosa,Colo-Colo,1,0
2026-06-17,Liga de Primera 2026,118,Guido Vadalá,Coquimbo Unido,1,0
2026-06-17,Liga de Primera 2026,119,Sebastián Galani,Coquimbo Unido,1,0
2026-06-17,Liga de Primera 2026,120,Lucas Pratto,Coquimbo Unido,1,0
2026-06-17,Liga de Primera 2026,121,Manuel Fernández,Coquimbo Unido,1,0
2026-06-17,Liga de Primera 2026,122,Pablo Rodríguez,Coquimbo Unido,1,0
2026-06-17,Liga de Primera 2026,123,Fausto Grillo,Deportes Concepción,1,0
2026-06-17,Liga de Primera 2026,124,Joaquín Larrivey,Deportes Concepción,1,0
2026-06-17,Liga de Primera 2026,125,Ariel Cáceres,Deportes Concepción,1,0
2026-06-17,Liga de Primera 2026,126,Mario Sandoval,Deportes Concepción,1,0
2026-06-17,Liga de Primera 2026,127,Aldrix Jara,Deportes Concepción,1,0
2026-06-17,Liga de Primera 2026,128,Ethan Espinoza,Deportes Concepción,1,0
2026-06-17,Liga de Primera 2026,129,Sebastián Díaz,Deportes La Serena,1,0
2026-06-17,Liga de Primera 2026,130,Lucas Alarcón,Deportes La Serena,1,0
2026-06-17,Liga de Primera 2026,131,Matías Marín,Deportes La Serena,1,0
2026-06-17,Liga de Primera 2026,132,César Pinares,Deportes Limache,1,0
2026-06-17,Liga de Primera 2026,133,Misael Llantén,Deportes Limache,1,0
2026-06-17,Liga de Primera 2026,134,César Fuentes,Deportes Limache,1,0
2026-06-17,Liga de Primera 2026,135,Ramón Martínez,Deportes Limache,1,0
2026-06-17,Liga de Primera 2026,136,Santiago Londoño,Everton,1,0
2026-06-17,Liga de Primera 2026,137,Renzo Malanca,Huachipato,1,0
2026-06-17,Liga de Primera 2026,138,Santiago Silva,Huachipato,1,0
2026-06-17,Liga de Primera 2026,139,Kevin Altez,Huachipato,1,0
2026-06-17,Liga de Primera 2026,140,Diego Céspedes,Ñublense,1,0
2026-06-17,Liga de Primera 2026,141,Giovanny Ávalos,Ñublense,1,0
2026-06-17,Liga de Primera 2026,142,Lorenzo Reyes,Ñublense,1,0
2026-06-17,Liga de Primera 2026,143,Lucas Molina,Ñublense,1,0
2026-06-17,Liga de Primera 2026,144,Miguel Brizuela,O'Higgins,1,0
2026-06-17,Liga de Primera 2026,145,Bastián Yáñez,O'Higgins,1,0
2026-06-17,Liga de Primera 2026,146,Vicente Espinoza,Palestino,1,0
2026-06-17,Liga de Primera 2026,147,Bayron Oyarzo,Unión La Calera,1,0
2026-06-17,Liga de Primera 2026,148,Francisco Pozzo,Unión La Calera,1,0
2026-06-17,Liga de Primera 2026,149,Juan Ignacio Díaz,Universidad Católica,1,0
2026-06-17,Liga de Primera 2026,150,Branco Ampuero,Universidad Católica,1,0
2026-06-17,Liga de Primera 2026,151,Juan Rossel,Universidad Católica,1,0
2026-06-17,Liga de Primera 2026,152,Matías Zaldivia,Universidad de Chile,1,0
2026-06-17,Liga de Primera 2026,153,Daniel Barrea,Universidad de Concepción,1,0
2026-06-17,Liga de Primera 2026,154,Cristhofer Mesías,Universidad de Concepción,1,0
2026-06-17,Liga de Primera 2026,155,Osvaldo González,Universidad de Concepción,1,0
2026-06-18,Liga de Primera 2026,1,Fernando Zampedri,Universidad Católica,15,2
2026-06-18,Liga de Primera 2026,2,Daniel Castro,Deportes Limache,8,5
2026-06-18,Liga de Primera 2026,3,Justo Giani,Universidad Católica,8,3
2026-06-18,Liga de Primera 2026,4,Javier Correa,Colo-Colo,8,2
2026-06-18,Liga de Primera 2026,5,Sebastián Sáez,Unión La Calera,8,1
2026-06-18,Liga de Primera 2026,6,Nelson Da Silva,Palestino,7,2
2026-06-18,Liga de Primera 2026,7,Lionel Altamirano,Huachipato,6,1
2026-06-18,Liga de Primera 2026,8,Steffan Pino,Cobresal,6,0
2026-06-18,Liga de Primera 2026,9,Jean Meneses,Deportes Limache,5,8
2026-06-18,Liga de Primera 2026,10,Jeisson Vargas,Deportes La Serena,5,5
2026-06-18,Liga de Primera 2026,11,Francisco González,O'Higgins,5,4
2026-06-18,Liga de Primera 2026,12,Maximiliano Romero,Colo-Colo,5,1
2026-06-18,Liga de Primera 2026,13,Eduardo Vargas,Universidad de Chile,5,1
2026-06-18,Liga de Primera 2026,14,Nicolás Johansen,Coquimbo Unido,5,0
2026-06-18,Liga de Primera 2026,15,Kevin Méndez,Unión La Calera,4,6
2026-06-18,Liga de Primera 2026,16,Leonardo Valencia,Deportes Concepción,4,2
2026-06-18,Liga de Primera 2026,17,Thiago Vecino,O'Higgins,4,1
2026-06-18,Liga de Primera 2026,18,Felipe Chamorro,Deportes La Serena,4,0
2026-06-18,Liga de Primera 2026,19,Gonzalo Sosa,Deportes Limache,4,0
2026-06-18,Liga de Primera 2026,20,Ignacio Jeraldino,Ñublense,4,0
2026-06-18,Liga de Primera 2026,21,Clemente Montes,Universidad Católica,3,4
2026-06-18,Liga de Primera 2026,22,Diego Rubio,Deportes La Serena,3,3
2026-06-18,Liga de Primera 2026,23,Giovani Chiaverano,Audax Italiano,3,2
2026-06-18,Liga de Primera 2026,24,Lautaro Pastrán,Colo-Colo,3,2
2026-06-18,Liga de Primera 2026,25,Julián Brea,Cobresal,3,1
2026-06-18,Liga de Primera 2026,26,Alan Medina,Everton,3,1
2026-06-18,Liga de Primera 2026,27,Lucas Soto,Everton,3,1
2026-06-18,Liga de Primera 2026,28,Cris Martínez,Huachipato,3,1
2026-06-18,Liga de Primera 2026,29,Cecilio Waterman,Universidad de Concepción,3,1
2026-06-18,Liga de Primera 2026,30,Franco Troyansky,Audax Italiano,3,0
2026-06-18,Liga de Primera 2026,31,Diego Coelho,Audax Italiano,3,0
2026-06-18,Liga de Primera 2026,32,Alejandro Camargo,Coquimbo Unido,3,0
2026-06-18,Liga de Primera 2026,33,Vicente Álvarez,Deportes Limache,3,0
2026-06-18,Liga de Primera 2026,34,Cristian Palacios,Everton,3,0
2026-06-18,Liga de Primera 2026,35,Maximiliano Gutiérrez,Huachipato,3,0
2026-06-18,Liga de Primera 2026,36,Franco Rami,Ñublense,3,0
2026-06-18,Liga de Primera 2026,37,Arnaldo Castillo,O'Higgins,3,0
2026-06-18,Liga de Primera 2026,38,Matías Palavecino,Universidad Católica,2,5
2026-06-18,Liga de Primera 2026,39,Claudio Aquino,Colo-Colo,2,3
2026-06-18,Liga de Primera 2026,40,Leandro Hernández,Colo-Colo,2,2
2026-06-18,Liga de Primera 2026,41,Cristián Zavala,Coquimbo Unido,2,2
2026-06-18,Liga de Primera 2026,42,Mario Briceño,Huachipato,2,2
2026-06-18,Liga de Primera 2026,43,Gabriel Graciani,Ñublense,2,2
2026-06-18,Liga de Primera 2026,44,César Munder,Palestino,2,2
2026-06-18,Liga de Primera 2026,45,Maximiliano Guerrero,Universidad de Chile,2,2
2026-06-18,Liga de Primera 2026,46,Víctor Méndez,Colo-Colo,2,1
2026-06-18,Liga de Primera 2026,47,Alejandro Azócar,Coquimbo Unido,2,1
2026-06-18,Liga de Primera 2026,48,Yerko González,Deportes Limache,2,1
2026-06-18,Liga de Primera 2026,49,Martín Sarrafiore,O'Higgins,2,1
2026-06-18,Liga de Primera 2026,50,Bryan Carrasco,Palestino,2,1
2026-06-18,Liga de Primera 2026,51,Agustín Nadruz,Cobresal,2,0
2026-06-18,Liga de Primera 2026,52,Franco Frías,Cobresal,2,0
2026-06-18,Liga de Primera 2026,53,Álvaro Madrid,Colo-Colo,2,0
2026-06-18,Liga de Primera 2026,54,Jorge Henríquez,Deportes Concepción,2,0
2026-06-18,Liga de Primera 2026,55,Ignacio Mesías,Deportes Concepción,2,0
2026-06-18,Liga de Primera 2026,56,Nicolás Stefanelli,Deportes La Serena,2,0
2026-06-18,Liga de Primera 2026,57,Gonzalo Escalante,Deportes La Serena,2,0
2026-06-18,Liga de Primera 2026,58,Nicolás Montiel,Everton,2,0
2026-06-18,Liga de Primera 2026,59,Diego Sanhueza,Ñublense,2,0
2026-06-18,Liga de Primera 2026,60,Francisco Montes,Palestino,2,0
2026-06-18,Liga de Primera 2026,61,Gonzalo Tapia,Palestino,2,0
2026-06-18,Liga de Primera 2026,62,Matías Campos López,Unión La Calera,2,0
2026-06-18,Liga de Primera 2026,63,Rodrigo Cáseres,Unión La Calera,2,0
2026-06-18,Liga de Primera 2026,64,Javier Altamirano,Universidad de Chile,2,0
2026-06-18,Liga de Primera 2026,65,Nicolás Ramírez,Universidad de Chile,2,0
2026-06-18,Liga de Primera 2026,66,Luis Rojas,Universidad de Concepción,2,0
2026-06-18,Liga de Primera 2026,67,Jeison Fuentealba,Universidad de Concepción,2,0
2026-06-18,Liga de Primera 2026,68,Bryan Carvallo,Cobresal,1,5
2026-06-18,Liga de Primera 2026,69,Cristián Cuevas,Universidad Católica,1,5
2026-06-18,Liga de Primera 2026,70,Esteban Matus,Audax Italiano,1,3
2026-06-18,Liga de Primera 2026,71,Luis Riveros,Coquimbo Unido,1,3
2026-06-18,Liga de Primera 2026,72,Maximiliano Rodríguez,Huachipato,1,3
2026-06-18,Liga de Primera 2026,73,Julián Fernández,Palestino,1,3
2026-06-18,Liga de Primera 2026,74,Guillermo Pacheco,Cobresal,1,2
2026-06-18,Liga de Primera 2026,75,Marcos Arturia,Deportes Limache,1,2
2026-06-18,Liga de Primera 2026,76,Braian Martínez,Everton,1,2
2026-06-18,Liga de Primera 2026,77,Maicol León,Huachipato,1,2
2026-06-18,Liga de Primera 2026,78,Guillermo Guaiquil,Huachipato,1,2
2026-06-18,Liga de Primera 2026,79,Bryan Rabello,O'Higgins,1,2
2026-06-18,Liga de Primera 2026,80,Ian Garguez,Palestino,1,2
2026-06-18,Liga de Primera 2026,81,Jimmy Martínez,Universidad Católica,1,2
2026-06-18,Liga de Primera 2026,82,Diego Corral,Universidad Católica,1,2
2026-06-18,Liga de Primera 2026,83,Fabián Hormazábal,Universidad de Chile,1,2
2026-06-18,Liga de Primera 2026,84,Agustín Urzi,Universidad de Concepción,1,2
2026-06-18,Liga de Primera 2026,85,Federico Mateos,Audax Italiano,1,1
2026-06-18,Liga de Primera 2026,86,Benjamín Valenzuela,Cobresal,1,1
2026-06-18,Liga de Primera 2026,87,Yastin Cuevas,Colo-Colo,1,1
2026-06-18,Liga de Primera 2026,88,Jeyson Rojas,Colo-Colo,1,1
2026-06-18,Liga de Primera 2026,89,Arturo Vidal,Colo-Colo,1,1
2026-06-18,Liga de Primera 2026,90,Martín Mundaca,Coquimbo Unido,1,1
2026-06-18,Liga de Primera 2026,91,Bruno Gutiérrez,Deportes La Serena,1,1
2026-06-18,Liga de Primera 2026,92,Ángelo Henríquez,Deportes La Serena,1,1
2026-06-18,Liga de Primera 2026,93,Joaquín Montecinos,Deportes Limache,1,1
2026-06-18,Liga de Primera 2026,94,Flavio Moya,Deportes Limache,1,1
2026-06-18,Liga de Primera 2026,95,Nicolás Baeza,Everton,1,1
2026-06-18,Liga de Primera 2026,96,Julián Alfaro,Everton,1,1
2026-06-18,Liga de Primera 2026,97,Nicolás Vargas,Huachipato,1,1
2026-06-18,Liga de Primera 2026,98,Claudio Sepúlveda,Huachipato,1,1
2026-06-18,Liga de Primera 2026,99,Ignacio Tapia,Ñublense,1,1
2026-06-18,Liga de Primera 2026,100,Matías Plaza,Ñublense,1,1
2026-06-18,Liga de Primera 2026,101,Felipe Ogaz,O'Higgins,1,1
2026-06-18,Liga de Primera 2026,102,Martín Maturana,O'Higgins,1,1
2026-06-18,Liga de Primera 2026,103,Sebastián Gallegos,Palestino,1,1
2026-06-18,Liga de Primera 2026,104,Dilan Zúñiga,Palestino,1,1
2026-06-18,Liga de Primera 2026,105,Martín Araya,Palestino,1,1
2026-06-18,Liga de Primera 2026,106,Ronnie Fernández,Palestino,1,1
2026-06-18,Liga de Primera 2026,107,Jason León,Palestino,1,1
2026-06-18,Liga de Primera 2026,108,Agustín Arce,Universidad de Chile,1,1
2026-06-18,Liga de Primera 2026,109,Juan Martín Lucero,Universidad de Chile,1,1
2026-06-18,Liga de Primera 2026,110,Antonio Díaz,Universidad de Concepción,1,1
2026-06-18,Liga de Primera 2026,111,Michael Vadulli,Audax Italiano,1,0
2026-06-18,Liga de Primera 2026,112,Rodrigo Cabral,Audax Italiano,1,0
2026-06-18,Liga de Primera 2026,113,Enzo Ferrario,Audax Italiano,1,0
2026-06-18,Liga de Primera 2026,114,Marco Collao,Audax Italiano,1,0
2026-06-18,Liga de Primera 2026,115,Vicente Zenteno,Audax Italiano,1,0
2026-06-18,Liga de Primera 2026,116,José Tiznado,Cobresal,1,0
2026-06-18,Liga de Primera 2026,117,Joaquín Sosa,Colo-Colo,1,0
2026-06-18,Liga de Primera 2026,118,Guido Vadalá,Coquimbo Unido,1,0
2026-06-18,Liga de Primera 2026,119,Sebastián Galani,Coquimbo Unido,1,0
2026-06-18,Liga de Primera 2026,120,Lucas Pratto,Coquimbo Unido,1,0
2026-06-18,Liga de Primera 2026,121,Manuel Fernández,Coquimbo Unido,1,0
2026-06-18,Liga de Primera 2026,122,Pablo Rodríguez,Coquimbo Unido,1,0
2026-06-18,Liga de Primera 2026,123,Fausto Grillo,Deportes Concepción,1,0
2026-06-18,Liga de Primera 2026,124,Joaquín Larrivey,Deportes Concepción,1,0
2026-06-18,Liga de Primera 2026,125,Ariel Cáceres,Deportes Concepción,1,0
2026-06-18,Liga de Primera 2026,126,Mario Sandoval,Deportes Concepción,1,0
2026-06-18,Liga de Primera 2026,127,Aldrix Jara,Deportes Concepción,1,0
2026-06-18,Liga de Primera 2026,128,Ethan Espinoza,Deportes Concepción,1,0
2026-06-18,Liga de Primera 2026,129,Sebastián Díaz,Deportes La Serena,1,0
2026-06-18,Liga de Primera 2026,130,Lucas Alarcón,Deportes La Serena,1,0
2026-06-18,Liga de Primera 2026,131,Matías Marín,Deportes La Serena,1,0
2026-06-18,Liga de Primera 2026,132,César Pinares,Deportes Limache,1,0
2026-06-18,Liga de Primera 2026,133,Misael Llantén,Deportes Limache,1,0
2026-06-18,Liga de Primera 2026,134,César Fuentes,Deportes Limache,1,0
2026-06-18,Liga de Primera 2026,135,Ramón Martínez,Deportes Limache,1,0
2026-06-18,Liga de Primera 2026,136,Santiago Londoño,Everton,1,0
2026-06-18,Liga de Primera 2026,137,Renzo Malanca,Huachipato,1,0
2026-06-18,Liga de Primera 2026,138,Santiago Silva,Huachipato,1,0
2026-06-18,Liga de Primera 2026,139,Kevin Altez,Huachipato,1,0
2026-06-18,Liga de Primera 2026,140,Diego Céspedes,Ñublense,1,0
2026-06-18,Liga de Primera 2026,141,Giovanny Ávalos,Ñublense,1,0
2026-06-18,Liga de Primera 2026,142,Lorenzo Reyes,Ñublense,1,0
2026-06-18,Liga de Primera 2026,143,Lucas Molina,Ñublense,1,0
2026-06-18,Liga de Primera 2026,144,Miguel Brizuela,O'Higgins,1,0
2026-06-18,Liga de Primera 2026,145,Bastián Yáñez,O'Higgins,1,0
2026-06-18,Liga de Primera 2026,146,Vicente Espinoza,Palestino,1,0
2026-06-18,Liga de Primera 2026,147,Bayron Oyarzo,Unión La Calera,1,0
2026-06-18,Liga de Primera 2026,148,Francisco Pozzo,Unión La Calera,1,0
2026-06-18,Liga de Primera 2026,149,Juan Ignacio Díaz,Universidad Católica,1,0
2026-06-18,Liga de Primera 2026,150,Branco Ampuero,Universidad Católica,1,0
2026-06-18,Liga de Primera 2026,151,Juan Rossel,Universidad Católica,1,0
2026-06-18,Liga de Primera 2026,152,Matías Zaldivia,Universidad de Chile,1,0
2026-06-18,Liga de Primera 2026,153,Daniel Barrea,Universidad de Concepción,1,0
2026-06-18,Liga de Primera 2026,154,Cristhofer Mesías,Universidad de Concepción,1,0
2026-06-18,Liga de Primera 2026,155,Osvaldo González,Universidad de Concepción,1,0
2026-06-19,Liga de Primera 2026,1,Fernando Zampedri,Universidad Católica,15,2
2026-06-19,Liga de Primera 2026,2,Daniel Castro,Deportes Limache,8,5
2026-06-19,Liga de Primera 2026,3,Justo Giani,Universidad Católica,8,3
2026-06-19,Liga de Primera 2026,4,Javier Correa,Colo-Colo,8,2
2026-06-19,Liga de Primera 2026,5,Sebastián Sáez,Unión La Calera,8,1
2026-06-19,Liga de Primera 2026,6,Nelson Da Silva,Palestino,7,2
2026-06-19,Liga de Primera 2026,7,Lionel Altamirano,Huachipato,6,1
2026-06-19,Liga de Primera 2026,8,Steffan Pino,Cobresal,6,0
2026-06-19,Liga de Primera 2026,9,Jean Meneses,Deportes Limache,5,8
2026-06-19,Liga de Primera 2026,10,Jeisson Vargas,Deportes La Serena,5,5
2026-06-19,Liga de Primera 2026,11,Francisco González,O'Higgins,5,4
2026-06-19,Liga de Primera 2026,12,Maximiliano Romero,Colo-Colo,5,1
2026-06-19,Liga de Primera 2026,13,Eduardo Vargas,Universidad de Chile,5,1
2026-06-19,Liga de Primera 2026,14,Nicolás Johansen,Coquimbo Unido,5,0
2026-06-19,Liga de Primera 2026,15,Kevin Méndez,Unión La Calera,4,6
2026-06-19,Liga de Primera 2026,16,Leonardo Valencia,Deportes Concepción,4,2
2026-06-19,Liga de Primera 2026,17,Thiago Vecino,O'Higgins,4,1
2026-06-19,Liga de Primera 2026,18,Felipe Chamorro,Deportes La Serena,4,0
2026-06-19,Liga de Primera 2026,19,Gonzalo Sosa,Deportes Limache,4,0
2026-06-19,Liga de Primera 2026,20,Ignacio Jeraldino,Ñublense,4,0
2026-06-19,Liga de Primera 2026,21,Clemente Montes,Universidad Católica,3,4
2026-06-19,Liga de Primera 2026,22,Diego Rubio,Deportes La Serena,3,3
2026-06-19,Liga de Primera 2026,23,Giovani Chiaverano,Audax Italiano,3,2
2026-06-19,Liga de Primera 2026,24,Lautaro Pastrán,Colo-Colo,3,2
2026-06-19,Liga de Primera 2026,25,Julián Brea,Cobresal,3,1
2026-06-19,Liga de Primera 2026,26,Alan Medina,Everton,3,1
2026-06-19,Liga de Primera 2026,27,Lucas Soto,Everton,3,1
2026-06-19,Liga de Primera 2026,28,Cris Martínez,Huachipato,3,1
2026-06-19,Liga de Primera 2026,29,Cecilio Waterman,Universidad de Concepción,3,1
2026-06-19,Liga de Primera 2026,30,Franco Troyansky,Audax Italiano,3,0
2026-06-19,Liga de Primera 2026,31,Diego Coelho,Audax Italiano,3,0
2026-06-19,Liga de Primera 2026,32,Alejandro Camargo,Coquimbo Unido,3,0
2026-06-19,Liga de Primera 2026,33,Vicente Álvarez,Deportes Limache,3,0
2026-06-19,Liga de Primera 2026,34,Cristian Palacios,Everton,3,0
2026-06-19,Liga de Primera 2026,35,Maximiliano Gutiérrez,Huachipato,3,0
2026-06-19,Liga de Primera 2026,36,Franco Rami,Ñublense,3,0
2026-06-19,Liga de Primera 2026,37,Arnaldo Castillo,O'Higgins,3,0
2026-06-19,Liga de Primera 2026,38,Matías Palavecino,Universidad Católica,2,5
2026-06-19,Liga de Primera 2026,39,Claudio Aquino,Colo-Colo,2,3
2026-06-19,Liga de Primera 2026,40,Leandro Hernández,Colo-Colo,2,2
2026-06-19,Liga de Primera 2026,41,Cristián Zavala,Coquimbo Unido,2,2
2026-06-19,Liga de Primera 2026,42,Mario Briceño,Huachipato,2,2
2026-06-19,Liga de Primera 2026,43,Gabriel Graciani,Ñublense,2,2
2026-06-19,Liga de Primera 2026,44,César Munder,Palestino,2,2
2026-06-19,Liga de Primera 2026,45,Maximiliano Guerrero,Universidad de Chile,2,2
2026-06-19,Liga de Primera 2026,46,Víctor Méndez,Colo-Colo,2,1
2026-06-19,Liga de Primera 2026,47,Alejandro Azócar,Coquimbo Unido,2,1
2026-06-19,Liga de Primera 2026,48,Yerko González,Deportes Limache,2,1
2026-06-19,Liga de Primera 2026,49,Martín Sarrafiore,O'Higgins,2,1
2026-06-19,Liga de Primera 2026,50,Bryan Carrasco,Palestino,2,1
2026-06-19,Liga de Primera 2026,51,Agustín Nadruz,Cobresal,2,0
2026-06-19,Liga de Primera 2026,52,Franco Frías,Cobresal,2,0
2026-06-19,Liga de Primera 2026,53,Álvaro Madrid,Colo-Colo,2,0
2026-06-19,Liga de Primera 2026,54,Jorge Henríquez,Deportes Concepción,2,0
2026-06-19,Liga de Primera 2026,55,Ignacio Mesías,Deportes Concepción,2,0
2026-06-19,Liga de Primera 2026,56,Nicolás Stefanelli,Deportes La Serena,2,0
2026-06-19,Liga de Primera 2026,57,Gonzalo Escalante,Deportes La Serena,2,0
2026-06-19,Liga de Primera 2026,58,Nicolás Montiel,Everton,2,0
2026-06-19,Liga de Primera 2026,59,Diego Sanhueza,Ñublense,2,0
2026-06-19,Liga de Primera 2026,60,Francisco Montes,Palestino,2,0
2026-06-19,Liga de Primera 2026,61,Gonzalo Tapia,Palestino,2,0
2026-06-19,Liga de Primera 2026,62,Matías Campos López,Unión La Calera,2,0
2026-06-19,Liga de Primera 2026,63,Rodrigo Cáseres,Unión La Calera,2,0
2026-06-19,Liga de Primera 2026,64,Javier Altamirano,Universidad de Chile,2,0
2026-06-19,Liga de Primera 2026,65,Nicolás Ramírez,Universidad de Chile,2,0
2026-06-19,Liga de Primera 2026,66,Luis Rojas,Universidad de Concepción,2,0
2026-06-19,Liga de Primera 2026,67,Jeison Fuentealba,Universidad de Concepción,2,0
2026-06-19,Liga de Primera 2026,68,Bryan Carvallo,Cobresal,1,5
2026-06-19,Liga de Primera 2026,69,Cristián Cuevas,Universidad Católica,1,5
2026-06-19,Liga de Primera 2026,70,Esteban Matus,Audax Italiano,1,3
2026-06-19,Liga de Primera 2026,71,Luis Riveros,Coquimbo Unido,1,3
2026-06-19,Liga de Primera 2026,72,Maximiliano Rodríguez,Huachipato,1,3
2026-06-19,Liga de Primera 2026,73,Julián Fernández,Palestino,1,3
2026-06-19,Liga de Primera 2026,74,Guillermo Pacheco,Cobresal,1,2
2026-06-19,Liga de Primera 2026,75,Marcos Arturia,Deportes Limache,1,2
2026-06-19,Liga de Primera 2026,76,Braian Martínez,Everton,1,2
2026-06-19,Liga de Primera 2026,77,Maicol León,Huachipato,1,2
2026-06-19,Liga de Primera 2026,78,Guillermo Guaiquil,Huachipato,1,2
2026-06-19,Liga de Primera 2026,79,Bryan Rabello,O'Higgins,1,2
2026-06-19,Liga de Primera 2026,80,Ian Garguez,Palestino,1,2
2026-06-19,Liga de Primera 2026,81,Jimmy Martínez,Universidad Católica,1,2
2026-06-19,Liga de Primera 2026,82,Diego Corral,Universidad Católica,1,2
2026-06-19,Liga de Primera 2026,83,Fabián Hormazábal,Universidad de Chile,1,2
2026-06-19,Liga de Primera 2026,84,Agustín Urzi,Universidad de Concepción,1,2
2026-06-19,Liga de Primera 2026,85,Federico Mateos,Audax Italiano,1,1
2026-06-19,Liga de Primera 2026,86,Benjamín Valenzuela,Cobresal,1,1
2026-06-19,Liga de Primera 2026,87,Yastin Cuevas,Colo-Colo,1,1
2026-06-19,Liga de Primera 2026,88,Jeyson Rojas,Colo-Colo,1,1
2026-06-19,Liga de Primera 2026,89,Arturo Vidal,Colo-Colo,1,1
2026-06-19,Liga de Primera 2026,90,Martín Mundaca,Coquimbo Unido,1,1
2026-06-19,Liga de Primera 2026,91,Bruno Gutiérrez,Deportes La Serena,1,1
2026-06-19,Liga de Primera 2026,92,Ángelo Henríquez,Deportes La Serena,1,1
2026-06-19,Liga de Primera 2026,93,Joaquín Montecinos,Deportes Limache,1,1
2026-06-19,Liga de Primera 2026,94,Flavio Moya,Deportes Limache,1,1
2026-06-19,Liga de Primera 2026,95,Nicolás Baeza,Everton,1,1
2026-06-19,Liga de Primera 2026,96,Julián Alfaro,Everton,1,1
2026-06-19,Liga de Primera 2026,97,Nicolás Vargas,Huachipato,1,1
2026-06-19,Liga de Primera 2026,98,Claudio Sepúlveda,Huachipato,1,1
2026-06-19,Liga de Primera 2026,99,Ignacio Tapia,Ñublense,1,1
2026-06-19,Liga de Primera 2026,100,Matías Plaza,Ñublense,1,1
2026-06-19,Liga de Primera 2026,101,Felipe Ogaz,O'Higgins,1,1
2026-06-19,Liga de Primera 2026,102,Martín Maturana,O'Higgins,1,1
2026-06-19,Liga de Primera 2026,103,Sebastián Gallegos,Palestino,1,1
2026-06-19,Liga de Primera 2026,104,Dilan Zúñiga,Palestino,1,1
2026-06-19,Liga de Primera 2026,105,Martín Araya,Palestino,1,1
2026-06-19,Liga de Primera 2026,106,Ronnie Fernández,Palestino,1,1
2026-06-19,Liga de Primera 2026,107,Jason León,Palestino,1,1
2026-06-19,Liga de Primera 2026,108,Agustín Arce,Universidad de Chile,1,1
2026-06-19,Liga de Primera 2026,109,Juan Martín Lucero,Universidad de Chile,1,1
2026-06-19,Liga de Primera 2026,110,Ignacio Vásquez,Universidad de Chile,1,1
2026-06-19,Liga de Primera 2026,111,Antonio Díaz,Universidad de Concepción,1,1
2026-06-19,Liga de Primera 2026,112,Michael Vadulli,Audax Italiano,1,0
2026-06-19,Liga de Primera 2026,113,Rodrigo Cabral,Audax Italiano,1,0
2026-06-19,Liga de Primera 2026,114,Enzo Ferrario,Audax Italiano,1,0
2026-06-19,Liga de Primera 2026,115,Marco Collao,Audax Italiano,1,0
2026-06-19,Liga de Primera 2026,116,Vicente Zenteno,Audax Italiano,1,0
2026-06-19,Liga de Primera 2026,117,José Tiznado,Cobresal,1,0
2026-06-19,Liga de Primera 2026,118,Joaquín Sosa,Colo-Colo,1,0
2026-06-19,Liga de Primera 2026,119,Guido Vadalá,Coquimbo Unido,1,0
2026-06-19,Liga de Primera 2026,120,Sebastián Galani,Coquimbo Unido,1,0
2026-06-19,Liga de Primera 2026,121,Lucas Pratto,Coquimbo Unido,1,0
2026-06-19,Liga de Primera 2026,122,Manuel Fernández,Coquimbo Unido,1,0
2026-06-19,Liga de Primera 2026,123,Pablo Rodríguez,Coquimbo Unido,1,0
2026-06-19,Liga de Primera 2026,124,Fausto Grillo,Deportes Concepción,1,0
2026-06-19,Liga de Primera 2026,125,Joaquín Larrivey,Deportes Concepción,1,0
2026-06-19,Liga de Primera 2026,126,Ariel Cáceres,Deportes Concepción,1,0
2026-06-19,Liga de Primera 2026,127,Mario Sandoval,Deportes Concepción,1,0
2026-06-19,Liga de Primera 2026,128,Aldrix Jara,Deportes Concepción,1,0
2026-06-19,Liga de Primera 2026,129,Ethan Espinoza,Deportes Concepción,1,0
2026-06-19,Liga de Primera 2026,130,Sebastián Díaz,Deportes La Serena,1,0
2026-06-19,Liga de Primera 2026,131,Lucas Alarcón,Deportes La Serena,1,0
2026-06-19,Liga de Primera 2026,132,Matías Marín,Deportes La Serena,1,0
2026-06-19,Liga de Primera 2026,133,César Pinares,Deportes Limache,1,0
2026-06-19,Liga de Primera 2026,134,Misael Llantén,Deportes Limache,1,0
2026-06-19,Liga de Primera 2026,135,César Fuentes,Deportes Limache,1,0
2026-06-19,Liga de Primera 2026,136,Ramón Martínez,Deportes Limache,1,0
2026-06-19,Liga de Primera 2026,137,Santiago Londoño,Everton,1,0
2026-06-19,Liga de Primera 2026,138,Renzo Malanca,Huachipato,1,0
2026-06-19,Liga de Primera 2026,139,Santiago Silva,Huachipato,1,0
2026-06-19,Liga de Primera 2026,140,Kevin Altez,Huachipato,1,0
2026-06-19,Liga de Primera 2026,141,Diego Céspedes,Ñublense,1,0
2026-06-19,Liga de Primera 2026,142,Giovanny Ávalos,Ñublense,1,0
2026-06-19,Liga de Primera 2026,143,Lorenzo Reyes,Ñublense,1,0
2026-06-19,Liga de Primera 2026,144,Lucas Molina,Ñublense,1,0
2026-06-19,Liga de Primera 2026,145,Miguel Brizuela,O'Higgins,1,0
2026-06-19,Liga de Primera 2026,146,Bastián Yáñez,O'Higgins,1,0
2026-06-19,Liga de Primera 2026,147,Vicente Espinoza,Palestino,1,0
2026-06-19,Liga de Primera 2026,148,Bayron Oyarzo,Unión La Calera,1,0
2026-06-19,Liga de Primera 2026,149,Francisco Pozzo,Unión La Calera,1,0
2026-06-19,Liga de Primera 2026,150,Juan Ignacio Díaz,Universidad Católica,1,0
2026-06-19,Liga de Primera 2026,151,Branco Ampuero,Universidad Católica,1,0
2026-06-19,Liga de Primera 2026,152,Juan Rossel,Universidad Católica,1,0
2026-06-19,Liga de Primera 2026,153,Matías Zaldivia,Universidad de Chile,1,0
2026-06-19,Liga de Primera 2026,154,Bianneider Tamayo,Universidad de Chile,1,0
2026-06-19,Liga de Primera 2026,155,Daniel Barrea,Universidad de Concepción,1,0
2026-06-19,Liga de Primera 2026,156,Cristhofer Mesías,Universidad de Concepción,1,0
2026-06-19,Liga de Primera 2026,157,Osvaldo González,Universidad de Concepción,1,0
2026-06-20,Liga de Primera 2026,1,Fernando Zampedri,Universidad Católica,15,2
2026-06-20,Liga de Primera 2026,2,Daniel Castro,Deportes Limache,8,5
2026-06-20,Liga de Primera 2026,3,Justo Giani,Universidad Católica,8,3
2026-06-20,Liga de Primera 2026,4,Javier Correa,Colo-Colo,8,2
2026-06-20,Liga de Primera 2026,5,Sebastián Sáez,Unión La Calera,8,1
2026-06-20,Liga de Primera 2026,6,Nelson Da Silva,Palestino,7,2
2026-06-20,Liga de Primera 2026,7,Lionel Altamirano,Huachipato,6,1
2026-06-20,Liga de Primera 2026,8,Steffan Pino,Cobresal,6,0
2026-06-20,Liga de Primera 2026,9,Jean Meneses,Deportes Limache,5,8
2026-06-20,Liga de Primera 2026,10,Jeisson Vargas,Deportes La Serena,5,5
2026-06-20,Liga de Primera 2026,11,Francisco González,O'Higgins,5,4
2026-06-20,Liga de Primera 2026,12,Maximiliano Romero,Colo-Colo,5,1
2026-06-20,Liga de Primera 2026,13,Eduardo Vargas,Universidad de Chile,5,1
2026-06-20,Liga de Primera 2026,14,Nicolás Johansen,Coquimbo Unido,5,0
2026-06-20,Liga de Primera 2026,15,Kevin Méndez,Unión La Calera,4,6
2026-06-20,Liga de Primera 2026,16,Leonardo Valencia,Deportes Concepción,4,2
2026-06-20,Liga de Primera 2026,17,Thiago Vecino,O'Higgins,4,1
2026-06-20,Liga de Primera 2026,18,Felipe Chamorro,Deportes La Serena,4,0
2026-06-20,Liga de Primera 2026,19,Gonzalo Sosa,Deportes Limache,4,0
2026-06-20,Liga de Primera 2026,20,Ignacio Jeraldino,Ñublense,4,0
2026-06-20,Liga de Primera 2026,21,Clemente Montes,Universidad Católica,3,4
2026-06-20,Liga de Primera 2026,22,Diego Rubio,Deportes La Serena,3,3
2026-06-20,Liga de Primera 2026,23,Giovani Chiaverano,Audax Italiano,3,2
2026-06-20,Liga de Primera 2026,24,Lautaro Pastrán,Colo-Colo,3,2
2026-06-20,Liga de Primera 2026,25,Julián Brea,Cobresal,3,1
2026-06-20,Liga de Primera 2026,26,Alan Medina,Everton,3,1
2026-06-20,Liga de Primera 2026,27,Lucas Soto,Everton,3,1
2026-06-20,Liga de Primera 2026,28,Cris Martínez,Huachipato,3,1
2026-06-20,Liga de Primera 2026,29,Cecilio Waterman,Universidad de Concepción,3,1
2026-06-20,Liga de Primera 2026,30,Franco Troyansky,Audax Italiano,3,0
2026-06-20,Liga de Primera 2026,31,Diego Coelho,Audax Italiano,3,0
2026-06-20,Liga de Primera 2026,32,Alejandro Camargo,Coquimbo Unido,3,0
2026-06-20,Liga de Primera 2026,33,Vicente Álvarez,Deportes Limache,3,0
2026-06-20,Liga de Primera 2026,34,Cristian Palacios,Everton,3,0
2026-06-20,Liga de Primera 2026,35,Maximiliano Gutiérrez,Huachipato,3,0
2026-06-20,Liga de Primera 2026,36,Franco Rami,Ñublense,3,0
2026-06-20,Liga de Primera 2026,37,Arnaldo Castillo,O'Higgins,3,0
2026-06-20,Liga de Primera 2026,38,Matías Palavecino,Universidad Católica,2,5
2026-06-20,Liga de Primera 2026,39,Claudio Aquino,Colo-Colo,2,3
2026-06-20,Liga de Primera 2026,40,Leandro Hernández,Colo-Colo,2,2
2026-06-20,Liga de Primera 2026,41,Cristián Zavala,Coquimbo Unido,2,2
2026-06-20,Liga de Primera 2026,42,Mario Briceño,Huachipato,2,2
2026-06-20,Liga de Primera 2026,43,Gabriel Graciani,Ñublense,2,2
2026-06-20,Liga de Primera 2026,44,César Munder,Palestino,2,2
2026-06-20,Liga de Primera 2026,45,Maximiliano Guerrero,Universidad de Chile,2,2
2026-06-20,Liga de Primera 2026,46,Víctor Méndez,Colo-Colo,2,1
2026-06-20,Liga de Primera 2026,47,Alejandro Azócar,Coquimbo Unido,2,1
2026-06-20,Liga de Primera 2026,48,Yerko González,Deportes Limache,2,1
2026-06-20,Liga de Primera 2026,49,Martín Sarrafiore,O'Higgins,2,1
2026-06-20,Liga de Primera 2026,50,Bryan Carrasco,Palestino,2,1
2026-06-20,Liga de Primera 2026,51,Agustín Nadruz,Cobresal,2,0
2026-06-20,Liga de Primera 2026,52,Franco Frías,Cobresal,2,0
2026-06-20,Liga de Primera 2026,53,Álvaro Madrid,Colo-Colo,2,0
2026-06-20,Liga de Primera 2026,54,Jorge Henríquez,Deportes Concepción,2,0
2026-06-20,Liga de Primera 2026,55,Ignacio Mesías,Deportes Concepción,2,0
2026-06-20,Liga de Primera 2026,56,Nicolás Stefanelli,Deportes La Serena,2,0
2026-06-20,Liga de Primera 2026,57,Gonzalo Escalante,Deportes La Serena,2,0
2026-06-20,Liga de Primera 2026,58,Nicolás Montiel,Everton,2,0
2026-06-20,Liga de Primera 2026,59,Diego Sanhueza,Ñublense,2,0
2026-06-20,Liga de Primera 2026,60,Francisco Montes,Palestino,2,0
2026-06-20,Liga de Primera 2026,61,Gonzalo Tapia,Palestino,2,0
2026-06-20,Liga de Primera 2026,62,Matías Campos López,Unión La Calera,2,0
2026-06-20,Liga de Primera 2026,63,Rodrigo Cáseres,Unión La Calera,2,0
2026-06-20,Liga de Primera 2026,64,Javier Altamirano,Universidad de Chile,2,0
2026-06-20,Liga de Primera 2026,65,Nicolás Ramírez,Universidad de Chile,2,0
2026-06-20,Liga de Primera 2026,66,Luis Rojas,Universidad de Concepción,2,0
2026-06-20,Liga de Primera 2026,67,Jeison Fuentealba,Universidad de Concepción,2,0
2026-06-20,Liga de Primera 2026,68,Bryan Carvallo,Cobresal,1,5
2026-06-20,Liga de Primera 2026,69,Cristián Cuevas,Universidad Católica,1,5
2026-06-20,Liga de Primera 2026,70,Esteban Matus,Audax Italiano,1,3
2026-06-20,Liga de Primera 2026,71,Luis Riveros,Coquimbo Unido,1,3
2026-06-20,Liga de Primera 2026,72,Maximiliano Rodríguez,Huachipato,1,3
2026-06-20,Liga de Primera 2026,73,Julián Fernández,Palestino,1,3
2026-06-20,Liga de Primera 2026,74,Guillermo Pacheco,Cobresal,1,2
2026-06-20,Liga de Primera 2026,75,Marcos Arturia,Deportes Limache,1,2
2026-06-20,Liga de Primera 2026,76,Braian Martínez,Everton,1,2
2026-06-20,Liga de Primera 2026,77,Maicol León,Huachipato,1,2
2026-06-20,Liga de Primera 2026,78,Guillermo Guaiquil,Huachipato,1,2
2026-06-20,Liga de Primera 2026,79,Bryan Rabello,O'Higgins,1,2
2026-06-20,Liga de Primera 2026,80,Ian Garguez,Palestino,1,2
2026-06-20,Liga de Primera 2026,81,Jimmy Martínez,Universidad Católica,1,2
2026-06-20,Liga de Primera 2026,82,Diego Corral,Universidad Católica,1,2
2026-06-20,Liga de Primera 2026,83,Fabián Hormazábal,Universidad de Chile,1,2
2026-06-20,Liga de Primera 2026,84,Agustín Urzi,Universidad de Concepción,1,2
2026-06-20,Liga de Primera 2026,85,Federico Mateos,Audax Italiano,1,1
2026-06-20,Liga de Primera 2026,86,Benjamín Valenzuela,Cobresal,1,1
2026-06-20,Liga de Primera 2026,87,Yastin Cuevas,Colo-Colo,1,1
2026-06-20,Liga de Primera 2026,88,Jeyson Rojas,Colo-Colo,1,1
2026-06-20,Liga de Primera 2026,89,Arturo Vidal,Colo-Colo,1,1
2026-06-20,Liga de Primera 2026,90,Martín Mundaca,Coquimbo Unido,1,1
2026-06-20,Liga de Primera 2026,91,Bruno Gutiérrez,Deportes La Serena,1,1
2026-06-20,Liga de Primera 2026,92,Ángelo Henríquez,Deportes La Serena,1,1
2026-06-20,Liga de Primera 2026,93,Joaquín Montecinos,Deportes Limache,1,1
2026-06-20,Liga de Primera 2026,94,Flavio Moya,Deportes Limache,1,1
2026-06-20,Liga de Primera 2026,95,Nicolás Baeza,Everton,1,1
2026-06-20,Liga de Primera 2026,96,Julián Alfaro,Everton,1,1
2026-06-20,Liga de Primera 2026,97,Nicolás Vargas,Huachipato,1,1
2026-06-20,Liga de Primera 2026,98,Claudio Sepúlveda,Huachipato,1,1
2026-06-20,Liga de Primera 2026,99,Ignacio Tapia,Ñublense,1,1
2026-06-20,Liga de Primera 2026,100,Matías Plaza,Ñublense,1,1
2026-06-20,Liga de Primera 2026,101,Felipe Ogaz,O'Higgins,1,1
2026-06-20,Liga de Primera 2026,102,Martín Maturana,O'Higgins,1,1
2026-06-20,Liga de Primera 2026,103,Sebastián Gallegos,Palestino,1,1
2026-06-20,Liga de Primera 2026,104,Dilan Zúñiga,Palestino,1,1
2026-06-20,Liga de Primera 2026,105,Martín Araya,Palestino,1,1
2026-06-20,Liga de Primera 2026,106,Ronnie Fernández,Palestino,1,1
2026-06-20,Liga de Primera 2026,107,Jason León,Palestino,1,1
2026-06-20,Liga de Primera 2026,108,Agustín Arce,Universidad de Chile,1,1
2026-06-20,Liga de Primera 2026,109,Juan Martín Lucero,Universidad de Chile,1,1
2026-06-20,Liga de Primera 2026,110,Ignacio Vásquez,Universidad de Chile,1,1
2026-06-20,Liga de Primera 2026,111,Antonio Díaz,Universidad de Concepción,1,1
2026-06-20,Liga de Primera 2026,112,Michael Vadulli,Audax Italiano,1,0
2026-06-20,Liga de Primera 2026,113,Rodrigo Cabral,Audax Italiano,1,0
2026-06-20,Liga de Primera 2026,114,Enzo Ferrario,Audax Italiano,1,0
2026-06-20,Liga de Primera 2026,115,Marco Collao,Audax Italiano,1,0
2026-06-20,Liga de Primera 2026,116,Vicente Zenteno,Audax Italiano,1,0
2026-06-20,Liga de Primera 2026,117,José Tiznado,Cobresal,1,0
2026-06-20,Liga de Primera 2026,118,Joaquín Sosa,Colo-Colo,1,0
2026-06-20,Liga de Primera 2026,119,Guido Vadalá,Coquimbo Unido,1,0
2026-06-20,Liga de Primera 2026,120,Sebastián Galani,Coquimbo Unido,1,0
2026-06-20,Liga de Primera 2026,121,Lucas Pratto,Coquimbo Unido,1,0
2026-06-20,Liga de Primera 2026,122,Manuel Fernández,Coquimbo Unido,1,0
2026-06-20,Liga de Primera 2026,123,Pablo Rodríguez,Coquimbo Unido,1,0
2026-06-20,Liga de Primera 2026,124,Fausto Grillo,Deportes Concepción,1,0
2026-06-20,Liga de Primera 2026,125,Joaquín Larrivey,Deportes Concepción,1,0
2026-06-20,Liga de Primera 2026,126,Ariel Cáceres,Deportes Concepción,1,0
2026-06-20,Liga de Primera 2026,127,Mario Sandoval,Deportes Concepción,1,0
2026-06-20,Liga de Primera 2026,128,Aldrix Jara,Deportes Concepción,1,0
2026-06-20,Liga de Primera 2026,129,Ethan Espinoza,Deportes Concepción,1,0
2026-06-20,Liga de Primera 2026,130,Sebastián Díaz,Deportes La Serena,1,0
2026-06-20,Liga de Primera 2026,131,Lucas Alarcón,Deportes La Serena,1,0
2026-06-20,Liga de Primera 2026,132,Matías Marín,Deportes La Serena,1,0
2026-06-20,Liga de Primera 2026,133,César Pinares,Deportes Limache,1,0
2026-06-20,Liga de Primera 2026,134,Misael Llantén,Deportes Limache,1,0
2026-06-20,Liga de Primera 2026,135,César Fuentes,Deportes Limache,1,0
2026-06-20,Liga de Primera 2026,136,Ramón Martínez,Deportes Limache,1,0
2026-06-20,Liga de Primera 2026,137,Santiago Londoño,Everton,1,0
2026-06-20,Liga de Primera 2026,138,Renzo Malanca,Huachipato,1,0
2026-06-20,Liga de Primera 2026,139,Santiago Silva,Huachipato,1,0
2026-06-20,Liga de Primera 2026,140,Kevin Altez,Huachipato,1,0
2026-06-20,Liga de Primera 2026,141,Diego Céspedes,Ñublense,1,0
2026-06-20,Liga de Primera 2026,142,Giovanny Ávalos,Ñublense,1,0
2026-06-20,Liga de Primera 2026,143,Lorenzo Reyes,Ñublense,1,0
2026-06-20,Liga de Primera 2026,144,Lucas Molina,Ñublense,1,0
2026-06-20,Liga de Primera 2026,145,Miguel Brizuela,O'Higgins,1,0
2026-06-20,Liga de Primera 2026,146,Bastián Yáñez,O'Higgins,1,0
2026-06-20,Liga de Primera 2026,147,Vicente Espinoza,Palestino,1,0
2026-06-20,Liga de Primera 2026,148,Bayron Oyarzo,Unión La Calera,1,0
2026-06-20,Liga de Primera 2026,149,Francisco Pozzo,Unión La Calera,1,0
2026-06-20,Liga de Primera 2026,150,Juan Ignacio Díaz,Universidad Católica,1,0
2026-06-20,Liga de Primera 2026,151,Branco Ampuero,Universidad Católica,1,0
2026-06-20,Liga de Primera 2026,152,Juan Rossel,Universidad Católica,1,0
2026-06-20,Liga de Primera 2026,153,Matías Zaldivia,Universidad de Chile,1,0
2026-06-20,Liga de Primera 2026,154,Bianneider Tamayo,Universidad de Chile,1,0
2026-06-20,Liga de Primera 2026,155,Daniel Barrea,Universidad de Concepción,1,0
2026-06-20,Liga de Primera 2026,156,Cristhofer Mesías,Universidad de Concepción,1,0
2026-06-20,Liga de Primera 2026,157,Osvaldo González,Universidad de Concepción,1,0
2026-06-21,Liga de Primera 2026,1,Fernando Zampedri,Universidad Católica,15,2
2026-06-21,Liga de Primera 2026,2,Daniel Castro,Deportes Limache,8,5
2026-06-21,Liga de Primera 2026,3,Justo Giani,Universidad Católica,8,3
2026-06-21,Liga de Primera 2026,4,Javier Correa,Colo-Colo,8,2
2026-06-21,Liga de Primera 2026,5,Sebastián Sáez,Unión La Calera,8,1
2026-06-21,Liga de Primera 2026,6,Nelson Da Silva,Palestino,7,2
2026-06-21,Liga de Primera 2026,7,Lionel Altamirano,Huachipato,6,1
2026-06-21,Liga de Primera 2026,8,Steffan Pino,Cobresal,6,0
2026-06-21,Liga de Primera 2026,9,Jean Meneses,Deportes Limache,5,8
2026-06-21,Liga de Primera 2026,10,Jeisson Vargas,Deportes La Serena,5,5
2026-06-21,Liga de Primera 2026,11,Francisco González,O'Higgins,5,4
2026-06-21,Liga de Primera 2026,12,Maximiliano Romero,Colo-Colo,5,1
2026-06-21,Liga de Primera 2026,13,Eduardo Vargas,Universidad de Chile,5,1
2026-06-21,Liga de Primera 2026,14,Nicolás Johansen,Coquimbo Unido,5,0
2026-06-21,Liga de Primera 2026,15,Kevin Méndez,Unión La Calera,4,6
2026-06-21,Liga de Primera 2026,16,Leonardo Valencia,Deportes Concepción,4,2
2026-06-21,Liga de Primera 2026,17,Thiago Vecino,O'Higgins,4,1
2026-06-21,Liga de Primera 2026,18,Felipe Chamorro,Deportes La Serena,4,0
2026-06-21,Liga de Primera 2026,19,Gonzalo Sosa,Deportes Limache,4,0
2026-06-21,Liga de Primera 2026,20,Ignacio Jeraldino,Ñublense,4,0
2026-06-21,Liga de Primera 2026,21,Clemente Montes,Universidad Católica,3,4
2026-06-21,Liga de Primera 2026,22,Diego Rubio,Deportes La Serena,3,3
2026-06-21,Liga de Primera 2026,23,Giovani Chiaverano,Audax Italiano,3,2
2026-06-21,Liga de Primera 2026,24,Lautaro Pastrán,Colo-Colo,3,2
2026-06-21,Liga de Primera 2026,25,Julián Brea,Cobresal,3,1
2026-06-21,Liga de Primera 2026,26,Alan Medina,Everton,3,1
2026-06-21,Liga de Primera 2026,27,Lucas Soto,Everton,3,1
2026-06-21,Liga de Primera 2026,28,Cris Martínez,Huachipato,3,1
2026-06-21,Liga de Primera 2026,29,Cecilio Waterman,Universidad de Concepción,3,1
2026-06-21,Liga de Primera 2026,30,Franco Troyansky,Audax Italiano,3,0
2026-06-21,Liga de Primera 2026,31,Diego Coelho,Audax Italiano,3,0
2026-06-21,Liga de Primera 2026,32,Alejandro Camargo,Coquimbo Unido,3,0
2026-06-21,Liga de Primera 2026,33,Vicente Álvarez,Deportes Limache,3,0
2026-06-21,Liga de Primera 2026,34,Cristian Palacios,Everton,3,0
2026-06-21,Liga de Primera 2026,35,Maximiliano Gutiérrez,Huachipato,3,0
2026-06-21,Liga de Primera 2026,36,Franco Rami,Ñublense,3,0
2026-06-21,Liga de Primera 2026,37,Arnaldo Castillo,O'Higgins,3,0
2026-06-21,Liga de Primera 2026,38,Matías Palavecino,Universidad Católica,2,5
2026-06-21,Liga de Primera 2026,39,Claudio Aquino,Colo-Colo,2,3
2026-06-21,Liga de Primera 2026,40,Leandro Hernández,Colo-Colo,2,2
2026-06-21,Liga de Primera 2026,41,Cristián Zavala,Coquimbo Unido,2,2
2026-06-21,Liga de Primera 2026,42,Mario Briceño,Huachipato,2,2
2026-06-21,Liga de Primera 2026,43,Gabriel Graciani,Ñublense,2,2
2026-06-21,Liga de Primera 2026,44,César Munder,Palestino,2,2
2026-06-21,Liga de Primera 2026,45,Maximiliano Guerrero,Universidad de Chile,2,2
2026-06-21,Liga de Primera 2026,46,Víctor Méndez,Colo-Colo,2,1
2026-06-21,Liga de Primera 2026,47,Alejandro Azócar,Coquimbo Unido,2,1
2026-06-21,Liga de Primera 2026,48,Yerko González,Deportes Limache,2,1
2026-06-21,Liga de Primera 2026,49,Martín Sarrafiore,O'Higgins,2,1
2026-06-21,Liga de Primera 2026,50,Bryan Carrasco,Palestino,2,1
2026-06-21,Liga de Primera 2026,51,Agustín Nadruz,Cobresal,2,0
2026-06-21,Liga de Primera 2026,52,Franco Frías,Cobresal,2,0
2026-06-21,Liga de Primera 2026,53,Álvaro Madrid,Colo-Colo,2,0
2026-06-21,Liga de Primera 2026,54,Jorge Henríquez,Deportes Concepción,2,0
2026-06-21,Liga de Primera 2026,55,Ignacio Mesías,Deportes Concepción,2,0
2026-06-21,Liga de Primera 2026,56,Nicolás Stefanelli,Deportes La Serena,2,0
2026-06-21,Liga de Primera 2026,57,Gonzalo Escalante,Deportes La Serena,2,0
2026-06-21,Liga de Primera 2026,58,Nicolás Montiel,Everton,2,0
2026-06-21,Liga de Primera 2026,59,Diego Sanhueza,Ñublense,2,0
2026-06-21,Liga de Primera 2026,60,Francisco Montes,Palestino,2,0
2026-06-21,Liga de Primera 2026,61,Gonzalo Tapia,Palestino,2,0
2026-06-21,Liga de Primera 2026,62,Matías Campos López,Unión La Calera,2,0
2026-06-21,Liga de Primera 2026,63,Rodrigo Cáseres,Unión La Calera,2,0
2026-06-21,Liga de Primera 2026,64,Javier Altamirano,Universidad de Chile,2,0
2026-06-21,Liga de Primera 2026,65,Nicolás Ramírez,Universidad de Chile,2,0
2026-06-21,Liga de Primera 2026,66,Luis Rojas,Universidad de Concepción,2,0
2026-06-21,Liga de Primera 2026,67,Jeison Fuentealba,Universidad de Concepción,2,0
2026-06-21,Liga de Primera 2026,68,Bryan Carvallo,Cobresal,1,5
2026-06-21,Liga de Primera 2026,69,Cristián Cuevas,Universidad Católica,1,5
2026-06-21,Liga de Primera 2026,70,Esteban Matus,Audax Italiano,1,3
2026-06-21,Liga de Primera 2026,71,Luis Riveros,Coquimbo Unido,1,3
2026-06-21,Liga de Primera 2026,72,Maximiliano Rodríguez,Huachipato,1,3
2026-06-21,Liga de Primera 2026,73,Julián Fernández,Palestino,1,3
2026-06-21,Liga de Primera 2026,74,Guillermo Pacheco,Cobresal,1,2
2026-06-21,Liga de Primera 2026,75,Marcos Arturia,Deportes Limache,1,2
2026-06-21,Liga de Primera 2026,76,Braian Martínez,Everton,1,2
2026-06-21,Liga de Primera 2026,77,Maicol León,Huachipato,1,2
2026-06-21,Liga de Primera 2026,78,Guillermo Guaiquil,Huachipato,1,2
2026-06-21,Liga de Primera 2026,79,Bryan Rabello,O'Higgins,1,2
2026-06-21,Liga de Primera 2026,80,Ian Garguez,Palestino,1,2
2026-06-21,Liga de Primera 2026,81,Jimmy Martínez,Universidad Católica,1,2
2026-06-21,Liga de Primera 2026,82,Diego Corral,Universidad Católica,1,2
2026-06-21,Liga de Primera 2026,83,Fabián Hormazábal,Universidad de Chile,1,2
2026-06-21,Liga de Primera 2026,84,Agustín Urzi,Universidad de Concepción,1,2
2026-06-21,Liga de Primera 2026,85,Federico Mateos,Audax Italiano,1,1
2026-06-21,Liga de Primera 2026,86,Benjamín Valenzuela,Cobresal,1,1
2026-06-21,Liga de Primera 2026,87,Yastin Cuevas,Colo-Colo,1,1
2026-06-21,Liga de Primera 2026,88,Jeyson Rojas,Colo-Colo,1,1
2026-06-21,Liga de Primera 2026,89,Arturo Vidal,Colo-Colo,1,1
2026-06-21,Liga de Primera 2026,90,Martín Mundaca,Coquimbo Unido,1,1
2026-06-21,Liga de Primera 2026,91,Bruno Gutiérrez,Deportes La Serena,1,1
2026-06-21,Liga de Primera 2026,92,Ángelo Henríquez,Deportes La Serena,1,1
2026-06-21,Liga de Primera 2026,93,Joaquín Montecinos,Deportes Limache,1,1
2026-06-21,Liga de Primera 2026,94,Flavio Moya,Deportes Limache,1,1
2026-06-21,Liga de Primera 2026,95,Nicolás Baeza,Everton,1,1
2026-06-21,Liga de Primera 2026,96,Julián Alfaro,Everton,1,1
2026-06-21,Liga de Primera 2026,97,Nicolás Vargas,Huachipato,1,1
2026-06-21,Liga de Primera 2026,98,Claudio Sepúlveda,Huachipato,1,1
2026-06-21,Liga de Primera 2026,99,Ignacio Tapia,Ñublense,1,1
2026-06-21,Liga de Primera 2026,100,Matías Plaza,Ñublense,1,1
2026-06-21,Liga de Primera 2026,101,Felipe Ogaz,O'Higgins,1,1
2026-06-21,Liga de Primera 2026,102,Martín Maturana,O'Higgins,1,1
2026-06-21,Liga de Primera 2026,103,Sebastián Gallegos,Palestino,1,1
2026-06-21,Liga de Primera 2026,104,Dilan Zúñiga,Palestino,1,1
2026-06-21,Liga de Primera 2026,105,Martín Araya,Palestino,1,1
2026-06-21,Liga de Primera 2026,106,Ronnie Fernández,Palestino,1,1
2026-06-21,Liga de Primera 2026,107,Jason León,Palestino,1,1
2026-06-21,Liga de Primera 2026,108,Agustín Arce,Universidad de Chile,1,1
2026-06-21,Liga de Primera 2026,109,Juan Martín Lucero,Universidad de Chile,1,1
2026-06-21,Liga de Primera 2026,110,Ignacio Vásquez,Universidad de Chile,1,1
2026-06-21,Liga de Primera 2026,111,Antonio Díaz,Universidad de Concepción,1,1
2026-06-21,Liga de Primera 2026,112,Michael Vadulli,Audax Italiano,1,0
2026-06-21,Liga de Primera 2026,113,Rodrigo Cabral,Audax Italiano,1,0
2026-06-21,Liga de Primera 2026,114,Enzo Ferrario,Audax Italiano,1,0
2026-06-21,Liga de Primera 2026,115,Marco Collao,Audax Italiano,1,0
2026-06-21,Liga de Primera 2026,116,Vicente Zenteno,Audax Italiano,1,0
2026-06-21,Liga de Primera 2026,117,José Tiznado,Cobresal,1,0
2026-06-21,Liga de Primera 2026,118,Joaquín Sosa,Colo-Colo,1,0
2026-06-21,Liga de Primera 2026,119,Guido Vadalá,Coquimbo Unido,1,0
2026-06-21,Liga de Primera 2026,120,Sebastián Galani,Coquimbo Unido,1,0
2026-06-21,Liga de Primera 2026,121,Lucas Pratto,Coquimbo Unido,1,0
2026-06-21,Liga de Primera 2026,122,Manuel Fernández,Coquimbo Unido,1,0
2026-06-21,Liga de Primera 2026,123,Pablo Rodríguez,Coquimbo Unido,1,0
2026-06-21,Liga de Primera 2026,124,Fausto Grillo,Deportes Concepción,1,0
2026-06-21,Liga de Primera 2026,125,Joaquín Larrivey,Deportes Concepción,1,0
2026-06-21,Liga de Primera 2026,126,Ariel Cáceres,Deportes Concepción,1,0
2026-06-21,Liga de Primera 2026,127,Mario Sandoval,Deportes Concepción,1,0
2026-06-21,Liga de Primera 2026,128,Aldrix Jara,Deportes Concepción,1,0
2026-06-21,Liga de Primera 2026,129,Ethan Espinoza,Deportes Concepción,1,0
2026-06-21,Liga de Primera 2026,130,Sebastián Díaz,Deportes La Serena,1,0
2026-06-21,Liga de Primera 2026,131,Lucas Alarcón,Deportes La Serena,1,0
2026-06-21,Liga de Primera 2026,132,Matías Marín,Deportes La Serena,1,0
2026-06-21,Liga de Primera 2026,133,César Pinares,Deportes Limache,1,0
2026-06-21,Liga de Primera 2026,134,Misael Llantén,Deportes Limache,1,0
2026-06-21,Liga de Primera 2026,135,César Fuentes,Deportes Limache,1,0
2026-06-21,Liga de Primera 2026,136,Ramón Martínez,Deportes Limache,1,0
2026-06-21,Liga de Primera 2026,137,Santiago Londoño,Everton,1,0
2026-06-21,Liga de Primera 2026,138,Renzo Malanca,Huachipato,1,0
2026-06-21,Liga de Primera 2026,139,Santiago Silva,Huachipato,1,0
2026-06-21,Liga de Primera 2026,140,Kevin Altez,Huachipato,1,0
2026-06-21,Liga de Primera 2026,141,Diego Céspedes,Ñublense,1,0
2026-06-21,Liga de Primera 2026,142,Giovanny Ávalos,Ñublense,1,0
2026-06-21,Liga de Primera 2026,143,Lorenzo Reyes,Ñublense,1,0
2026-06-21,Liga de Primera 2026,144,Lucas Molina,Ñublense,1,0
2026-06-21,Liga de Primera 2026,145,Miguel Brizuela,O'Higgins,1,0
2026-06-21,Liga de Primera 2026,146,Bastián Yáñez,O'Higgins,1,0
2026-06-21,Liga de Primera 2026,147,Vicente Espinoza,Palestino,1,0
2026-06-21,Liga de Primera 2026,148,Bayron Oyarzo,Unión La Calera,1,0
2026-06-21,Liga de Primera 2026,149,Francisco Pozzo,Unión La Calera,1,0
2026-06-21,Liga de Primera 2026,150,Juan Ignacio Díaz,Universidad Católica,1,0
2026-06-21,Liga de Primera 2026,151,Branco Ampuero,Universidad Católica,1,0
2026-06-21,Liga de Primera 2026,152,Juan Rossel,Universidad Católica,1,0
2026-06-21,Liga de Primera 2026,153,Matías Zaldivia,Universidad de Chile,1,0
2026-06-21,Liga de Primera 2026,154,Bianneider Tamayo,Universidad de Chile,1,0
2026-06-21,Liga de Primera 2026,155,Daniel Barrea,Universidad de Concepción,1,0
2026-06-21,Liga de Primera 2026,156,Cristhofer Mesías,Universidad de Concepción,1,0
2026-06-21,Liga de Primera 2026,157,Osvaldo González,Universidad de Concepción,1,0
2026-06-22,Liga de Primera 2026,1,Fernando Zampedri,Universidad Católica,15,2
2026-06-22,Liga de Primera 2026,2,Daniel Castro,Deportes Limache,8,5
2026-06-22,Liga de Primera 2026,3,Justo Giani,Universidad Católica,8,3
2026-06-22,Liga de Primera 2026,4,Javier Correa,Colo-Colo,8,2
2026-06-22,Liga de Primera 2026,5,Sebastián Sáez,Unión La Calera,8,1
2026-06-22,Liga de Primera 2026,6,Nelson Da Silva,Palestino,7,2
2026-06-22,Liga de Primera 2026,7,Lionel Altamirano,Huachipato,6,1
2026-06-22,Liga de Primera 2026,8,Steffan Pino,Cobresal,6,0
2026-06-22,Liga de Primera 2026,9,Jean Meneses,Deportes Limache,5,8
2026-06-22,Liga de Primera 2026,10,Jeisson Vargas,Deportes La Serena,5,5
2026-06-22,Liga de Primera 2026,11,Francisco González,O'Higgins,5,4
2026-06-22,Liga de Primera 2026,12,Maximiliano Romero,Colo-Colo,5,1
2026-06-22,Liga de Primera 2026,13,Eduardo Vargas,Universidad de Chile,5,1
2026-06-22,Liga de Primera 2026,14,Nicolás Johansen,Coquimbo Unido,5,0
2026-06-22,Liga de Primera 2026,15,Kevin Méndez,Unión La Calera,4,6
2026-06-22,Liga de Primera 2026,16,Leonardo Valencia,Deportes Concepción,4,2
2026-06-22,Liga de Primera 2026,17,Thiago Vecino,O'Higgins,4,1
2026-06-22,Liga de Primera 2026,18,Felipe Chamorro,Deportes La Serena,4,0
2026-06-22,Liga de Primera 2026,19,Gonzalo Sosa,Deportes Limache,4,0
2026-06-22,Liga de Primera 2026,20,Ignacio Jeraldino,Ñublense,4,0
2026-06-22,Liga de Primera 2026,21,Clemente Montes,Universidad Católica,3,4
2026-06-22,Liga de Primera 2026,22,Diego Rubio,Deportes La Serena,3,3
2026-06-22,Liga de Primera 2026,23,Giovani Chiaverano,Audax Italiano,3,2
2026-06-22,Liga de Primera 2026,24,Lautaro Pastrán,Colo-Colo,3,2
2026-06-22,Liga de Primera 2026,25,Julián Brea,Cobresal,3,1
2026-06-22,Liga de Primera 2026,26,Alan Medina,Everton,3,1
2026-06-22,Liga de Primera 2026,27,Lucas Soto,Everton,3,1
2026-06-22,Liga de Primera 2026,28,Cris Martínez,Huachipato,3,1
2026-06-22,Liga de Primera 2026,29,Cecilio Waterman,Universidad de Concepción,3,1
2026-06-22,Liga de Primera 2026,30,Franco Troyansky,Audax Italiano,3,0
2026-06-22,Liga de Primera 2026,31,Diego Coelho,Audax Italiano,3,0
2026-06-22,Liga de Primera 2026,32,Alejandro Camargo,Coquimbo Unido,3,0
2026-06-22,Liga de Primera 2026,33,Vicente Álvarez,Deportes Limache,3,0
2026-06-22,Liga de Primera 2026,34,Cristian Palacios,Everton,3,0
2026-06-22,Liga de Primera 2026,35,Maximiliano Gutiérrez,Huachipato,3,0
2026-06-22,Liga de Primera 2026,36,Franco Rami,Ñublense,3,0
2026-06-22,Liga de Primera 2026,37,Arnaldo Castillo,O'Higgins,3,0
2026-06-22,Liga de Primera 2026,38,Matías Palavecino,Universidad Católica,2,5
2026-06-22,Liga de Primera 2026,39,Claudio Aquino,Colo-Colo,2,3
2026-06-22,Liga de Primera 2026,40,Leandro Hernández,Colo-Colo,2,2
2026-06-22,Liga de Primera 2026,41,Cristián Zavala,Coquimbo Unido,2,2
2026-06-22,Liga de Primera 2026,42,Mario Briceño,Huachipato,2,2
2026-06-22,Liga de Primera 2026,43,Gabriel Graciani,Ñublense,2,2
2026-06-22,Liga de Primera 2026,44,César Munder,Palestino,2,2
2026-06-22,Liga de Primera 2026,45,Maximiliano Guerrero,Universidad de Chile,2,2
2026-06-22,Liga de Primera 2026,46,Víctor Méndez,Colo-Colo,2,1
2026-06-22,Liga de Primera 2026,47,Alejandro Azócar,Coquimbo Unido,2,1
2026-06-22,Liga de Primera 2026,48,Yerko González,Deportes Limache,2,1
2026-06-22,Liga de Primera 2026,49,Martín Sarrafiore,O'Higgins,2,1
2026-06-22,Liga de Primera 2026,50,Bryan Carrasco,Palestino,2,1
2026-06-22,Liga de Primera 2026,51,Agustín Nadruz,Cobresal,2,0
2026-06-22,Liga de Primera 2026,52,Franco Frías,Cobresal,2,0
2026-06-22,Liga de Primera 2026,53,Álvaro Madrid,Colo-Colo,2,0
2026-06-22,Liga de Primera 2026,54,Jorge Henríquez,Deportes Concepción,2,0
2026-06-22,Liga de Primera 2026,55,Ignacio Mesías,Deportes Concepción,2,0
2026-06-22,Liga de Primera 2026,56,Nicolás Stefanelli,Deportes La Serena,2,0
2026-06-22,Liga de Primera 2026,57,Gonzalo Escalante,Deportes La Serena,2,0
2026-06-22,Liga de Primera 2026,58,Nicolás Montiel,Everton,2,0
2026-06-22,Liga de Primera 2026,59,Diego Sanhueza,Ñublense,2,0
2026-06-22,Liga de Primera 2026,60,Francisco Montes,Palestino,2,0
2026-06-22,Liga de Primera 2026,61,Gonzalo Tapia,Palestino,2,0
2026-06-22,Liga de Primera 2026,62,Matías Campos López,Unión La Calera,2,0
2026-06-22,Liga de Primera 2026,63,Rodrigo Cáseres,Unión La Calera,2,0
2026-06-22,Liga de Primera 2026,64,Javier Altamirano,Universidad de Chile,2,0
2026-06-22,Liga de Primera 2026,65,Nicolás Ramírez,Universidad de Chile,2,0
2026-06-22,Liga de Primera 2026,66,Luis Rojas,Universidad de Concepción,2,0
2026-06-22,Liga de Primera 2026,67,Jeison Fuentealba,Universidad de Concepción,2,0
2026-06-22,Liga de Primera 2026,68,Bryan Carvallo,Cobresal,1,5
2026-06-22,Liga de Primera 2026,69,Cristián Cuevas,Universidad Católica,1,5
2026-06-22,Liga de Primera 2026,70,Esteban Matus,Audax Italiano,1,3
2026-06-22,Liga de Primera 2026,71,Luis Riveros,Coquimbo Unido,1,3
2026-06-22,Liga de Primera 2026,72,Maximiliano Rodríguez,Huachipato,1,3
2026-06-22,Liga de Primera 2026,73,Julián Fernández,Palestino,1,3
2026-06-22,Liga de Primera 2026,74,Guillermo Pacheco,Cobresal,1,2
2026-06-22,Liga de Primera 2026,75,Marcos Arturia,Deportes Limache,1,2
2026-06-22,Liga de Primera 2026,76,Braian Martínez,Everton,1,2
2026-06-22,Liga de Primera 2026,77,Maicol León,Huachipato,1,2
2026-06-22,Liga de Primera 2026,78,Guillermo Guaiquil,Huachipato,1,2
2026-06-22,Liga de Primera 2026,79,Bryan Rabello,O'Higgins,1,2
2026-06-22,Liga de Primera 2026,80,Ian Garguez,Palestino,1,2
2026-06-22,Liga de Primera 2026,81,Jimmy Martínez,Universidad Católica,1,2
2026-06-22,Liga de Primera 2026,82,Diego Corral,Universidad Católica,1,2
2026-06-22,Liga de Primera 2026,83,Fabián Hormazábal,Universidad de Chile,1,2
2026-06-22,Liga de Primera 2026,84,Agustín Urzi,Universidad de Concepción,1,2
2026-06-22,Liga de Primera 2026,85,Federico Mateos,Audax Italiano,1,1
2026-06-22,Liga de Primera 2026,86,Benjamín Valenzuela,Cobresal,1,1
2026-06-22,Liga de Primera 2026,87,Yastin Cuevas,Colo-Colo,1,1
2026-06-22,Liga de Primera 2026,88,Jeyson Rojas,Colo-Colo,1,1
2026-06-22,Liga de Primera 2026,89,Arturo Vidal,Colo-Colo,1,1
2026-06-22,Liga de Primera 2026,90,Martín Mundaca,Coquimbo Unido,1,1
2026-06-22,Liga de Primera 2026,91,Bruno Gutiérrez,Deportes La Serena,1,1
2026-06-22,Liga de Primera 2026,92,Ángelo Henríquez,Deportes La Serena,1,1
2026-06-22,Liga de Primera 2026,93,Joaquín Montecinos,Deportes Limache,1,1
2026-06-22,Liga de Primera 2026,94,Flavio Moya,Deportes Limache,1,1
2026-06-22,Liga de Primera 2026,95,Nicolás Baeza,Everton,1,1
2026-06-22,Liga de Primera 2026,96,Julián Alfaro,Everton,1,1
2026-06-22,Liga de Primera 2026,97,Nicolás Vargas,Huachipato,1,1
2026-06-22,Liga de Primera 2026,98,Claudio Sepúlveda,Huachipato,1,1
2026-06-22,Liga de Primera 2026,99,Ignacio Tapia,Ñublense,1,1
2026-06-22,Liga de Primera 2026,100,Matías Plaza,Ñublense,1,1
2026-06-22,Liga de Primera 2026,101,Felipe Ogaz,O'Higgins,1,1
2026-06-22,Liga de Primera 2026,102,Martín Maturana,O'Higgins,1,1
2026-06-22,Liga de Primera 2026,103,Sebastián Gallegos,Palestino,1,1
2026-06-22,Liga de Primera 2026,104,Dilan Zúñiga,Palestino,1,1
2026-06-22,Liga de Primera 2026,105,Martín Araya,Palestino,1,1
2026-06-22,Liga de Primera 2026,106,Ronnie Fernández,Palestino,1,1
2026-06-22,Liga de Primera 2026,107,Jason León,Palestino,1,1
2026-06-22,Liga de Primera 2026,108,Agustín Arce,Universidad de Chile,1,1
2026-06-22,Liga de Primera 2026,109,Juan Martín Lucero,Universidad de Chile,1,1
2026-06-22,Liga de Primera 2026,110,Ignacio Vásquez,Universidad de Chile,1,1
2026-06-22,Liga de Primera 2026,111,Antonio Díaz,Universidad de Concepción,1,1
2026-06-22,Liga de Primera 2026,112,Michael Vadulli,Audax Italiano,1,0
2026-06-22,Liga de Primera 2026,113,Rodrigo Cabral,Audax Italiano,1,0
2026-06-22,Liga de Primera 2026,114,Enzo Ferrario,Audax Italiano,1,0
2026-06-22,Liga de Primera 2026,115,Marco Collao,Audax Italiano,1,0
2026-06-22,Liga de Primera 2026,116,Vicente Zenteno,Audax Italiano,1,0
2026-06-22,Liga de Primera 2026,117,José Tiznado,Cobresal,1,0
2026-06-22,Liga de Primera 2026,118,Joaquín Sosa,Colo-Colo,1,0
2026-06-22,Liga de Primera 2026,119,Guido Vadalá,Coquimbo Unido,1,0
2026-06-22,Liga de Primera 2026,120,Sebastián Galani,Coquimbo Unido,1,0
2026-06-22,Liga de Primera 2026,121,Lucas Pratto,Coquimbo Unido,1,0
2026-06-22,Liga de Primera 2026,122,Manuel Fernández,Coquimbo Unido,1,0
2026-06-22,Liga de Primera 2026,123,Pablo Rodríguez,Coquimbo Unido,1,0
2026-06-22,Liga de Primera 2026,124,Fausto Grillo,Deportes Concepción,1,0
2026-06-22,Liga de Primera 2026,125,Joaquín Larrivey,Deportes Concepción,1,0
2026-06-22,Liga de Primera 2026,126,Ariel Cáceres,Deportes Concepción,1,0
2026-06-22,Liga de Primera 2026,127,Mario Sandoval,Deportes Concepción,1,0
2026-06-22,Liga de Primera 2026,128,Aldrix Jara,Deportes Concepción,1,0
2026-06-22,Liga de Primera 2026,129,Ethan Espinoza,Deportes Concepción,1,0
2026-06-22,Liga de Primera 2026,130,Sebastián Díaz,Deportes La Serena,1,0
2026-06-22,Liga de Primera 2026,131,Lucas Alarcón,Deportes La Serena,1,0
2026-06-22,Liga de Primera 2026,132,Matías Marín,Deportes La Serena,1,0
2026-06-22,Liga de Primera 2026,133,César Pinares,Deportes Limache,1,0
2026-06-22,Liga de Primera 2026,134,Misael Llantén,Deportes Limache,1,0
2026-06-22,Liga de Primera 2026,135,César Fuentes,Deportes Limache,1,0
2026-06-22,Liga de Primera 2026,136,Ramón Martínez,Deportes Limache,1,0
2026-06-22,Liga de Primera 2026,137,Santiago Londoño,Everton,1,0
2026-06-22,Liga de Primera 2026,138,Renzo Malanca,Huachipato,1,0
2026-06-22,Liga de Primera 2026,139,Santiago Silva,Huachipato,1,0
2026-06-22,Liga de Primera 2026,140,Kevin Altez,Huachipato,1,0
2026-06-22,Liga de Primera 2026,141,Diego Céspedes,Ñublense,1,0
2026-06-22,Liga de Primera 2026,142,Giovanny Ávalos,Ñublense,1,0
2026-06-22,Liga de Primera 2026,143,Lorenzo Reyes,Ñublense,1,0
2026-06-22,Liga de Primera 2026,144,Lucas Molina,Ñublense,1,0
2026-06-22,Liga de Primera 2026,145,Miguel Brizuela,O'Higgins,1,0
2026-06-22,Liga de Primera 2026,146,Bastián Yáñez,O'Higgins,1,0
2026-06-22,Liga de Primera 2026,147,Vicente Espinoza,Palestino,1,0
2026-06-22,Liga de Primera 2026,148,Bayron Oyarzo,Unión La Calera,1,0
2026-06-22,Liga de Primera 2026,149,Francisco Pozzo,Unión La Calera,1,0
2026-06-22,Liga de Primera 2026,150,Juan Ignacio Díaz,Universidad Católica,1,0
2026-06-22,Liga de Primera 2026,151,Branco Ampuero,Universidad Católica,1,0
2026-06-22,Liga de Primera 2026,152,Juan Rossel,Universidad Católica,1,0
2026-06-22,Liga de Primera 2026,153,Matías Zaldivia,Universidad de Chile,1,0
2026-06-22,Liga de Primera 2026,154,Bianneider Tamayo,Universidad de Chile,1,0
2026-06-22,Liga de Primera 2026,155,Daniel Barrea,Universidad de Concepción,1,0
2026-06-22,Liga de Primera 2026,156,Cristhofer Mesías,Universidad de Concepción,1,0
2026-06-22,Liga de Primera 2026,157,Osvaldo González,Universidad de Concepción,1,0
2026-06-23,Liga de Primera 2026,1,Fernando Zampedri,Universidad Católica,15,2
2026-06-23,Liga de Primera 2026,2,Daniel Castro,Deportes Limache,8,5
2026-06-23,Liga de Primera 2026,3,Justo Giani,Universidad Católica,8,3
2026-06-23,Liga de Primera 2026,4,Javier Correa,Colo-Colo,8,2
2026-06-23,Liga de Primera 2026,5,Sebastián Sáez,Unión La Calera,8,1
2026-06-23,Liga de Primera 2026,6,Nelson Da Silva,Palestino,7,2
2026-06-23,Liga de Primera 2026,7,Lionel Altamirano,Huachipato,6,1
2026-06-23,Liga de Primera 2026,8,Steffan Pino,Cobresal,6,0
2026-06-23,Liga de Primera 2026,9,Jean Meneses,Deportes Limache,5,8
2026-06-23,Liga de Primera 2026,10,Jeisson Vargas,Deportes La Serena,5,5
2026-06-23,Liga de Primera 2026,11,Francisco González,O'Higgins,5,4
2026-06-23,Liga de Primera 2026,12,Maximiliano Romero,Colo-Colo,5,1
2026-06-23,Liga de Primera 2026,13,Eduardo Vargas,Universidad de Chile,5,1
2026-06-23,Liga de Primera 2026,14,Nicolás Johansen,Coquimbo Unido,5,0
2026-06-23,Liga de Primera 2026,15,Kevin Méndez,Unión La Calera,4,6
2026-06-23,Liga de Primera 2026,16,Leonardo Valencia,Deportes Concepción,4,2
2026-06-23,Liga de Primera 2026,17,Thiago Vecino,O'Higgins,4,1
2026-06-23,Liga de Primera 2026,18,Felipe Chamorro,Deportes La Serena,4,0
2026-06-23,Liga de Primera 2026,19,Gonzalo Sosa,Deportes Limache,4,0
2026-06-23,Liga de Primera 2026,20,Ignacio Jeraldino,Ñublense,4,0
2026-06-23,Liga de Primera 2026,21,Clemente Montes,Universidad Católica,3,4
2026-06-23,Liga de Primera 2026,22,Diego Rubio,Deportes La Serena,3,3
2026-06-23,Liga de Primera 2026,23,Giovani Chiaverano,Audax Italiano,3,2
2026-06-23,Liga de Primera 2026,24,Lautaro Pastrán,Colo-Colo,3,2
2026-06-23,Liga de Primera 2026,25,Julián Brea,Cobresal,3,1
2026-06-23,Liga de Primera 2026,26,Alan Medina,Everton,3,1
2026-06-23,Liga de Primera 2026,27,Lucas Soto,Everton,3,1
2026-06-23,Liga de Primera 2026,28,Cris Martínez,Huachipato,3,1
2026-06-23,Liga de Primera 2026,29,Cecilio Waterman,Universidad de Concepción,3,1
2026-06-23,Liga de Primera 2026,30,Franco Troyansky,Audax Italiano,3,0
2026-06-23,Liga de Primera 2026,31,Diego Coelho,Audax Italiano,3,0
2026-06-23,Liga de Primera 2026,32,Alejandro Camargo,Coquimbo Unido,3,0
2026-06-23,Liga de Primera 2026,33,Vicente Álvarez,Deportes Limache,3,0
2026-06-23,Liga de Primera 2026,34,Cristian Palacios,Everton,3,0
2026-06-23,Liga de Primera 2026,35,Maximiliano Gutiérrez,Huachipato,3,0
2026-06-23,Liga de Primera 2026,36,Franco Rami,Ñublense,3,0
2026-06-23,Liga de Primera 2026,37,Arnaldo Castillo,O'Higgins,3,0
2026-06-23,Liga de Primera 2026,38,Matías Palavecino,Universidad Católica,2,5
2026-06-23,Liga de Primera 2026,39,Claudio Aquino,Colo-Colo,2,3
2026-06-23,Liga de Primera 2026,40,Leandro Hernández,Colo-Colo,2,2
2026-06-23,Liga de Primera 2026,41,Cristián Zavala,Coquimbo Unido,2,2
2026-06-23,Liga de Primera 2026,42,Mario Briceño,Huachipato,2,2
2026-06-23,Liga de Primera 2026,43,Gabriel Graciani,Ñublense,2,2
2026-06-23,Liga de Primera 2026,44,César Munder,Palestino,2,2
2026-06-23,Liga de Primera 2026,45,Maximiliano Guerrero,Universidad de Chile,2,2
2026-06-23,Liga de Primera 2026,46,Víctor Méndez,Colo-Colo,2,1
2026-06-23,Liga de Primera 2026,47,Alejandro Azócar,Coquimbo Unido,2,1
2026-06-23,Liga de Primera 2026,48,Yerko González,Deportes Limache,2,1
2026-06-23,Liga de Primera 2026,49,Martín Sarrafiore,O'Higgins,2,1
2026-06-23,Liga de Primera 2026,50,Bryan Carrasco,Palestino,2,1
2026-06-23,Liga de Primera 2026,51,Agustín Nadruz,Cobresal,2,0
2026-06-23,Liga de Primera 2026,52,Franco Frías,Cobresal,2,0
2026-06-23,Liga de Primera 2026,53,Álvaro Madrid,Colo-Colo,2,0
2026-06-23,Liga de Primera 2026,54,Jorge Henríquez,Deportes Concepción,2,0
2026-06-23,Liga de Primera 2026,55,Ignacio Mesías,Deportes Concepción,2,0
2026-06-23,Liga de Primera 2026,56,Nicolás Stefanelli,Deportes La Serena,2,0
2026-06-23,Liga de Primera 2026,57,Gonzalo Escalante,Deportes La Serena,2,0
2026-06-23,Liga de Primera 2026,58,Nicolás Montiel,Everton,2,0
2026-06-23,Liga de Primera 2026,59,Diego Sanhueza,Ñublense,2,0
2026-06-23,Liga de Primera 2026,60,Francisco Montes,Palestino,2,0
2026-06-23,Liga de Primera 2026,61,Gonzalo Tapia,Palestino,2,0
2026-06-23,Liga de Primera 2026,62,Matías Campos López,Unión La Calera,2,0
2026-06-23,Liga de Primera 2026,63,Rodrigo Cáseres,Unión La Calera,2,0
2026-06-23,Liga de Primera 2026,64,Javier Altamirano,Universidad de Chile,2,0
2026-06-23,Liga de Primera 2026,65,Nicolás Ramírez,Universidad de Chile,2,0
2026-06-23,Liga de Primera 2026,66,Luis Rojas,Universidad de Concepción,2,0
2026-06-23,Liga de Primera 2026,67,Jeison Fuentealba,Universidad de Concepción,2,0
2026-06-23,Liga de Primera 2026,68,Bryan Carvallo,Cobresal,1,5
2026-06-23,Liga de Primera 2026,69,Cristián Cuevas,Universidad Católica,1,5
2026-06-23,Liga de Primera 2026,70,Esteban Matus,Audax Italiano,1,3
2026-06-23,Liga de Primera 2026,71,Luis Riveros,Coquimbo Unido,1,3
2026-06-23,Liga de Primera 2026,72,Maximiliano Rodríguez,Huachipato,1,3
2026-06-23,Liga de Primera 2026,73,Julián Fernández,Palestino,1,3
2026-06-23,Liga de Primera 2026,74,Guillermo Pacheco,Cobresal,1,2
2026-06-23,Liga de Primera 2026,75,Marcos Arturia,Deportes Limache,1,2
2026-06-23,Liga de Primera 2026,76,Braian Martínez,Everton,1,2
2026-06-23,Liga de Primera 2026,77,Maicol León,Huachipato,1,2
2026-06-23,Liga de Primera 2026,78,Guillermo Guaiquil,Huachipato,1,2
2026-06-23,Liga de Primera 2026,79,Bryan Rabello,O'Higgins,1,2
2026-06-23,Liga de Primera 2026,80,Ian Garguez,Palestino,1,2
2026-06-23,Liga de Primera 2026,81,Jimmy Martínez,Universidad Católica,1,2
2026-06-23,Liga de Primera 2026,82,Diego Corral,Universidad Católica,1,2
2026-06-23,Liga de Primera 2026,83,Fabián Hormazábal,Universidad de Chile,1,2
2026-06-23,Liga de Primera 2026,84,Agustín Urzi,Universidad de Concepción,1,2
2026-06-23,Liga de Primera 2026,85,Federico Mateos,Audax Italiano,1,1
2026-06-23,Liga de Primera 2026,86,Benjamín Valenzuela,Cobresal,1,1
2026-06-23,Liga de Primera 2026,87,Yastin Cuevas,Colo-Colo,1,1
2026-06-23,Liga de Primera 2026,88,Jeyson Rojas,Colo-Colo,1,1
2026-06-23,Liga de Primera 2026,89,Arturo Vidal,Colo-Colo,1,1
2026-06-23,Liga de Primera 2026,90,Martín Mundaca,Coquimbo Unido,1,1
2026-06-23,Liga de Primera 2026,91,Bruno Gutiérrez,Deportes La Serena,1,1
2026-06-23,Liga de Primera 2026,92,Ángelo Henríquez,Deportes La Serena,1,1
2026-06-23,Liga de Primera 2026,93,Joaquín Montecinos,Deportes Limache,1,1
2026-06-23,Liga de Primera 2026,94,Flavio Moya,Deportes Limache,1,1
2026-06-23,Liga de Primera 2026,95,Nicolás Baeza,Everton,1,1
2026-06-23,Liga de Primera 2026,96,Julián Alfaro,Everton,1,1
2026-06-23,Liga de Primera 2026,97,Nicolás Vargas,Huachipato,1,1
2026-06-23,Liga de Primera 2026,98,Claudio Sepúlveda,Huachipato,1,1
2026-06-23,Liga de Primera 2026,99,Ignacio Tapia,Ñublense,1,1
2026-06-23,Liga de Primera 2026,100,Matías Plaza,Ñublense,1,1
2026-06-23,Liga de Primera 2026,101,Felipe Ogaz,O'Higgins,1,1
2026-06-23,Liga de Primera 2026,102,Martín Maturana,O'Higgins,1,1
2026-06-23,Liga de Primera 2026,103,Sebastián Gallegos,Palestino,1,1
2026-06-23,Liga de Primera 2026,104,Dilan Zúñiga,Palestino,1,1
2026-06-23,Liga de Primera 2026,105,Martín Araya,Palestino,1,1
2026-06-23,Liga de Primera 2026,106,Ronnie Fernández,Palestino,1,1
2026-06-23,Liga de Primera 2026,107,Jason León,Palestino,1,1
2026-06-23,Liga de Primera 2026,108,Agustín Arce,Universidad de Chile,1,1
2026-06-23,Liga de Primera 2026,109,Juan Martín Lucero,Universidad de Chile,1,1
2026-06-23,Liga de Primera 2026,110,Ignacio Vásquez,Universidad de Chile,1,1
2026-06-23,Liga de Primera 2026,111,Antonio Díaz,Universidad de Concepción,1,1
2026-06-23,Liga de Primera 2026,112,Michael Vadulli,Audax Italiano,1,0
2026-06-23,Liga de Primera 2026,113,Rodrigo Cabral,Audax Italiano,1,0
2026-06-23,Liga de Primera 2026,114,Enzo Ferrario,Audax Italiano,1,0
2026-06-23,Liga de Primera 2026,115,Marco Collao,Audax Italiano,1,0
2026-06-23,Liga de Primera 2026,116,Vicente Zenteno,Audax Italiano,1,0
2026-06-23,Liga de Primera 2026,117,José Tiznado,Cobresal,1,0
2026-06-23,Liga de Primera 2026,118,Joaquín Sosa,Colo-Colo,1,0
2026-06-23,Liga de Primera 2026,119,Guido Vadalá,Coquimbo Unido,1,0
2026-06-23,Liga de Primera 2026,120,Sebastián Galani,Coquimbo Unido,1,0
2026-06-23,Liga de Primera 2026,121,Lucas Pratto,Coquimbo Unido,1,0
2026-06-23,Liga de Primera 2026,122,Manuel Fernández,Coquimbo Unido,1,0
2026-06-23,Liga de Primera 2026,123,Pablo Rodríguez,Coquimbo Unido,1,0
2026-06-23,Liga de Primera 2026,124,Fausto Grillo,Deportes Concepción,1,0
2026-06-23,Liga de Primera 2026,125,Joaquín Larrivey,Deportes Concepción,1,0
2026-06-23,Liga de Primera 2026,126,Ariel Cáceres,Deportes Concepción,1,0
2026-06-23,Liga de Primera 2026,127,Mario Sandoval,Deportes Concepción,1,0
2026-06-23,Liga de Primera 2026,128,Aldrix Jara,Deportes Concepción,1,0
2026-06-23,Liga de Primera 2026,129,Ethan Espinoza,Deportes Concepción,1,0
2026-06-23,Liga de Primera 2026,130,Sebastián Díaz,Deportes La Serena,1,0
2026-06-23,Liga de Primera 2026,131,Lucas Alarcón,Deportes La Serena,1,0
2026-06-23,Liga de Primera 2026,132,Matías Marín,Deportes La Serena,1,0
2026-06-23,Liga de Primera 2026,133,César Pinares,Deportes Limache,1,0
2026-06-23,Liga de Primera 2026,134,Misael Llantén,Deportes Limache,1,0
2026-06-23,Liga de Primera 2026,135,César Fuentes,Deportes Limache,1,0
2026-06-23,Liga de Primera 2026,136,Ramón Martínez,Deportes Limache,1,0
2026-06-23,Liga de Primera 2026,137,Santiago Londoño,Everton,1,0
2026-06-23,Liga de Primera 2026,138,Renzo Malanca,Huachipato,1,0
2026-06-23,Liga de Primera 2026,139,Santiago Silva,Huachipato,1,0
2026-06-23,Liga de Primera 2026,140,Kevin Altez,Huachipato,1,0
2026-06-23,Liga de Primera 2026,141,Diego Céspedes,Ñublense,1,0
2026-06-23,Liga de Primera 2026,142,Giovanny Ávalos,Ñublense,1,0
2026-06-23,Liga de Primera 2026,143,Lorenzo Reyes,Ñublense,1,0
2026-06-23,Liga de Primera 2026,144,Lucas Molina,Ñublense,1,0
2026-06-23,Liga de Primera 2026,145,Miguel Brizuela,O'Higgins,1,0
2026-06-23,Liga de Primera 2026,146,Bastián Yáñez,O'Higgins,1,0
2026-06-23,Liga de Primera 2026,147,Vicente Espinoza,Palestino,1,0
2026-06-23,Liga de Primera 2026,148,Bayron Oyarzo,Unión La Calera,1,0
2026-06-23,Liga de Primera 2026,149,Francisco Pozzo,Unión La Calera,1,0
2026-06-23,Liga de Primera 2026,150,Juan Ignacio Díaz,Universidad Católica,1,0
2026-06-23,Liga de Primera 2026,151,Branco Ampuero,Universidad Católica,1,0
2026-06-23,Liga de Primera 2026,152,Juan Rossel,Universidad Católica,1,0
2026-06-23,Liga de Primera 2026,153,Matías Zaldivia,Universidad de Chile,1,0
2026-06-23,Liga de Primera 2026,154,Bianneider Tamayo,Universidad de Chile,1,0
2026-06-23,Liga de Primera 2026,155,Daniel Barrea,Universidad de Concepción,1,0
2026-06-23,Liga de Primera 2026,156,Cristhofer Mesías,Universidad de Concepción,1,0
2026-06-23,Liga de Primera 2026,157,Osvaldo González,Universidad de Concepción,1,0
2026-06-24,Liga de Primera 2026,1,Fernando Zampedri,Universidad Católica,15,2
2026-06-24,Liga de Primera 2026,2,Daniel Castro,Deportes Limache,8,5
2026-06-24,Liga de Primera 2026,3,Justo Giani,Universidad Católica,8,3
2026-06-24,Liga de Primera 2026,4,Javier Correa,Colo-Colo,8,2
2026-06-24,Liga de Primera 2026,5,Sebastián Sáez,Unión La Calera,8,1
2026-06-24,Liga de Primera 2026,6,Nelson Da Silva,Palestino,7,2
2026-06-24,Liga de Primera 2026,7,Lionel Altamirano,Huachipato,6,1
2026-06-24,Liga de Primera 2026,8,Steffan Pino,Cobresal,6,0
2026-06-24,Liga de Primera 2026,9,Jean Meneses,Deportes Limache,5,8
2026-06-24,Liga de Primera 2026,10,Jeisson Vargas,Deportes La Serena,5,5
2026-06-24,Liga de Primera 2026,11,Francisco González,O'Higgins,5,4
2026-06-24,Liga de Primera 2026,12,Maximiliano Romero,Colo-Colo,5,1
2026-06-24,Liga de Primera 2026,13,Eduardo Vargas,Universidad de Chile,5,1
2026-06-24,Liga de Primera 2026,14,Nicolás Johansen,Coquimbo Unido,5,0
2026-06-24,Liga de Primera 2026,15,Kevin Méndez,Unión La Calera,4,6
2026-06-24,Liga de Primera 2026,16,Leonardo Valencia,Deportes Concepción,4,2
2026-06-24,Liga de Primera 2026,17,Thiago Vecino,O'Higgins,4,1
2026-06-24,Liga de Primera 2026,18,Felipe Chamorro,Deportes La Serena,4,0
2026-06-24,Liga de Primera 2026,19,Gonzalo Sosa,Deportes Limache,4,0
2026-06-24,Liga de Primera 2026,20,Ignacio Jeraldino,Ñublense,4,0
2026-06-24,Liga de Primera 2026,21,Clemente Montes,Universidad Católica,3,4
2026-06-24,Liga de Primera 2026,22,Diego Rubio,Deportes La Serena,3,3
2026-06-24,Liga de Primera 2026,23,Giovani Chiaverano,Audax Italiano,3,2
2026-06-24,Liga de Primera 2026,24,Lautaro Pastrán,Colo-Colo,3,2
2026-06-24,Liga de Primera 2026,25,Julián Brea,Cobresal,3,1
2026-06-24,Liga de Primera 2026,26,Alan Medina,Everton,3,1
2026-06-24,Liga de Primera 2026,27,Lucas Soto,Everton,3,1
2026-06-24,Liga de Primera 2026,28,Cris Martínez,Huachipato,3,1
2026-06-24,Liga de Primera 2026,29,Cecilio Waterman,Universidad de Concepción,3,1
2026-06-24,Liga de Primera 2026,30,Franco Troyansky,Audax Italiano,3,0
2026-06-24,Liga de Primera 2026,31,Diego Coelho,Audax Italiano,3,0
2026-06-24,Liga de Primera 2026,32,Alejandro Camargo,Coquimbo Unido,3,0
2026-06-24,Liga de Primera 2026,33,Vicente Álvarez,Deportes Limache,3,0
2026-06-24,Liga de Primera 2026,34,Cristian Palacios,Everton,3,0
2026-06-24,Liga de Primera 2026,35,Maximiliano Gutiérrez,Huachipato,3,0
2026-06-24,Liga de Primera 2026,36,Franco Rami,Ñublense,3,0
2026-06-24,Liga de Primera 2026,37,Arnaldo Castillo,O'Higgins,3,0
2026-06-24,Liga de Primera 2026,38,Matías Palavecino,Universidad Católica,2,5
2026-06-24,Liga de Primera 2026,39,Claudio Aquino,Colo-Colo,2,3
2026-06-24,Liga de Primera 2026,40,Leandro Hernández,Colo-Colo,2,2
2026-06-24,Liga de Primera 2026,41,Cristián Zavala,Coquimbo Unido,2,2
2026-06-24,Liga de Primera 2026,42,Mario Briceño,Huachipato,2,2
2026-06-24,Liga de Primera 2026,43,Gabriel Graciani,Ñublense,2,2
2026-06-24,Liga de Primera 2026,44,César Munder,Palestino,2,2
2026-06-24,Liga de Primera 2026,45,Maximiliano Guerrero,Universidad de Chile,2,2
2026-06-24,Liga de Primera 2026,46,Víctor Méndez,Colo-Colo,2,1
2026-06-24,Liga de Primera 2026,47,Alejandro Azócar,Coquimbo Unido,2,1
2026-06-24,Liga de Primera 2026,48,Yerko González,Deportes Limache,2,1
2026-06-24,Liga de Primera 2026,49,Martín Sarrafiore,O'Higgins,2,1
2026-06-24,Liga de Primera 2026,50,Bryan Carrasco,Palestino,2,1
2026-06-24,Liga de Primera 2026,51,Agustín Nadruz,Cobresal,2,0
2026-06-24,Liga de Primera 2026,52,Franco Frías,Cobresal,2,0
2026-06-24,Liga de Primera 2026,53,Álvaro Madrid,Colo-Colo,2,0
2026-06-24,Liga de Primera 2026,54,Jorge Henríquez,Deportes Concepción,2,0
2026-06-24,Liga de Primera 2026,55,Ignacio Mesías,Deportes Concepción,2,0
2026-06-24,Liga de Primera 2026,56,Nicolás Stefanelli,Deportes La Serena,2,0
2026-06-24,Liga de Primera 2026,57,Gonzalo Escalante,Deportes La Serena,2,0
2026-06-24,Liga de Primera 2026,58,Nicolás Montiel,Everton,2,0
2026-06-24,Liga de Primera 2026,59,Diego Sanhueza,Ñublense,2,0
2026-06-24,Liga de Primera 2026,60,Francisco Montes,Palestino,2,0
2026-06-24,Liga de Primera 2026,61,Gonzalo Tapia,Palestino,2,0
2026-06-24,Liga de Primera 2026,62,Matías Campos López,Unión La Calera,2,0
2026-06-24,Liga de Primera 2026,63,Rodrigo Cáseres,Unión La Calera,2,0
2026-06-24,Liga de Primera 2026,64,Javier Altamirano,Universidad de Chile,2,0
2026-06-24,Liga de Primera 2026,65,Nicolás Ramírez,Universidad de Chile,2,0
2026-06-24,Liga de Primera 2026,66,Luis Rojas,Universidad de Concepción,2,0
2026-06-24,Liga de Primera 2026,67,Jeison Fuentealba,Universidad de Concepción,2,0
2026-06-24,Liga de Primera 2026,68,Bryan Carvallo,Cobresal,1,5
2026-06-24,Liga de Primera 2026,69,Cristián Cuevas,Universidad Católica,1,5
2026-06-24,Liga de Primera 2026,70,Esteban Matus,Audax Italiano,1,3
2026-06-24,Liga de Primera 2026,71,Luis Riveros,Coquimbo Unido,1,3
2026-06-24,Liga de Primera 2026,72,Maximiliano Rodríguez,Huachipato,1,3
2026-06-24,Liga de Primera 2026,73,Julián Fernández,Palestino,1,3
2026-06-24,Liga de Primera 2026,74,Guillermo Pacheco,Cobresal,1,2
2026-06-24,Liga de Primera 2026,75,Marcos Arturia,Deportes Limache,1,2
2026-06-24,Liga de Primera 2026,76,Braian Martínez,Everton,1,2
2026-06-24,Liga de Primera 2026,77,Maicol León,Huachipato,1,2
2026-06-24,Liga de Primera 2026,78,Guillermo Guaiquil,Huachipato,1,2
2026-06-24,Liga de Primera 2026,79,Bryan Rabello,O'Higgins,1,2
2026-06-24,Liga de Primera 2026,80,Ian Garguez,Palestino,1,2
2026-06-24,Liga de Primera 2026,81,Jimmy Martínez,Universidad Católica,1,2
2026-06-24,Liga de Primera 2026,82,Diego Corral,Universidad Católica,1,2
2026-06-24,Liga de Primera 2026,83,Fabián Hormazábal,Universidad de Chile,1,2
2026-06-24,Liga de Primera 2026,84,Agustín Urzi,Universidad de Concepción,1,2
2026-06-24,Liga de Primera 2026,85,Federico Mateos,Audax Italiano,1,1
2026-06-24,Liga de Primera 2026,86,Benjamín Valenzuela,Cobresal,1,1
2026-06-24,Liga de Primera 2026,87,Yastin Cuevas,Colo-Colo,1,1
2026-06-24,Liga de Primera 2026,88,Jeyson Rojas,Colo-Colo,1,1
2026-06-24,Liga de Primera 2026,89,Arturo Vidal,Colo-Colo,1,1
2026-06-24,Liga de Primera 2026,90,Martín Mundaca,Coquimbo Unido,1,1
2026-06-24,Liga de Primera 2026,91,Bruno Gutiérrez,Deportes La Serena,1,1
2026-06-24,Liga de Primera 2026,92,Ángelo Henríquez,Deportes La Serena,1,1
2026-06-24,Liga de Primera 2026,93,Joaquín Montecinos,Deportes Limache,1,1
2026-06-24,Liga de Primera 2026,94,Flavio Moya,Deportes Limache,1,1
2026-06-24,Liga de Primera 2026,95,Nicolás Baeza,Everton,1,1
2026-06-24,Liga de Primera 2026,96,Julián Alfaro,Everton,1,1
2026-06-24,Liga de Primera 2026,97,Nicolás Vargas,Huachipato,1,1
2026-06-24,Liga de Primera 2026,98,Claudio Sepúlveda,Huachipato,1,1
2026-06-24,Liga de Primera 2026,99,Ignacio Tapia,Ñublense,1,1
2026-06-24,Liga de Primera 2026,100,Matías Plaza,Ñublense,1,1
2026-06-24,Liga de Primera 2026,101,Felipe Ogaz,O'Higgins,1,1
2026-06-24,Liga de Primera 2026,102,Martín Maturana,O'Higgins,1,1
2026-06-24,Liga de Primera 2026,103,Sebastián Gallegos,Palestino,1,1
2026-06-24,Liga de Primera 2026,104,Dilan Zúñiga,Palestino,1,1
2026-06-24,Liga de Primera 2026,105,Martín Araya,Palestino,1,1
2026-06-24,Liga de Primera 2026,106,Ronnie Fernández,Palestino,1,1
2026-06-24,Liga de Primera 2026,107,Jason León,Palestino,1,1
2026-06-24,Liga de Primera 2026,108,Agustín Arce,Universidad de Chile,1,1
2026-06-24,Liga de Primera 2026,109,Juan Martín Lucero,Universidad de Chile,1,1
2026-06-24,Liga de Primera 2026,110,Ignacio Vásquez,Universidad de Chile,1,1
2026-06-24,Liga de Primera 2026,111,Antonio Díaz,Universidad de Concepción,1,1
2026-06-24,Liga de Primera 2026,112,Michael Vadulli,Audax Italiano,1,0
2026-06-24,Liga de Primera 2026,113,Rodrigo Cabral,Audax Italiano,1,0
2026-06-24,Liga de Primera 2026,114,Enzo Ferrario,Audax Italiano,1,0
2026-06-24,Liga de Primera 2026,115,Marco Collao,Audax Italiano,1,0
2026-06-24,Liga de Primera 2026,116,Vicente Zenteno,Audax Italiano,1,0
2026-06-24,Liga de Primera 2026,117,José Tiznado,Cobresal,1,0
2026-06-24,Liga de Primera 2026,118,Joaquín Sosa,Colo-Colo,1,0
2026-06-24,Liga de Primera 2026,119,Guido Vadalá,Coquimbo Unido,1,0
2026-06-24,Liga de Primera 2026,120,Sebastián Galani,Coquimbo Unido,1,0
2026-06-24,Liga de Primera 2026,121,Lucas Pratto,Coquimbo Unido,1,0
2026-06-24,Liga de Primera 2026,122,Manuel Fernández,Coquimbo Unido,1,0
2026-06-24,Liga de Primera 2026,123,Pablo Rodríguez,Coquimbo Unido,1,0
2026-06-24,Liga de Primera 2026,124,Fausto Grillo,Deportes Concepción,1,0
2026-06-24,Liga de Primera 2026,125,Joaquín Larrivey,Deportes Concepción,1,0
2026-06-24,Liga de Primera 2026,126,Ariel Cáceres,Deportes Concepción,1,0
2026-06-24,Liga de Primera 2026,127,Mario Sandoval,Deportes Concepción,1,0
2026-06-24,Liga de Primera 2026,128,Aldrix Jara,Deportes Concepción,1,0
2026-06-24,Liga de Primera 2026,129,Ethan Espinoza,Deportes Concepción,1,0
2026-06-24,Liga de Primera 2026,130,Sebastián Díaz,Deportes La Serena,1,0
2026-06-24,Liga de Primera 2026,131,Lucas Alarcón,Deportes La Serena,1,0
2026-06-24,Liga de Primera 2026,132,Matías Marín,Deportes La Serena,1,0
2026-06-24,Liga de Primera 2026,133,César Pinares,Deportes Limache,1,0
2026-06-24,Liga de Primera 2026,134,Misael Llantén,Deportes Limache,1,0
2026-06-24,Liga de Primera 2026,135,César Fuentes,Deportes Limache,1,0
2026-06-24,Liga de Primera 2026,136,Ramón Martínez,Deportes Limache,1,0
2026-06-24,Liga de Primera 2026,137,Santiago Londoño,Everton,1,0
2026-06-24,Liga de Primera 2026,138,Renzo Malanca,Huachipato,1,0
2026-06-24,Liga de Primera 2026,139,Santiago Silva,Huachipato,1,0
2026-06-24,Liga de Primera 2026,140,Kevin Altez,Huachipato,1,0
2026-06-24,Liga de Primera 2026,141,Diego Céspedes,Ñublense,1,0
2026-06-24,Liga de Primera 2026,142,Giovanny Ávalos,Ñublense,1,0
2026-06-24,Liga de Primera 2026,143,Lorenzo Reyes,Ñublense,1,0
2026-06-24,Liga de Primera 2026,144,Lucas Molina,Ñublense,1,0
2026-06-24,Liga de Primera 2026,145,Miguel Brizuela,O'Higgins,1,0
2026-06-24,Liga de Primera 2026,146,Bastián Yáñez,O'Higgins,1,0
2026-06-24,Liga de Primera 2026,147,Vicente Espinoza,Palestino,1,0
2026-06-24,Liga de Primera 2026,148,Bayron Oyarzo,Unión La Calera,1,0
2026-06-24,Liga de Primera 2026,149,Francisco Pozzo,Unión La Calera,1,0
2026-06-24,Liga de Primera 2026,150,Juan Ignacio Díaz,Universidad Católica,1,0
2026-06-24,Liga de Primera 2026,151,Branco Ampuero,Universidad Católica,1,0
2026-06-24,Liga de Primera 2026,152,Juan Rossel,Universidad Católica,1,0
2026-06-24,Liga de Primera 2026,153,Matías Zaldivia,Universidad de Chile,1,0
2026-06-24,Liga de Primera 2026,154,Bianneider Tamayo,Universidad de Chile,1,0
2026-06-24,Liga de Primera 2026,155,Daniel Barrea,Universidad de Concepción,1,0
2026-06-24,Liga de Primera 2026,156,Cristhofer Mesías,Universidad de Concepción,1,0
2026-06-24,Liga de Primera 2026,157,Osvaldo González,Universidad de Concepción,1,0
2026-06-25,Liga de Primera 2026,1,Fernando Zampedri,Universidad Católica,15,2
2026-06-25,Liga de Primera 2026,2,Daniel Castro,Deportes Limache,8,5
2026-06-25,Liga de Primera 2026,3,Justo Giani,Universidad Católica,8,3
2026-06-25,Liga de Primera 2026,4,Javier Correa,Colo-Colo,8,2
2026-06-25,Liga de Primera 2026,5,Sebastián Sáez,Unión La Calera,8,1
2026-06-25,Liga de Primera 2026,6,Nelson Da Silva,Palestino,7,2
2026-06-25,Liga de Primera 2026,7,Lionel Altamirano,Huachipato,6,1
2026-06-25,Liga de Primera 2026,8,Steffan Pino,Cobresal,6,0
2026-06-25,Liga de Primera 2026,9,Jean Meneses,Deportes Limache,5,8
2026-06-25,Liga de Primera 2026,10,Jeisson Vargas,Deportes La Serena,5,5
2026-06-25,Liga de Primera 2026,11,Francisco González,O'Higgins,5,4
2026-06-25,Liga de Primera 2026,12,Maximiliano Romero,Colo-Colo,5,1
2026-06-25,Liga de Primera 2026,13,Eduardo Vargas,Universidad de Chile,5,1
2026-06-25,Liga de Primera 2026,14,Nicolás Johansen,Coquimbo Unido,5,0
2026-06-25,Liga de Primera 2026,15,Kevin Méndez,Unión La Calera,4,6
2026-06-25,Liga de Primera 2026,16,Leonardo Valencia,Deportes Concepción,4,2
2026-06-25,Liga de Primera 2026,17,Thiago Vecino,O'Higgins,4,1
2026-06-25,Liga de Primera 2026,18,Felipe Chamorro,Deportes La Serena,4,0
2026-06-25,Liga de Primera 2026,19,Gonzalo Sosa,Deportes Limache,4,0
2026-06-25,Liga de Primera 2026,20,Ignacio Jeraldino,Ñublense,4,0
2026-06-25,Liga de Primera 2026,21,Clemente Montes,Universidad Católica,3,4
2026-06-25,Liga de Primera 2026,22,Diego Rubio,Deportes La Serena,3,3
2026-06-25,Liga de Primera 2026,23,Giovani Chiaverano,Audax Italiano,3,2
2026-06-25,Liga de Primera 2026,24,Lautaro Pastrán,Colo-Colo,3,2
2026-06-25,Liga de Primera 2026,25,Julián Brea,Cobresal,3,1
2026-06-25,Liga de Primera 2026,26,Alan Medina,Everton,3,1
2026-06-25,Liga de Primera 2026,27,Lucas Soto,Everton,3,1
2026-06-25,Liga de Primera 2026,28,Cris Martínez,Huachipato,3,1
2026-06-25,Liga de Primera 2026,29,Cecilio Waterman,Universidad de Concepción,3,1
2026-06-25,Liga de Primera 2026,30,Franco Troyansky,Audax Italiano,3,0
2026-06-25,Liga de Primera 2026,31,Diego Coelho,Audax Italiano,3,0
2026-06-25,Liga de Primera 2026,32,Alejandro Camargo,Coquimbo Unido,3,0
2026-06-25,Liga de Primera 2026,33,Vicente Álvarez,Deportes Limache,3,0
2026-06-25,Liga de Primera 2026,34,Cristian Palacios,Everton,3,0
2026-06-25,Liga de Primera 2026,35,Maximiliano Gutiérrez,Huachipato,3,0
2026-06-25,Liga de Primera 2026,36,Franco Rami,Ñublense,3,0
2026-06-25,Liga de Primera 2026,37,Arnaldo Castillo,O'Higgins,3,0
2026-06-25,Liga de Primera 2026,38,Matías Palavecino,Universidad Católica,2,5
2026-06-25,Liga de Primera 2026,39,Claudio Aquino,Colo-Colo,2,3
2026-06-25,Liga de Primera 2026,40,Leandro Hernández,Colo-Colo,2,2
2026-06-25,Liga de Primera 2026,41,Cristián Zavala,Coquimbo Unido,2,2
2026-06-25,Liga de Primera 2026,42,Mario Briceño,Huachipato,2,2
2026-06-25,Liga de Primera 2026,43,Gabriel Graciani,Ñublense,2,2
2026-06-25,Liga de Primera 2026,44,César Munder,Palestino,2,2
2026-06-25,Liga de Primera 2026,45,Maximiliano Guerrero,Universidad de Chile,2,2
2026-06-25,Liga de Primera 2026,46,Víctor Méndez,Colo-Colo,2,1
2026-06-25,Liga de Primera 2026,47,Alejandro Azócar,Coquimbo Unido,2,1
2026-06-25,Liga de Primera 2026,48,Yerko González,Deportes Limache,2,1
2026-06-25,Liga de Primera 2026,49,Martín Sarrafiore,O'Higgins,2,1
2026-06-25,Liga de Primera 2026,50,Bryan Carrasco,Palestino,2,1
2026-06-25,Liga de Primera 2026,51,Agustín Nadruz,Cobresal,2,0
2026-06-25,Liga de Primera 2026,52,Franco Frías,Cobresal,2,0
2026-06-25,Liga de Primera 2026,53,Álvaro Madrid,Colo-Colo,2,0
2026-06-25,Liga de Primera 2026,54,Jorge Henríquez,Deportes Concepción,2,0
2026-06-25,Liga de Primera 2026,55,Ignacio Mesías,Deportes Concepción,2,0
2026-06-25,Liga de Primera 2026,56,Nicolás Stefanelli,Deportes La Serena,2,0
2026-06-25,Liga de Primera 2026,57,Gonzalo Escalante,Deportes La Serena,2,0
2026-06-25,Liga de Primera 2026,58,Nicolás Montiel,Everton,2,0
2026-06-25,Liga de Primera 2026,59,Diego Sanhueza,Ñublense,2,0
2026-06-25,Liga de Primera 2026,60,Francisco Montes,Palestino,2,0
2026-06-25,Liga de Primera 2026,61,Gonzalo Tapia,Palestino,2,0
2026-06-25,Liga de Primera 2026,62,Matías Campos López,Unión La Calera,2,0
2026-06-25,Liga de Primera 2026,63,Rodrigo Cáseres,Unión La Calera,2,0
2026-06-25,Liga de Primera 2026,64,Javier Altamirano,Universidad de Chile,2,0
2026-06-25,Liga de Primera 2026,65,Nicolás Ramírez,Universidad de Chile,2,0
2026-06-25,Liga de Primera 2026,66,Luis Rojas,Universidad de Concepción,2,0
2026-06-25,Liga de Primera 2026,67,Jeison Fuentealba,Universidad de Concepción,2,0
2026-06-25,Liga de Primera 2026,68,Bryan Carvallo,Cobresal,1,5
2026-06-25,Liga de Primera 2026,69,Cristián Cuevas,Universidad Católica,1,5
2026-06-25,Liga de Primera 2026,70,Esteban Matus,Audax Italiano,1,3
2026-06-25,Liga de Primera 2026,71,Luis Riveros,Coquimbo Unido,1,3
2026-06-25,Liga de Primera 2026,72,Maximiliano Rodríguez,Huachipato,1,3
2026-06-25,Liga de Primera 2026,73,Julián Fernández,Palestino,1,3
2026-06-25,Liga de Primera 2026,74,Guillermo Pacheco,Cobresal,1,2
2026-06-25,Liga de Primera 2026,75,Marcos Arturia,Deportes Limache,1,2
2026-06-25,Liga de Primera 2026,76,Braian Martínez,Everton,1,2
2026-06-25,Liga de Primera 2026,77,Maicol León,Huachipato,1,2
2026-06-25,Liga de Primera 2026,78,Guillermo Guaiquil,Huachipato,1,2
2026-06-25,Liga de Primera 2026,79,Bryan Rabello,O'Higgins,1,2
2026-06-25,Liga de Primera 2026,80,Ian Garguez,Palestino,1,2
2026-06-25,Liga de Primera 2026,81,Jimmy Martínez,Universidad Católica,1,2
2026-06-25,Liga de Primera 2026,82,Diego Corral,Universidad Católica,1,2
2026-06-25,Liga de Primera 2026,83,Fabián Hormazábal,Universidad de Chile,1,2
2026-06-25,Liga de Primera 2026,84,Agustín Urzi,Universidad de Concepción,1,2
2026-06-25,Liga de Primera 2026,85,Federico Mateos,Audax Italiano,1,1
2026-06-25,Liga de Primera 2026,86,Benjamín Valenzuela,Cobresal,1,1
2026-06-25,Liga de Primera 2026,87,Yastin Cuevas,Colo-Colo,1,1
2026-06-25,Liga de Primera 2026,88,Jeyson Rojas,Colo-Colo,1,1
2026-06-25,Liga de Primera 2026,89,Arturo Vidal,Colo-Colo,1,1
2026-06-25,Liga de Primera 2026,90,Martín Mundaca,Coquimbo Unido,1,1
2026-06-25,Liga de Primera 2026,91,Bruno Gutiérrez,Deportes La Serena,1,1
2026-06-25,Liga de Primera 2026,92,Ángelo Henríquez,Deportes La Serena,1,1
2026-06-25,Liga de Primera 2026,93,Joaquín Montecinos,Deportes Limache,1,1
2026-06-25,Liga de Primera 2026,94,Flavio Moya,Deportes Limache,1,1
2026-06-25,Liga de Primera 2026,95,Nicolás Baeza,Everton,1,1
2026-06-25,Liga de Primera 2026,96,Julián Alfaro,Everton,1,1
2026-06-25,Liga de Primera 2026,97,Nicolás Vargas,Huachipato,1,1
2026-06-25,Liga de Primera 2026,98,Claudio Sepúlveda,Huachipato,1,1
2026-06-25,Liga de Primera 2026,99,Ignacio Tapia,Ñublense,1,1
2026-06-25,Liga de Primera 2026,100,Matías Plaza,Ñublense,1,1
2026-06-25,Liga de Primera 2026,101,Felipe Ogaz,O'Higgins,1,1
2026-06-25,Liga de Primera 2026,102,Martín Maturana,O'Higgins,1,1
2026-06-25,Liga de Primera 2026,103,Sebastián Gallegos,Palestino,1,1
2026-06-25,Liga de Primera 2026,104,Dilan Zúñiga,Palestino,1,1
2026-06-25,Liga de Primera 2026,105,Martín Araya,Palestino,1,1
2026-06-25,Liga de Primera 2026,106,Ronnie Fernández,Palestino,1,1
2026-06-25,Liga de Primera 2026,107,Jason León,Palestino,1,1
2026-06-25,Liga de Primera 2026,108,Agustín Arce,Universidad de Chile,1,1
2026-06-25,Liga de Primera 2026,109,Juan Martín Lucero,Universidad de Chile,1,1
2026-06-25,Liga de Primera 2026,110,Ignacio Vásquez,Universidad de Chile,1,1
2026-06-25,Liga de Primera 2026,111,Antonio Díaz,Universidad de Concepción,1,1
2026-06-25,Liga de Primera 2026,112,Michael Vadulli,Audax Italiano,1,0
2026-06-25,Liga de Primera 2026,113,Rodrigo Cabral,Audax Italiano,1,0
2026-06-25,Liga de Primera 2026,114,Enzo Ferrario,Audax Italiano,1,0
2026-06-25,Liga de Primera 2026,115,Marco Collao,Audax Italiano,1,0
2026-06-25,Liga de Primera 2026,116,Vicente Zenteno,Audax Italiano,1,0
2026-06-25,Liga de Primera 2026,117,José Tiznado,Cobresal,1,0
2026-06-25,Liga de Primera 2026,118,Joaquín Sosa,Colo-Colo,1,0
2026-06-25,Liga de Primera 2026,119,Guido Vadalá,Coquimbo Unido,1,0
2026-06-25,Liga de Primera 2026,120,Sebastián Galani,Coquimbo Unido,1,0
2026-06-25,Liga de Primera 2026,121,Lucas Pratto,Coquimbo Unido,1,0
2026-06-25,Liga de Primera 2026,122,Manuel Fernández,Coquimbo Unido,1,0
2026-06-25,Liga de Primera 2026,123,Pablo Rodríguez,Coquimbo Unido,1,0
2026-06-25,Liga de Primera 2026,124,Fausto Grillo,Deportes Concepción,1,0
2026-06-25,Liga de Primera 2026,125,Joaquín Larrivey,Deportes Concepción,1,0
2026-06-25,Liga de Primera 2026,126,Ariel Cáceres,Deportes Concepción,1,0
2026-06-25,Liga de Primera 2026,127,Mario Sandoval,Deportes Concepción,1,0
2026-06-25,Liga de Primera 2026,128,Aldrix Jara,Deportes Concepción,1,0
2026-06-25,Liga de Primera 2026,129,Ethan Espinoza,Deportes Concepción,1,0
2026-06-25,Liga de Primera 2026,130,Sebastián Díaz,Deportes La Serena,1,0
2026-06-25,Liga de Primera 2026,131,Lucas Alarcón,Deportes La Serena,1,0
2026-06-25,Liga de Primera 2026,132,Matías Marín,Deportes La Serena,1,0
2026-06-25,Liga de Primera 2026,133,César Pinares,Deportes Limache,1,0
2026-06-25,Liga de Primera 2026,134,Misael Llantén,Deportes Limache,1,0
2026-06-25,Liga de Primera 2026,135,César Fuentes,Deportes Limache,1,0
2026-06-25,Liga de Primera 2026,136,Ramón Martínez,Deportes Limache,1,0
2026-06-25,Liga de Primera 2026,137,Santiago Londoño,Everton,1,0
2026-06-25,Liga de Primera 2026,138,Renzo Malanca,Huachipato,1,0
2026-06-25,Liga de Primera 2026,139,Santiago Silva,Huachipato,1,0
2026-06-25,Liga de Primera 2026,140,Kevin Altez,Huachipato,1,0
2026-06-25,Liga de Primera 2026,141,Diego Céspedes,Ñublense,1,0
2026-06-25,Liga de Primera 2026,142,Giovanny Ávalos,Ñublense,1,0
2026-06-25,Liga de Primera 2026,143,Lorenzo Reyes,Ñublense,1,0
2026-06-25,Liga de Primera 2026,144,Lucas Molina,Ñublense,1,0
2026-06-25,Liga de Primera 2026,145,Miguel Brizuela,O'Higgins,1,0
2026-06-25,Liga de Primera 2026,146,Bastián Yáñez,O'Higgins,1,0
2026-06-25,Liga de Primera 2026,147,Vicente Espinoza,Palestino,1,0
2026-06-25,Liga de Primera 2026,148,Bayron Oyarzo,Unión La Calera,1,0
2026-06-25,Liga de Primera 2026,149,Francisco Pozzo,Unión La Calera,1,0
2026-06-25,Liga de Primera 2026,150,Juan Ignacio Díaz,Universidad Católica,1,0
2026-06-25,Liga de Primera 2026,151,Branco Ampuero,Universidad Católica,1,0
2026-06-25,Liga de Primera 2026,152,Juan Rossel,Universidad Católica,1,0
2026-06-25,Liga de Primera 2026,153,Matías Zaldivia,Universidad de Chile,1,0
2026-06-25,Liga de Primera 2026,154,Bianneider Tamayo,Universidad de Chile,1,0
2026-06-25,Liga de Primera 2026,155,Daniel Barrea,Universidad de Concepción,1,0
2026-06-25,Liga de Primera 2026,156,Cristhofer Mesías,Universidad de Concepción,1,0
2026-06-25,Liga de Primera 2026,157,Osvaldo González,Universidad de Concepción,1,0
2026-06-26,Liga de Primera 2026,1,Fernando Zampedri,Universidad Católica,15,2
2026-06-26,Liga de Primera 2026,2,Daniel Castro,Deportes Limache,8,5
2026-06-26,Liga de Primera 2026,3,Justo Giani,Universidad Católica,8,3
2026-06-26,Liga de Primera 2026,4,Javier Correa,Colo-Colo,8,2
2026-06-26,Liga de Primera 2026,5,Sebastián Sáez,Unión La Calera,8,1
2026-06-26,Liga de Primera 2026,6,Nelson Da Silva,Palestino,7,2
2026-06-26,Liga de Primera 2026,7,Lionel Altamirano,Huachipato,6,1
2026-06-26,Liga de Primera 2026,8,Steffan Pino,Cobresal,6,0
2026-06-26,Liga de Primera 2026,9,Jean Meneses,Deportes Limache,5,8
2026-06-26,Liga de Primera 2026,10,Jeisson Vargas,Deportes La Serena,5,5
2026-06-26,Liga de Primera 2026,11,Francisco González,O'Higgins,5,4
2026-06-26,Liga de Primera 2026,12,Maximiliano Romero,Colo-Colo,5,1
2026-06-26,Liga de Primera 2026,13,Eduardo Vargas,Universidad de Chile,5,1
2026-06-26,Liga de Primera 2026,14,Nicolás Johansen,Coquimbo Unido,5,0
2026-06-26,Liga de Primera 2026,15,Kevin Méndez,Unión La Calera,4,6
2026-06-26,Liga de Primera 2026,16,Leonardo Valencia,Deportes Concepción,4,2
2026-06-26,Liga de Primera 2026,17,Thiago Vecino,O'Higgins,4,1
2026-06-26,Liga de Primera 2026,18,Felipe Chamorro,Deportes La Serena,4,0
2026-06-26,Liga de Primera 2026,19,Gonzalo Sosa,Deportes Limache,4,0
2026-06-26,Liga de Primera 2026,20,Ignacio Jeraldino,Ñublense,4,0
2026-06-26,Liga de Primera 2026,21,Clemente Montes,Universidad Católica,3,4
2026-06-26,Liga de Primera 2026,22,Diego Rubio,Deportes La Serena,3,3
2026-06-26,Liga de Primera 2026,23,Giovani Chiaverano,Audax Italiano,3,2
2026-06-26,Liga de Primera 2026,24,Lautaro Pastrán,Colo-Colo,3,2
2026-06-26,Liga de Primera 2026,25,Julián Brea,Cobresal,3,1
2026-06-26,Liga de Primera 2026,26,Alan Medina,Everton,3,1
2026-06-26,Liga de Primera 2026,27,Lucas Soto,Everton,3,1
2026-06-26,Liga de Primera 2026,28,Cris Martínez,Huachipato,3,1
2026-06-26,Liga de Primera 2026,29,Cecilio Waterman,Universidad de Concepción,3,1
2026-06-26,Liga de Primera 2026,30,Franco Troyansky,Audax Italiano,3,0
2026-06-26,Liga de Primera 2026,31,Diego Coelho,Audax Italiano,3,0
2026-06-26,Liga de Primera 2026,32,Alejandro Camargo,Coquimbo Unido,3,0
2026-06-26,Liga de Primera 2026,33,Vicente Álvarez,Deportes Limache,3,0
2026-06-26,Liga de Primera 2026,34,Cristian Palacios,Everton,3,0
2026-06-26,Liga de Primera 2026,35,Maximiliano Gutiérrez,Huachipato,3,0
2026-06-26,Liga de Primera 2026,36,Franco Rami,Ñublense,3,0
2026-06-26,Liga de Primera 2026,37,Arnaldo Castillo,O'Higgins,3,0
2026-06-26,Liga de Primera 2026,38,Matías Palavecino,Universidad Católica,2,5
2026-06-26,Liga de Primera 2026,39,Claudio Aquino,Colo-Colo,2,3
2026-06-26,Liga de Primera 2026,40,Leandro Hernández,Colo-Colo,2,2
2026-06-26,Liga de Primera 2026,41,Cristián Zavala,Coquimbo Unido,2,2
2026-06-26,Liga de Primera 2026,42,Mario Briceño,Huachipato,2,2
2026-06-26,Liga de Primera 2026,43,Gabriel Graciani,Ñublense,2,2
2026-06-26,Liga de Primera 2026,44,César Munder,Palestino,2,2
2026-06-26,Liga de Primera 2026,45,Maximiliano Guerrero,Universidad de Chile,2,2
2026-06-26,Liga de Primera 2026,46,Víctor Méndez,Colo-Colo,2,1
2026-06-26,Liga de Primera 2026,47,Alejandro Azócar,Coquimbo Unido,2,1
2026-06-26,Liga de Primera 2026,48,Yerko González,Deportes Limache,2,1
2026-06-26,Liga de Primera 2026,49,Martín Sarrafiore,O'Higgins,2,1
2026-06-26,Liga de Primera 2026,50,Bryan Carrasco,Palestino,2,1
2026-06-26,Liga de Primera 2026,51,Agustín Nadruz,Cobresal,2,0
2026-06-26,Liga de Primera 2026,52,Franco Frías,Cobresal,2,0
2026-06-26,Liga de Primera 2026,53,Álvaro Madrid,Colo-Colo,2,0
2026-06-26,Liga de Primera 2026,54,Jorge Henríquez,Deportes Concepción,2,0
2026-06-26,Liga de Primera 2026,55,Ignacio Mesías,Deportes Concepción,2,0
2026-06-26,Liga de Primera 2026,56,Nicolás Stefanelli,Deportes La Serena,2,0
2026-06-26,Liga de Primera 2026,57,Gonzalo Escalante,Deportes La Serena,2,0
2026-06-26,Liga de Primera 2026,58,Nicolás Montiel,Everton,2,0
2026-06-26,Liga de Primera 2026,59,Diego Sanhueza,Ñublense,2,0
2026-06-26,Liga de Primera 2026,60,Francisco Montes,Palestino,2,0
2026-06-26,Liga de Primera 2026,61,Gonzalo Tapia,Palestino,2,0
2026-06-26,Liga de Primera 2026,62,Matías Campos López,Unión La Calera,2,0
2026-06-26,Liga de Primera 2026,63,Rodrigo Cáseres,Unión La Calera,2,0
2026-06-26,Liga de Primera 2026,64,Javier Altamirano,Universidad de Chile,2,0
2026-06-26,Liga de Primera 2026,65,Nicolás Ramírez,Universidad de Chile,2,0
2026-06-26,Liga de Primera 2026,66,Luis Rojas,Universidad de Concepción,2,0
2026-06-26,Liga de Primera 2026,67,Jeison Fuentealba,Universidad de Concepción,2,0
2026-06-26,Liga de Primera 2026,68,Bryan Carvallo,Cobresal,1,5
2026-06-26,Liga de Primera 2026,69,Cristián Cuevas,Universidad Católica,1,5
2026-06-26,Liga de Primera 2026,70,Esteban Matus,Audax Italiano,1,3
2026-06-26,Liga de Primera 2026,71,Luis Riveros,Coquimbo Unido,1,3
2026-06-26,Liga de Primera 2026,72,Maximiliano Rodríguez,Huachipato,1,3
2026-06-26,Liga de Primera 2026,73,Julián Fernández,Palestino,1,3
2026-06-26,Liga de Primera 2026,74,Guillermo Pacheco,Cobresal,1,2
2026-06-26,Liga de Primera 2026,75,Marcos Arturia,Deportes Limache,1,2
2026-06-26,Liga de Primera 2026,76,Braian Martínez,Everton,1,2
2026-06-26,Liga de Primera 2026,77,Maicol León,Huachipato,1,2
2026-06-26,Liga de Primera 2026,78,Guillermo Guaiquil,Huachipato,1,2
2026-06-26,Liga de Primera 2026,79,Bryan Rabello,O'Higgins,1,2
2026-06-26,Liga de Primera 2026,80,Ian Garguez,Palestino,1,2
2026-06-26,Liga de Primera 2026,81,Jimmy Martínez,Universidad Católica,1,2
2026-06-26,Liga de Primera 2026,82,Diego Corral,Universidad Católica,1,2
2026-06-26,Liga de Primera 2026,83,Fabián Hormazábal,Universidad de Chile,1,2
2026-06-26,Liga de Primera 2026,84,Agustín Urzi,Universidad de Concepción,1,2
2026-06-26,Liga de Primera 2026,85,Federico Mateos,Audax Italiano,1,1
2026-06-26,Liga de Primera 2026,86,Benjamín Valenzuela,Cobresal,1,1
2026-06-26,Liga de Primera 2026,87,Yastin Cuevas,Colo-Colo,1,1
2026-06-26,Liga de Primera 2026,88,Jeyson Rojas,Colo-Colo,1,1
2026-06-26,Liga de Primera 2026,89,Arturo Vidal,Colo-Colo,1,1
2026-06-26,Liga de Primera 2026,90,Martín Mundaca,Coquimbo Unido,1,1
2026-06-26,Liga de Primera 2026,91,Bruno Gutiérrez,Deportes La Serena,1,1
2026-06-26,Liga de Primera 2026,92,Ángelo Henríquez,Deportes La Serena,1,1
2026-06-26,Liga de Primera 2026,93,Joaquín Montecinos,Deportes Limache,1,1
2026-06-26,Liga de Primera 2026,94,Flavio Moya,Deportes Limache,1,1
2026-06-26,Liga de Primera 2026,95,Nicolás Baeza,Everton,1,1
2026-06-26,Liga de Primera 2026,96,Julián Alfaro,Everton,1,1
2026-06-26,Liga de Primera 2026,97,Nicolás Vargas,Huachipato,1,1
2026-06-26,Liga de Primera 2026,98,Claudio Sepúlveda,Huachipato,1,1
2026-06-26,Liga de Primera 2026,99,Ignacio Tapia,Ñublense,1,1
2026-06-26,Liga de Primera 2026,100,Matías Plaza,Ñublense,1,1
2026-06-26,Liga de Primera 2026,101,Felipe Ogaz,O'Higgins,1,1
2026-06-26,Liga de Primera 2026,102,Martín Maturana,O'Higgins,1,1
2026-06-26,Liga de Primera 2026,103,Sebastián Gallegos,Palestino,1,1
2026-06-26,Liga de Primera 2026,104,Dilan Zúñiga,Palestino,1,1
2026-06-26,Liga de Primera 2026,105,Martín Araya,Palestino,1,1
2026-06-26,Liga de Primera 2026,106,Ronnie Fernández,Palestino,1,1
2026-06-26,Liga de Primera 2026,107,Jason León,Palestino,1,1
2026-06-26,Liga de Primera 2026,108,Agustín Arce,Universidad de Chile,1,1
2026-06-26,Liga de Primera 2026,109,Juan Martín Lucero,Universidad de Chile,1,1
2026-06-26,Liga de Primera 2026,110,Ignacio Vásquez,Universidad de Chile,1,1
2026-06-26,Liga de Primera 2026,111,Antonio Díaz,Universidad de Concepción,1,1
2026-06-26,Liga de Primera 2026,112,Michael Vadulli,Audax Italiano,1,0
2026-06-26,Liga de Primera 2026,113,Rodrigo Cabral,Audax Italiano,1,0
2026-06-26,Liga de Primera 2026,114,Enzo Ferrario,Audax Italiano,1,0
2026-06-26,Liga de Primera 2026,115,Marco Collao,Audax Italiano,1,0
2026-06-26,Liga de Primera 2026,116,Vicente Zenteno,Audax Italiano,1,0
2026-06-26,Liga de Primera 2026,117,José Tiznado,Cobresal,1,0
2026-06-26,Liga de Primera 2026,118,Joaquín Sosa,Colo-Colo,1,0
2026-06-26,Liga de Primera 2026,119,Guido Vadalá,Coquimbo Unido,1,0
2026-06-26,Liga de Primera 2026,120,Sebastián Galani,Coquimbo Unido,1,0
2026-06-26,Liga de Primera 2026,121,Lucas Pratto,Coquimbo Unido,1,0
2026-06-26,Liga de Primera 2026,122,Manuel Fernández,Coquimbo Unido,1,0
2026-06-26,Liga de Primera 2026,123,Pablo Rodríguez,Coquimbo Unido,1,0
2026-06-26,Liga de Primera 2026,124,Fausto Grillo,Deportes Concepción,1,0
2026-06-26,Liga de Primera 2026,125,Joaquín Larrivey,Deportes Concepción,1,0
2026-06-26,Liga de Primera 2026,126,Ariel Cáceres,Deportes Concepción,1,0
2026-06-26,Liga de Primera 2026,127,Mario Sandoval,Deportes Concepción,1,0
2026-06-26,Liga de Primera 2026,128,Aldrix Jara,Deportes Concepción,1,0
2026-06-26,Liga de Primera 2026,129,Ethan Espinoza,Deportes Concepción,1,0
2026-06-26,Liga de Primera 2026,130,Sebastián Díaz,Deportes La Serena,1,0
2026-06-26,Liga de Primera 2026,131,Lucas Alarcón,Deportes La Serena,1,0
2026-06-26,Liga de Primera 2026,132,Matías Marín,Deportes La Serena,1,0
2026-06-26,Liga de Primera 2026,133,César Pinares,Deportes Limache,1,0
2026-06-26,Liga de Primera 2026,134,Misael Llantén,Deportes Limache,1,0
2026-06-26,Liga de Primera 2026,135,César Fuentes,Deportes Limache,1,0
2026-06-26,Liga de Primera 2026,136,Ramón Martínez,Deportes Limache,1,0
2026-06-26,Liga de Primera 2026,137,Santiago Londoño,Everton,1,0
2026-06-26,Liga de Primera 2026,138,Renzo Malanca,Huachipato,1,0
2026-06-26,Liga de Primera 2026,139,Santiago Silva,Huachipato,1,0
2026-06-26,Liga de Primera 2026,140,Kevin Altez,Huachipato,1,0
2026-06-26,Liga de Primera 2026,141,Diego Céspedes,Ñublense,1,0
2026-06-26,Liga de Primera 2026,142,Giovanny Ávalos,Ñublense,1,0
2026-06-26,Liga de Primera 2026,143,Lorenzo Reyes,Ñublense,1,0
2026-06-26,Liga de Primera 2026,144,Lucas Molina,Ñublense,1,0
2026-06-26,Liga de Primera 2026,145,Miguel Brizuela,O'Higgins,1,0
2026-06-26,Liga de Primera 2026,146,Bastián Yáñez,O'Higgins,1,0
2026-06-26,Liga de Primera 2026,147,Vicente Espinoza,Palestino,1,0
2026-06-26,Liga de Primera 2026,148,Bayron Oyarzo,Unión La Calera,1,0
2026-06-26,Liga de Primera 2026,149,Francisco Pozzo,Unión La Calera,1,0
2026-06-26,Liga de Primera 2026,150,Juan Ignacio Díaz,Universidad Católica,1,0
2026-06-26,Liga de Primera 2026,151,Branco Ampuero,Universidad Católica,1,0
2026-06-26,Liga de Primera 2026,152,Juan Rossel,Universidad Católica,1,0
2026-06-26,Liga de Primera 2026,153,Matías Zaldivia,Universidad de Chile,1,0
2026-06-26,Liga de Primera 2026,154,Bianneider Tamayo,Universidad de Chile,1,0
2026-06-26,Liga de Primera 2026,155,Daniel Barrea,Universidad de Concepción,1,0
2026-06-26,Liga de Primera 2026,156,Cristhofer Mesías,Universidad de Concepción,1,0
2026-06-26,Liga de Primera 2026,157,Osvaldo González,Universidad de Concepción,1,0
2026-06-27,Liga de Primera 2026,1,Fernando Zampedri,Universidad Católica,15,2
2026-06-27,Liga de Primera 2026,2,Daniel Castro,Deportes Limache,8,5
2026-06-27,Liga de Primera 2026,3,Justo Giani,Universidad Católica,8,3
2026-06-27,Liga de Primera 2026,4,Javier Correa,Colo-Colo,8,2
2026-06-27,Liga de Primera 2026,5,Sebastián Sáez,Unión La Calera,8,1
2026-06-27,Liga de Primera 2026,6,Nelson Da Silva,Palestino,7,2
2026-06-27,Liga de Primera 2026,7,Lionel Altamirano,Huachipato,6,1
2026-06-27,Liga de Primera 2026,8,Steffan Pino,Cobresal,6,0
2026-06-27,Liga de Primera 2026,9,Jean Meneses,Deportes Limache,5,8
2026-06-27,Liga de Primera 2026,10,Jeisson Vargas,Deportes La Serena,5,5
2026-06-27,Liga de Primera 2026,11,Francisco González,O'Higgins,5,4
2026-06-27,Liga de Primera 2026,12,Maximiliano Romero,Colo-Colo,5,1
2026-06-27,Liga de Primera 2026,13,Eduardo Vargas,Universidad de Chile,5,1
2026-06-27,Liga de Primera 2026,14,Nicolás Johansen,Coquimbo Unido,5,0
2026-06-27,Liga de Primera 2026,15,Kevin Méndez,Unión La Calera,4,6
2026-06-27,Liga de Primera 2026,16,Leonardo Valencia,Deportes Concepción,4,2
2026-06-27,Liga de Primera 2026,17,Thiago Vecino,O'Higgins,4,1
2026-06-27,Liga de Primera 2026,18,Felipe Chamorro,Deportes La Serena,4,0
2026-06-27,Liga de Primera 2026,19,Gonzalo Sosa,Deportes Limache,4,0
2026-06-27,Liga de Primera 2026,20,Ignacio Jeraldino,Ñublense,4,0
2026-06-27,Liga de Primera 2026,21,Clemente Montes,Universidad Católica,3,4
2026-06-27,Liga de Primera 2026,22,Diego Rubio,Deportes La Serena,3,3
2026-06-27,Liga de Primera 2026,23,Giovani Chiaverano,Audax Italiano,3,2
2026-06-27,Liga de Primera 2026,24,Lautaro Pastrán,Colo-Colo,3,2
2026-06-27,Liga de Primera 2026,25,Julián Brea,Cobresal,3,1
2026-06-27,Liga de Primera 2026,26,Alan Medina,Everton,3,1
2026-06-27,Liga de Primera 2026,27,Lucas Soto,Everton,3,1
2026-06-27,Liga de Primera 2026,28,Cris Martínez,Huachipato,3,1
2026-06-27,Liga de Primera 2026,29,Cecilio Waterman,Universidad de Concepción,3,1
2026-06-27,Liga de Primera 2026,30,Franco Troyansky,Audax Italiano,3,0
2026-06-27,Liga de Primera 2026,31,Diego Coelho,Audax Italiano,3,0
2026-06-27,Liga de Primera 2026,32,Alejandro Camargo,Coquimbo Unido,3,0
2026-06-27,Liga de Primera 2026,33,Vicente Álvarez,Deportes Limache,3,0
2026-06-27,Liga de Primera 2026,34,Cristian Palacios,Everton,3,0
2026-06-27,Liga de Primera 2026,35,Maximiliano Gutiérrez,Huachipato,3,0
2026-06-27,Liga de Primera 2026,36,Franco Rami,Ñublense,3,0
2026-06-27,Liga de Primera 2026,37,Arnaldo Castillo,O'Higgins,3,0
2026-06-27,Liga de Primera 2026,38,Matías Palavecino,Universidad Católica,2,5
2026-06-27,Liga de Primera 2026,39,Claudio Aquino,Colo-Colo,2,3
2026-06-27,Liga de Primera 2026,40,Leandro Hernández,Colo-Colo,2,2
2026-06-27,Liga de Primera 2026,41,Cristián Zavala,Coquimbo Unido,2,2
2026-06-27,Liga de Primera 2026,42,Mario Briceño,Huachipato,2,2
2026-06-27,Liga de Primera 2026,43,Gabriel Graciani,Ñublense,2,2
2026-06-27,Liga de Primera 2026,44,César Munder,Palestino,2,2
2026-06-27,Liga de Primera 2026,45,Maximiliano Guerrero,Universidad de Chile,2,2
2026-06-27,Liga de Primera 2026,46,Víctor Méndez,Colo-Colo,2,1
2026-06-27,Liga de Primera 2026,47,Alejandro Azócar,Coquimbo Unido,2,1
2026-06-27,Liga de Primera 2026,48,Yerko González,Deportes Limache,2,1
2026-06-27,Liga de Primera 2026,49,Martín Sarrafiore,O'Higgins,2,1
2026-06-27,Liga de Primera 2026,50,Bryan Carrasco,Palestino,2,1
2026-06-27,Liga de Primera 2026,51,Agustín Nadruz,Cobresal,2,0
2026-06-27,Liga de Primera 2026,52,Franco Frías,Cobresal,2,0
2026-06-27,Liga de Primera 2026,53,Álvaro Madrid,Colo-Colo,2,0
2026-06-27,Liga de Primera 2026,54,Jorge Henríquez,Deportes Concepción,2,0
2026-06-27,Liga de Primera 2026,55,Ignacio Mesías,Deportes Concepción,2,0
2026-06-27,Liga de Primera 2026,56,Nicolás Stefanelli,Deportes La Serena,2,0
2026-06-27,Liga de Primera 2026,57,Gonzalo Escalante,Deportes La Serena,2,0
2026-06-27,Liga de Primera 2026,58,Nicolás Montiel,Everton,2,0
2026-06-27,Liga de Primera 2026,59,Diego Sanhueza,Ñublense,2,0
2026-06-27,Liga de Primera 2026,60,Francisco Montes,Palestino,2,0
2026-06-27,Liga de Primera 2026,61,Gonzalo Tapia,Palestino,2,0
2026-06-27,Liga de Primera 2026,62,Matías Campos López,Unión La Calera,2,0
2026-06-27,Liga de Primera 2026,63,Rodrigo Cáseres,Unión La Calera,2,0
2026-06-27,Liga de Primera 2026,64,Javier Altamirano,Universidad de Chile,2,0
2026-06-27,Liga de Primera 2026,65,Nicolás Ramírez,Universidad de Chile,2,0
2026-06-27,Liga de Primera 2026,66,Luis Rojas,Universidad de Concepción,2,0
2026-06-27,Liga de Primera 2026,67,Jeison Fuentealba,Universidad de Concepción,2,0
2026-06-27,Liga de Primera 2026,68,Bryan Carvallo,Cobresal,1,5
2026-06-27,Liga de Primera 2026,69,Cristián Cuevas,Universidad Católica,1,5
2026-06-27,Liga de Primera 2026,70,Esteban Matus,Audax Italiano,1,3
2026-06-27,Liga de Primera 2026,71,Luis Riveros,Coquimbo Unido,1,3
2026-06-27,Liga de Primera 2026,72,Maximiliano Rodríguez,Huachipato,1,3
2026-06-27,Liga de Primera 2026,73,Julián Fernández,Palestino,1,3
2026-06-27,Liga de Primera 2026,74,Guillermo Pacheco,Cobresal,1,2
2026-06-27,Liga de Primera 2026,75,Marcos Arturia,Deportes Limache,1,2
2026-06-27,Liga de Primera 2026,76,Braian Martínez,Everton,1,2
2026-06-27,Liga de Primera 2026,77,Maicol León,Huachipato,1,2
2026-06-27,Liga de Primera 2026,78,Guillermo Guaiquil,Huachipato,1,2
2026-06-27,Liga de Primera 2026,79,Bryan Rabello,O'Higgins,1,2
2026-06-27,Liga de Primera 2026,80,Ian Garguez,Palestino,1,2
2026-06-27,Liga de Primera 2026,81,Jimmy Martínez,Universidad Católica,1,2
2026-06-27,Liga de Primera 2026,82,Diego Corral,Universidad Católica,1,2
2026-06-27,Liga de Primera 2026,83,Fabián Hormazábal,Universidad de Chile,1,2
2026-06-27,Liga de Primera 2026,84,Agustín Urzi,Universidad de Concepción,1,2
2026-06-27,Liga de Primera 2026,85,Federico Mateos,Audax Italiano,1,1
2026-06-27,Liga de Primera 2026,86,Benjamín Valenzuela,Cobresal,1,1
2026-06-27,Liga de Primera 2026,87,Yastin Cuevas,Colo-Colo,1,1
2026-06-27,Liga de Primera 2026,88,Jeyson Rojas,Colo-Colo,1,1
2026-06-27,Liga de Primera 2026,89,Arturo Vidal,Colo-Colo,1,1
2026-06-27,Liga de Primera 2026,90,Martín Mundaca,Coquimbo Unido,1,1
2026-06-27,Liga de Primera 2026,91,Bruno Gutiérrez,Deportes La Serena,1,1
2026-06-27,Liga de Primera 2026,92,Ángelo Henríquez,Deportes La Serena,1,1
2026-06-27,Liga de Primera 2026,93,Joaquín Montecinos,Deportes Limache,1,1
2026-06-27,Liga de Primera 2026,94,Flavio Moya,Deportes Limache,1,1
2026-06-27,Liga de Primera 2026,95,Nicolás Baeza,Everton,1,1
2026-06-27,Liga de Primera 2026,96,Julián Alfaro,Everton,1,1
2026-06-27,Liga de Primera 2026,97,Nicolás Vargas,Huachipato,1,1
2026-06-27,Liga de Primera 2026,98,Claudio Sepúlveda,Huachipato,1,1
2026-06-27,Liga de Primera 2026,99,Ignacio Tapia,Ñublense,1,1
2026-06-27,Liga de Primera 2026,100,Matías Plaza,Ñublense,1,1
2026-06-27,Liga de Primera 2026,101,Felipe Ogaz,O'Higgins,1,1
2026-06-27,Liga de Primera 2026,102,Martín Maturana,O'Higgins,1,1
2026-06-27,Liga de Primera 2026,103,Sebastián Gallegos,Palestino,1,1
2026-06-27,Liga de Primera 2026,104,Dilan Zúñiga,Palestino,1,1
2026-06-27,Liga de Primera 2026,105,Martín Araya,Palestino,1,1
2026-06-27,Liga de Primera 2026,106,Ronnie Fernández,Palestino,1,1
2026-06-27,Liga de Primera 2026,107,Jason León,Palestino,1,1
2026-06-27,Liga de Primera 2026,108,Agustín Arce,Universidad de Chile,1,1
2026-06-27,Liga de Primera 2026,109,Juan Martín Lucero,Universidad de Chile,1,1
2026-06-27,Liga de Primera 2026,110,Ignacio Vásquez,Universidad de Chile,1,1
2026-06-27,Liga de Primera 2026,111,Antonio Díaz,Universidad de Concepción,1,1
2026-06-27,Liga de Primera 2026,112,Michael Vadulli,Audax Italiano,1,0
2026-06-27,Liga de Primera 2026,113,Rodrigo Cabral,Audax Italiano,1,0
2026-06-27,Liga de Primera 2026,114,Enzo Ferrario,Audax Italiano,1,0
2026-06-27,Liga de Primera 2026,115,Marco Collao,Audax Italiano,1,0
2026-06-27,Liga de Primera 2026,116,Vicente Zenteno,Audax Italiano,1,0
2026-06-27,Liga de Primera 2026,117,José Tiznado,Cobresal,1,0
2026-06-27,Liga de Primera 2026,118,Joaquín Sosa,Colo-Colo,1,0
2026-06-27,Liga de Primera 2026,119,Guido Vadalá,Coquimbo Unido,1,0
2026-06-27,Liga de Primera 2026,120,Sebastián Galani,Coquimbo Unido,1,0
2026-06-27,Liga de Primera 2026,121,Lucas Pratto,Coquimbo Unido,1,0
2026-06-27,Liga de Primera 2026,122,Manuel Fernández,Coquimbo Unido,1,0
2026-06-27,Liga de Primera 2026,123,Pablo Rodríguez,Coquimbo Unido,1,0
2026-06-27,Liga de Primera 2026,124,Fausto Grillo,Deportes Concepción,1,0
2026-06-27,Liga de Primera 2026,125,Joaquín Larrivey,Deportes Concepción,1,0
2026-06-27,Liga de Primera 2026,126,Ariel Cáceres,Deportes Concepción,1,0
2026-06-27,Liga de Primera 2026,127,Mario Sandoval,Deportes Concepción,1,0
2026-06-27,Liga de Primera 2026,128,Aldrix Jara,Deportes Concepción,1,0
2026-06-27,Liga de Primera 2026,129,Ethan Espinoza,Deportes Concepción,1,0
2026-06-27,Liga de Primera 2026,130,Sebastián Díaz,Deportes La Serena,1,0
2026-06-27,Liga de Primera 2026,131,Lucas Alarcón,Deportes La Serena,1,0
2026-06-27,Liga de Primera 2026,132,Matías Marín,Deportes La Serena,1,0
2026-06-27,Liga de Primera 2026,133,César Pinares,Deportes Limache,1,0
2026-06-27,Liga de Primera 2026,134,Misael Llantén,Deportes Limache,1,0
2026-06-27,Liga de Primera 2026,135,César Fuentes,Deportes Limache,1,0
2026-06-27,Liga de Primera 2026,136,Ramón Martínez,Deportes Limache,1,0
2026-06-27,Liga de Primera 2026,137,Santiago Londoño,Everton,1,0
2026-06-27,Liga de Primera 2026,138,Renzo Malanca,Huachipato,1,0
2026-06-27,Liga de Primera 2026,139,Santiago Silva,Huachipato,1,0
2026-06-27,Liga de Primera 2026,140,Kevin Altez,Huachipato,1,0
2026-06-27,Liga de Primera 2026,141,Diego Céspedes,Ñublense,1,0
2026-06-27,Liga de Primera 2026,142,Giovanny Ávalos,Ñublense,1,0
2026-06-27,Liga de Primera 2026,143,Lorenzo Reyes,Ñublense,1,0
2026-06-27,Liga de Primera 2026,144,Lucas Molina,Ñublense,1,0
2026-06-27,Liga de Primera 2026,145,Miguel Brizuela,O'Higgins,1,0
2026-06-27,Liga de Primera 2026,146,Bastián Yáñez,O'Higgins,1,0
2026-06-27,Liga de Primera 2026,147,Vicente Espinoza,Palestino,1,0
2026-06-27,Liga de Primera 2026,148,Bayron Oyarzo,Unión La Calera,1,0
2026-06-27,Liga de Primera 2026,149,Francisco Pozzo,Unión La Calera,1,0
2026-06-27,Liga de Primera 2026,150,Juan Ignacio Díaz,Universidad Católica,1,0
2026-06-27,Liga de Primera 2026,151,Branco Ampuero,Universidad Católica,1,0
2026-06-27,Liga de Primera 2026,152,Juan Rossel,Universidad Católica,1,0
2026-06-27,Liga de Primera 2026,153,Matías Zaldivia,Universidad de Chile,1,0
2026-06-27,Liga de Primera 2026,154,Bianneider Tamayo,Universidad de Chile,1,0
2026-06-27,Liga de Primera 2026,155,Daniel Barrea,Universidad de Concepción,1,0
2026-06-27,Liga de Primera 2026,156,Cristhofer Mesías,Universidad de Concepción,1,0
2026-06-27,Liga de Primera 2026,157,Osvaldo González,Universidad de Concepción,1,0
2026-06-28,Liga de Primera 2026,1,Fernando Zampedri,Universidad Católica,15,2
2026-06-28,Liga de Primera 2026,2,Daniel Castro,Deportes Limache,8,5
2026-06-28,Liga de Primera 2026,3,Justo Giani,Universidad Católica,8,3
2026-06-28,Liga de Primera 2026,4,Javier Correa,Colo-Colo,8,2
2026-06-28,Liga de Primera 2026,5,Sebastián Sáez,Unión La Calera,8,1
2026-06-28,Liga de Primera 2026,6,Nelson Da Silva,Palestino,7,2
2026-06-28,Liga de Primera 2026,7,Lionel Altamirano,Huachipato,6,1
2026-06-28,Liga de Primera 2026,8,Steffan Pino,Cobresal,6,0
2026-06-28,Liga de Primera 2026,9,Jean Meneses,Deportes Limache,5,8
2026-06-28,Liga de Primera 2026,10,Jeisson Vargas,Deportes La Serena,5,5
2026-06-28,Liga de Primera 2026,11,Francisco González,O'Higgins,5,4
2026-06-28,Liga de Primera 2026,12,Maximiliano Romero,Colo-Colo,5,1
2026-06-28,Liga de Primera 2026,13,Eduardo Vargas,Universidad de Chile,5,1
2026-06-28,Liga de Primera 2026,14,Nicolás Johansen,Coquimbo Unido,5,0
2026-06-28,Liga de Primera 2026,15,Kevin Méndez,Unión La Calera,4,6
2026-06-28,Liga de Primera 2026,16,Leonardo Valencia,Deportes Concepción,4,2
2026-06-28,Liga de Primera 2026,17,Thiago Vecino,O'Higgins,4,1
2026-06-28,Liga de Primera 2026,18,Felipe Chamorro,Deportes La Serena,4,0
2026-06-28,Liga de Primera 2026,19,Gonzalo Sosa,Deportes Limache,4,0
2026-06-28,Liga de Primera 2026,20,Ignacio Jeraldino,Ñublense,4,0
2026-06-28,Liga de Primera 2026,21,Clemente Montes,Universidad Católica,3,4
2026-06-28,Liga de Primera 2026,22,Diego Rubio,Deportes La Serena,3,3
2026-06-28,Liga de Primera 2026,23,Giovani Chiaverano,Audax Italiano,3,2
2026-06-28,Liga de Primera 2026,24,Lautaro Pastrán,Colo-Colo,3,2
2026-06-28,Liga de Primera 2026,25,Julián Brea,Cobresal,3,1
2026-06-28,Liga de Primera 2026,26,Alan Medina,Everton,3,1
2026-06-28,Liga de Primera 2026,27,Lucas Soto,Everton,3,1
2026-06-28,Liga de Primera 2026,28,Cris Martínez,Huachipato,3,1
2026-06-28,Liga de Primera 2026,29,Cecilio Waterman,Universidad de Concepción,3,1
2026-06-28,Liga de Primera 2026,30,Franco Troyansky,Audax Italiano,3,0
2026-06-28,Liga de Primera 2026,31,Diego Coelho,Audax Italiano,3,0
2026-06-28,Liga de Primera 2026,32,Alejandro Camargo,Coquimbo Unido,3,0
2026-06-28,Liga de Primera 2026,33,Vicente Álvarez,Deportes Limache,3,0
2026-06-28,Liga de Primera 2026,34,Cristian Palacios,Everton,3,0
2026-06-28,Liga de Primera 2026,35,Maximiliano Gutiérrez,Huachipato,3,0
2026-06-28,Liga de Primera 2026,36,Franco Rami,Ñublense,3,0
2026-06-28,Liga de Primera 2026,37,Arnaldo Castillo,O'Higgins,3,0
2026-06-28,Liga de Primera 2026,38,Matías Palavecino,Universidad Católica,2,5
2026-06-28,Liga de Primera 2026,39,Claudio Aquino,Colo-Colo,2,3
2026-06-28,Liga de Primera 2026,40,Leandro Hernández,Colo-Colo,2,2
2026-06-28,Liga de Primera 2026,41,Cristián Zavala,Coquimbo Unido,2,2
2026-06-28,Liga de Primera 2026,42,Mario Briceño,Huachipato,2,2
2026-06-28,Liga de Primera 2026,43,Gabriel Graciani,Ñublense,2,2
2026-06-28,Liga de Primera 2026,44,César Munder,Palestino,2,2
2026-06-28,Liga de Primera 2026,45,Maximiliano Guerrero,Universidad de Chile,2,2
2026-06-28,Liga de Primera 2026,46,Víctor Méndez,Colo-Colo,2,1
2026-06-28,Liga de Primera 2026,47,Alejandro Azócar,Coquimbo Unido,2,1
2026-06-28,Liga de Primera 2026,48,Yerko González,Deportes Limache,2,1
2026-06-28,Liga de Primera 2026,49,Martín Sarrafiore,O'Higgins,2,1
2026-06-28,Liga de Primera 2026,50,Bryan Carrasco,Palestino,2,1
2026-06-28,Liga de Primera 2026,51,Agustín Nadruz,Cobresal,2,0
2026-06-28,Liga de Primera 2026,52,Franco Frías,Cobresal,2,0
2026-06-28,Liga de Primera 2026,53,Álvaro Madrid,Colo-Colo,2,0
2026-06-28,Liga de Primera 2026,54,Jorge Henríquez,Deportes Concepción,2,0
2026-06-28,Liga de Primera 2026,55,Ignacio Mesías,Deportes Concepción,2,0
2026-06-28,Liga de Primera 2026,56,Nicolás Stefanelli,Deportes La Serena,2,0
2026-06-28,Liga de Primera 2026,57,Gonzalo Escalante,Deportes La Serena,2,0
2026-06-28,Liga de Primera 2026,58,Nicolás Montiel,Everton,2,0
2026-06-28,Liga de Primera 2026,59,Diego Sanhueza,Ñublense,2,0
2026-06-28,Liga de Primera 2026,60,Francisco Montes,Palestino,2,0
2026-06-28,Liga de Primera 2026,61,Gonzalo Tapia,Palestino,2,0
2026-06-28,Liga de Primera 2026,62,Matías Campos López,Unión La Calera,2,0
2026-06-28,Liga de Primera 2026,63,Rodrigo Cáseres,Unión La Calera,2,0
2026-06-28,Liga de Primera 2026,64,Javier Altamirano,Universidad de Chile,2,0
2026-06-28,Liga de Primera 2026,65,Nicolás Ramírez,Universidad de Chile,2,0
2026-06-28,Liga de Primera 2026,66,Luis Rojas,Universidad de Concepción,2,0
2026-06-28,Liga de Primera 2026,67,Jeison Fuentealba,Universidad de Concepción,2,0
2026-06-28,Liga de Primera 2026,68,Bryan Carvallo,Cobresal,1,5
2026-06-28,Liga de Primera 2026,69,Cristián Cuevas,Universidad Católica,1,5
2026-06-28,Liga de Primera 2026,70,Esteban Matus,Audax Italiano,1,3
2026-06-28,Liga de Primera 2026,71,Luis Riveros,Coquimbo Unido,1,3
2026-06-28,Liga de Primera 2026,72,Maximiliano Rodríguez,Huachipato,1,3
2026-06-28,Liga de Primera 2026,73,Julián Fernández,Palestino,1,3
2026-06-28,Liga de Primera 2026,74,Guillermo Pacheco,Cobresal,1,2
2026-06-28,Liga de Primera 2026,75,Marcos Arturia,Deportes Limache,1,2
2026-06-28,Liga de Primera 2026,76,Braian Martínez,Everton,1,2
2026-06-28,Liga de Primera 2026,77,Maicol León,Huachipato,1,2
2026-06-28,Liga de Primera 2026,78,Guillermo Guaiquil,Huachipato,1,2
2026-06-28,Liga de Primera 2026,79,Bryan Rabello,O'Higgins,1,2
2026-06-28,Liga de Primera 2026,80,Ian Garguez,Palestino,1,2
2026-06-28,Liga de Primera 2026,81,Jimmy Martínez,Universidad Católica,1,2
2026-06-28,Liga de Primera 2026,82,Diego Corral,Universidad Católica,1,2
2026-06-28,Liga de Primera 2026,83,Fabián Hormazábal,Universidad de Chile,1,2
2026-06-28,Liga de Primera 2026,84,Agustín Urzi,Universidad de Concepción,1,2
2026-06-28,Liga de Primera 2026,85,Federico Mateos,Audax Italiano,1,1
2026-06-28,Liga de Primera 2026,86,Benjamín Valenzuela,Cobresal,1,1
2026-06-28,Liga de Primera 2026,87,Yastin Cuevas,Colo-Colo,1,1
2026-06-28,Liga de Primera 2026,88,Jeyson Rojas,Colo-Colo,1,1
2026-06-28,Liga de Primera 2026,89,Arturo Vidal,Colo-Colo,1,1
2026-06-28,Liga de Primera 2026,90,Martín Mundaca,Coquimbo Unido,1,1
2026-06-28,Liga de Primera 2026,91,Bruno Gutiérrez,Deportes La Serena,1,1
2026-06-28,Liga de Primera 2026,92,Ángelo Henríquez,Deportes La Serena,1,1
2026-06-28,Liga de Primera 2026,93,Joaquín Montecinos,Deportes Limache,1,1
2026-06-28,Liga de Primera 2026,94,Flavio Moya,Deportes Limache,1,1
2026-06-28,Liga de Primera 2026,95,Nicolás Baeza,Everton,1,1
2026-06-28,Liga de Primera 2026,96,Julián Alfaro,Everton,1,1
2026-06-28,Liga de Primera 2026,97,Nicolás Vargas,Huachipato,1,1
2026-06-28,Liga de Primera 2026,98,Claudio Sepúlveda,Huachipato,1,1
2026-06-28,Liga de Primera 2026,99,Ignacio Tapia,Ñublense,1,1
2026-06-28,Liga de Primera 2026,100,Matías Plaza,Ñublense,1,1
2026-06-28,Liga de Primera 2026,101,Felipe Ogaz,O'Higgins,1,1
2026-06-28,Liga de Primera 2026,102,Martín Maturana,O'Higgins,1,1
2026-06-28,Liga de Primera 2026,103,Sebastián Gallegos,Palestino,1,1
2026-06-28,Liga de Primera 2026,104,Dilan Zúñiga,Palestino,1,1
2026-06-28,Liga de Primera 2026,105,Martín Araya,Palestino,1,1
2026-06-28,Liga de Primera 2026,106,Ronnie Fernández,Palestino,1,1
2026-06-28,Liga de Primera 2026,107,Jason León,Palestino,1,1
2026-06-28,Liga de Primera 2026,108,Agustín Arce,Universidad de Chile,1,1
2026-06-28,Liga de Primera 2026,109,Juan Martín Lucero,Universidad de Chile,1,1
2026-06-28,Liga de Primera 2026,110,Ignacio Vásquez,Universidad de Chile,1,1
2026-06-28,Liga de Primera 2026,111,Antonio Díaz,Universidad de Concepción,1,1
2026-06-28,Liga de Primera 2026,112,Michael Vadulli,Audax Italiano,1,0
2026-06-28,Liga de Primera 2026,113,Rodrigo Cabral,Audax Italiano,1,0
2026-06-28,Liga de Primera 2026,114,Enzo Ferrario,Audax Italiano,1,0
2026-06-28,Liga de Primera 2026,115,Marco Collao,Audax Italiano,1,0
2026-06-28,Liga de Primera 2026,116,Vicente Zenteno,Audax Italiano,1,0
2026-06-28,Liga de Primera 2026,117,José Tiznado,Cobresal,1,0
2026-06-28,Liga de Primera 2026,118,Joaquín Sosa,Colo-Colo,1,0
2026-06-28,Liga de Primera 2026,119,Guido Vadalá,Coquimbo Unido,1,0
2026-06-28,Liga de Primera 2026,120,Sebastián Galani,Coquimbo Unido,1,0
2026-06-28,Liga de Primera 2026,121,Lucas Pratto,Coquimbo Unido,1,0
2026-06-28,Liga de Primera 2026,122,Manuel Fernández,Coquimbo Unido,1,0
2026-06-28,Liga de Primera 2026,123,Pablo Rodríguez,Coquimbo Unido,1,0
2026-06-28,Liga de Primera 2026,124,Fausto Grillo,Deportes Concepción,1,0
2026-06-28,Liga de Primera 2026,125,Joaquín Larrivey,Deportes Concepción,1,0
2026-06-28,Liga de Primera 2026,126,Ariel Cáceres,Deportes Concepción,1,0
2026-06-28,Liga de Primera 2026,127,Mario Sandoval,Deportes Concepción,1,0
2026-06-28,Liga de Primera 2026,128,Aldrix Jara,Deportes Concepción,1,0
2026-06-28,Liga de Primera 2026,129,Ethan Espinoza,Deportes Concepción,1,0
2026-06-28,Liga de Primera 2026,130,Sebastián Díaz,Deportes La Serena,1,0
2026-06-28,Liga de Primera 2026,131,Lucas Alarcón,Deportes La Serena,1,0
2026-06-28,Liga de Primera 2026,132,Matías Marín,Deportes La Serena,1,0
2026-06-28,Liga de Primera 2026,133,César Pinares,Deportes Limache,1,0
2026-06-28,Liga de Primera 2026,134,Misael Llantén,Deportes Limache,1,0
2026-06-28,Liga de Primera 2026,135,César Fuentes,Deportes Limache,1,0
2026-06-28,Liga de Primera 2026,136,Ramón Martínez,Deportes Limache,1,0
2026-06-28,Liga de Primera 2026,137,Santiago Londoño,Everton,1,0
2026-06-28,Liga de Primera 2026,138,Renzo Malanca,Huachipato,1,0
2026-06-28,Liga de Primera 2026,139,Santiago Silva,Huachipato,1,0
2026-06-28,Liga de Primera 2026,140,Kevin Altez,Huachipato,1,0
2026-06-28,Liga de Primera 2026,141,Diego Céspedes,Ñublense,1,0
2026-06-28,Liga de Primera 2026,142,Giovanny Ávalos,Ñublense,1,0
2026-06-28,Liga de Primera 2026,143,Lorenzo Reyes,Ñublense,1,0
2026-06-28,Liga de Primera 2026,144,Lucas Molina,Ñublense,1,0
2026-06-28,Liga de Primera 2026,145,Miguel Brizuela,O'Higgins,1,0
2026-06-28,Liga de Primera 2026,146,Bastián Yáñez,O'Higgins,1,0
2026-06-28,Liga de Primera 2026,147,Vicente Espinoza,Palestino,1,0
2026-06-28,Liga de Primera 2026,148,Bayron Oyarzo,Unión La Calera,1,0
2026-06-28,Liga de Primera 2026,149,Francisco Pozzo,Unión La Calera,1,0
2026-06-28,Liga de Primera 2026,150,Juan Ignacio Díaz,Universidad Católica,1,0
2026-06-28,Liga de Primera 2026,151,Branco Ampuero,Universidad Católica,1,0
2026-06-28,Liga de Primera 2026,152,Juan Rossel,Universidad Católica,1,0
2026-06-28,Liga de Primera 2026,153,Matías Zaldivia,Universidad de Chile,1,0
2026-06-28,Liga de Primera 2026,154,Bianneider Tamayo,Universidad de Chile,1,0
2026-06-28,Liga de Primera 2026,155,Daniel Barrea,Universidad de Concepción,1,0
2026-06-28,Liga de Primera 2026,156,Cristhofer Mesías,Universidad de Concepción,1,0
2026-06-28,Liga de Primera 2026,157,Osvaldo González,Universidad de Concepción,1,0
2026-06-29,Liga de Primera 2026,1,Fernando Zampedri,Universidad Católica,15,2
2026-06-29,Liga de Primera 2026,2,Daniel Castro,Deportes Limache,8,5
2026-06-29,Liga de Primera 2026,3,Justo Giani,Universidad Católica,8,3
2026-06-29,Liga de Primera 2026,4,Javier Correa,Colo-Colo,8,2
2026-06-29,Liga de Primera 2026,5,Sebastián Sáez,Unión La Calera,8,1
2026-06-29,Liga de Primera 2026,6,Nelson Da Silva,Palestino,7,2
2026-06-29,Liga de Primera 2026,7,Lionel Altamirano,Huachipato,6,1
2026-06-29,Liga de Primera 2026,8,Steffan Pino,Cobresal,6,0
2026-06-29,Liga de Primera 2026,9,Jean Meneses,Deportes Limache,5,8
2026-06-29,Liga de Primera 2026,10,Jeisson Vargas,Deportes La Serena,5,5
2026-06-29,Liga de Primera 2026,11,Francisco González,O'Higgins,5,4
2026-06-29,Liga de Primera 2026,12,Maximiliano Romero,Colo-Colo,5,1
2026-06-29,Liga de Primera 2026,13,Eduardo Vargas,Universidad de Chile,5,1
2026-06-29,Liga de Primera 2026,14,Nicolás Johansen,Coquimbo Unido,5,0
2026-06-29,Liga de Primera 2026,15,Kevin Méndez,Unión La Calera,4,6
2026-06-29,Liga de Primera 2026,16,Leonardo Valencia,Deportes Concepción,4,2
2026-06-29,Liga de Primera 2026,17,Thiago Vecino,O'Higgins,4,1
2026-06-29,Liga de Primera 2026,18,Felipe Chamorro,Deportes La Serena,4,0
2026-06-29,Liga de Primera 2026,19,Gonzalo Sosa,Deportes Limache,4,0
2026-06-29,Liga de Primera 2026,20,Ignacio Jeraldino,Ñublense,4,0
2026-06-29,Liga de Primera 2026,21,Clemente Montes,Universidad Católica,3,4
2026-06-29,Liga de Primera 2026,22,Diego Rubio,Deportes La Serena,3,3
2026-06-29,Liga de Primera 2026,23,Giovani Chiaverano,Audax Italiano,3,2
2026-06-29,Liga de Primera 2026,24,Lautaro Pastrán,Colo-Colo,3,2
2026-06-29,Liga de Primera 2026,25,Julián Brea,Cobresal,3,1
2026-06-29,Liga de Primera 2026,26,Alan Medina,Everton,3,1
2026-06-29,Liga de Primera 2026,27,Lucas Soto,Everton,3,1
2026-06-29,Liga de Primera 2026,28,Cris Martínez,Huachipato,3,1
2026-06-29,Liga de Primera 2026,29,Cecilio Waterman,Universidad de Concepción,3,1
2026-06-29,Liga de Primera 2026,30,Franco Troyansky,Audax Italiano,3,0
2026-06-29,Liga de Primera 2026,31,Diego Coelho,Audax Italiano,3,0
2026-06-29,Liga de Primera 2026,32,Alejandro Camargo,Coquimbo Unido,3,0
2026-06-29,Liga de Primera 2026,33,Vicente Álvarez,Deportes Limache,3,0
2026-06-29,Liga de Primera 2026,34,Cristian Palacios,Everton,3,0
2026-06-29,Liga de Primera 2026,35,Maximiliano Gutiérrez,Huachipato,3,0
2026-06-29,Liga de Primera 2026,36,Franco Rami,Ñublense,3,0
2026-06-29,Liga de Primera 2026,37,Arnaldo Castillo,O'Higgins,3,0
2026-06-29,Liga de Primera 2026,38,Matías Palavecino,Universidad Católica,2,5
2026-06-29,Liga de Primera 2026,39,Claudio Aquino,Colo-Colo,2,3
2026-06-29,Liga de Primera 2026,40,Leandro Hernández,Colo-Colo,2,2
2026-06-29,Liga de Primera 2026,41,Cristián Zavala,Coquimbo Unido,2,2
2026-06-29,Liga de Primera 2026,42,Mario Briceño,Huachipato,2,2
2026-06-29,Liga de Primera 2026,43,Gabriel Graciani,Ñublense,2,2
2026-06-29,Liga de Primera 2026,44,César Munder,Palestino,2,2
2026-06-29,Liga de Primera 2026,45,Maximiliano Guerrero,Universidad de Chile,2,2
2026-06-29,Liga de Primera 2026,46,Víctor Méndez,Colo-Colo,2,1
2026-06-29,Liga de Primera 2026,47,Alejandro Azócar,Coquimbo Unido,2,1
2026-06-29,Liga de Primera 2026,48,Yerko González,Deportes Limache,2,1
2026-06-29,Liga de Primera 2026,49,Martín Sarrafiore,O'Higgins,2,1
2026-06-29,Liga de Primera 2026,50,Bryan Carrasco,Palestino,2,1
2026-06-29,Liga de Primera 2026,51,Agustín Nadruz,Cobresal,2,0
2026-06-29,Liga de Primera 2026,52,Franco Frías,Cobresal,2,0
2026-06-29,Liga de Primera 2026,53,Álvaro Madrid,Colo-Colo,2,0
2026-06-29,Liga de Primera 2026,54,Jorge Henríquez,Deportes Concepción,2,0
2026-06-29,Liga de Primera 2026,55,Ignacio Mesías,Deportes Concepción,2,0
2026-06-29,Liga de Primera 2026,56,Nicolás Stefanelli,Deportes La Serena,2,0
2026-06-29,Liga de Primera 2026,57,Gonzalo Escalante,Deportes La Serena,2,0
2026-06-29,Liga de Primera 2026,58,Nicolás Montiel,Everton,2,0
2026-06-29,Liga de Primera 2026,59,Diego Sanhueza,Ñublense,2,0
2026-06-29,Liga de Primera 2026,60,Francisco Montes,Palestino,2,0
2026-06-29,Liga de Primera 2026,61,Gonzalo Tapia,Palestino,2,0
2026-06-29,Liga de Primera 2026,62,Matías Campos López,Unión La Calera,2,0
2026-06-29,Liga de Primera 2026,63,Rodrigo Cáseres,Unión La Calera,2,0
2026-06-29,Liga de Primera 2026,64,Javier Altamirano,Universidad de Chile,2,0
2026-06-29,Liga de Primera 2026,65,Nicolás Ramírez,Universidad de Chile,2,0
2026-06-29,Liga de Primera 2026,66,Luis Rojas,Universidad de Concepción,2,0
2026-06-29,Liga de Primera 2026,67,Jeison Fuentealba,Universidad de Concepción,2,0
2026-06-29,Liga de Primera 2026,68,Bryan Carvallo,Cobresal,1,5
2026-06-29,Liga de Primera 2026,69,Cristián Cuevas,Universidad Católica,1,5
2026-06-29,Liga de Primera 2026,70,Esteban Matus,Audax Italiano,1,3
2026-06-29,Liga de Primera 2026,71,Luis Riveros,Coquimbo Unido,1,3
2026-06-29,Liga de Primera 2026,72,Maximiliano Rodríguez,Huachipato,1,3
2026-06-29,Liga de Primera 2026,73,Julián Fernández,Palestino,1,3
2026-06-29,Liga de Primera 2026,74,Guillermo Pacheco,Cobresal,1,2
2026-06-29,Liga de Primera 2026,75,Marcos Arturia,Deportes Limache,1,2
2026-06-29,Liga de Primera 2026,76,Braian Martínez,Everton,1,2
2026-06-29,Liga de Primera 2026,77,Maicol León,Huachipato,1,2
2026-06-29,Liga de Primera 2026,78,Guillermo Guaiquil,Huachipato,1,2
2026-06-29,Liga de Primera 2026,79,Bryan Rabello,O'Higgins,1,2
2026-06-29,Liga de Primera 2026,80,Ian Garguez,Palestino,1,2
2026-06-29,Liga de Primera 2026,81,Jimmy Martínez,Universidad Católica,1,2
2026-06-29,Liga de Primera 2026,82,Diego Corral,Universidad Católica,1,2
2026-06-29,Liga de Primera 2026,83,Fabián Hormazábal,Universidad de Chile,1,2
2026-06-29,Liga de Primera 2026,84,Agustín Urzi,Universidad de Concepción,1,2
2026-06-29,Liga de Primera 2026,85,Federico Mateos,Audax Italiano,1,1
2026-06-29,Liga de Primera 2026,86,Benjamín Valenzuela,Cobresal,1,1
2026-06-29,Liga de Primera 2026,87,Yastin Cuevas,Colo-Colo,1,1
2026-06-29,Liga de Primera 2026,88,Jeyson Rojas,Colo-Colo,1,1
2026-06-29,Liga de Primera 2026,89,Arturo Vidal,Colo-Colo,1,1
2026-06-29,Liga de Primera 2026,90,Martín Mundaca,Coquimbo Unido,1,1
2026-06-29,Liga de Primera 2026,91,Bruno Gutiérrez,Deportes La Serena,1,1
2026-06-29,Liga de Primera 2026,92,Ángelo Henríquez,Deportes La Serena,1,1
2026-06-29,Liga de Primera 2026,93,Joaquín Montecinos,Deportes Limache,1,1
2026-06-29,Liga de Primera 2026,94,Flavio Moya,Deportes Limache,1,1
2026-06-29,Liga de Primera 2026,95,Nicolás Baeza,Everton,1,1
2026-06-29,Liga de Primera 2026,96,Julián Alfaro,Everton,1,1
2026-06-29,Liga de Primera 2026,97,Nicolás Vargas,Huachipato,1,1
2026-06-29,Liga de Primera 2026,98,Claudio Sepúlveda,Huachipato,1,1
2026-06-29,Liga de Primera 2026,99,Ignacio Tapia,Ñublense,1,1
2026-06-29,Liga de Primera 2026,100,Matías Plaza,Ñublense,1,1
2026-06-29,Liga de Primera 2026,101,Felipe Ogaz,O'Higgins,1,1
2026-06-29,Liga de Primera 2026,102,Martín Maturana,O'Higgins,1,1
2026-06-29,Liga de Primera 2026,103,Sebastián Gallegos,Palestino,1,1
2026-06-29,Liga de Primera 2026,104,Dilan Zúñiga,Palestino,1,1
2026-06-29,Liga de Primera 2026,105,Martín Araya,Palestino,1,1
2026-06-29,Liga de Primera 2026,106,Ronnie Fernández,Palestino,1,1
2026-06-29,Liga de Primera 2026,107,Jason León,Palestino,1,1
2026-06-29,Liga de Primera 2026,108,Agustín Arce,Universidad de Chile,1,1
2026-06-29,Liga de Primera 2026,109,Juan Martín Lucero,Universidad de Chile,1,1
2026-06-29,Liga de Primera 2026,110,Ignacio Vásquez,Universidad de Chile,1,1
2026-06-29,Liga de Primera 2026,111,Antonio Díaz,Universidad de Concepción,1,1
2026-06-29,Liga de Primera 2026,112,Michael Vadulli,Audax Italiano,1,0
2026-06-29,Liga de Primera 2026,113,Rodrigo Cabral,Audax Italiano,1,0
2026-06-29,Liga de Primera 2026,114,Enzo Ferrario,Audax Italiano,1,0
2026-06-29,Liga de Primera 2026,115,Marco Collao,Audax Italiano,1,0
2026-06-29,Liga de Primera 2026,116,Vicente Zenteno,Audax Italiano,1,0
2026-06-29,Liga de Primera 2026,117,José Tiznado,Cobresal,1,0
2026-06-29,Liga de Primera 2026,118,Joaquín Sosa,Colo-Colo,1,0
2026-06-29,Liga de Primera 2026,119,Guido Vadalá,Coquimbo Unido,1,0
2026-06-29,Liga de Primera 2026,120,Sebastián Galani,Coquimbo Unido,1,0
2026-06-29,Liga de Primera 2026,121,Lucas Pratto,Coquimbo Unido,1,0
2026-06-29,Liga de Primera 2026,122,Manuel Fernández,Coquimbo Unido,1,0
2026-06-29,Liga de Primera 2026,123,Pablo Rodríguez,Coquimbo Unido,1,0
2026-06-29,Liga de Primera 2026,124,Fausto Grillo,Deportes Concepción,1,0
2026-06-29,Liga de Primera 2026,125,Joaquín Larrivey,Deportes Concepción,1,0
2026-06-29,Liga de Primera 2026,126,Ariel Cáceres,Deportes Concepción,1,0
2026-06-29,Liga de Primera 2026,127,Mario Sandoval,Deportes Concepción,1,0
2026-06-29,Liga de Primera 2026,128,Aldrix Jara,Deportes Concepción,1,0
2026-06-29,Liga de Primera 2026,129,Ethan Espinoza,Deportes Concepción,1,0
2026-06-29,Liga de Primera 2026,130,Sebastián Díaz,Deportes La Serena,1,0
2026-06-29,Liga de Primera 2026,131,Lucas Alarcón,Deportes La Serena,1,0
2026-06-29,Liga de Primera 2026,132,Matías Marín,Deportes La Serena,1,0
2026-06-29,Liga de Primera 2026,133,César Pinares,Deportes Limache,1,0
2026-06-29,Liga de Primera 2026,134,Misael Llantén,Deportes Limache,1,0
2026-06-29,Liga de Primera 2026,135,César Fuentes,Deportes Limache,1,0
2026-06-29,Liga de Primera 2026,136,Ramón Martínez,Deportes Limache,1,0
2026-06-29,Liga de Primera 2026,137,Santiago Londoño,Everton,1,0
2026-06-29,Liga de Primera 2026,138,Renzo Malanca,Huachipato,1,0
2026-06-29,Liga de Primera 2026,139,Santiago Silva,Huachipato,1,0
2026-06-29,Liga de Primera 2026,140,Kevin Altez,Huachipato,1,0
2026-06-29,Liga de Primera 2026,141,Diego Céspedes,Ñublense,1,0
2026-06-29,Liga de Primera 2026,142,Giovanny Ávalos,Ñublense,1,0
2026-06-29,Liga de Primera 2026,143,Lorenzo Reyes,Ñublense,1,0
2026-06-29,Liga de Primera 2026,144,Lucas Molina,Ñublense,1,0
2026-06-29,Liga de Primera 2026,145,Miguel Brizuela,O'Higgins,1,0
2026-06-29,Liga de Primera 2026,146,Bastián Yáñez,O'Higgins,1,0
2026-06-29,Liga de Primera 2026,147,Vicente Espinoza,Palestino,1,0
2026-06-29,Liga de Primera 2026,148,Bayron Oyarzo,Unión La Calera,1,0
2026-06-29,Liga de Primera 2026,149,Francisco Pozzo,Unión La Calera,1,0
2026-06-29,Liga de Primera 2026,150,Juan Ignacio Díaz,Universidad Católica,1,0
2026-06-29,Liga de Primera 2026,151,Branco Ampuero,Universidad Católica,1,0
2026-06-29,Liga de Primera 2026,152,Juan Rossel,Universidad Católica,1,0
2026-06-29,Liga de Primera 2026,153,Matías Zaldivia,Universidad de Chile,1,0
2026-06-29,Liga de Primera 2026,154,Bianneider Tamayo,Universidad de Chile,1,0
2026-06-29,Liga de Primera 2026,155,Daniel Barrea,Universidad de Concepción,1,0
2026-06-29,Liga de Primera 2026,156,Cristhofer Mesías,Universidad de Concepción,1,0
2026-06-29,Liga de Primera 2026,157,Osvaldo González,Universidad de Concepción,1,0
2026-06-30,Liga de Primera 2026,1,Fernando Zampedri,Universidad Católica,15,2
2026-06-30,Liga de Primera 2026,2,Daniel Castro,Deportes Limache,8,5
2026-06-30,Liga de Primera 2026,3,Justo Giani,Universidad Católica,8,3
2026-06-30,Liga de Primera 2026,4,Javier Correa,Colo-Colo,8,2
2026-06-30,Liga de Primera 2026,5,Sebastián Sáez,Unión La Calera,8,1
2026-06-30,Liga de Primera 2026,6,Nelson Da Silva,Palestino,7,2
2026-06-30,Liga de Primera 2026,7,Lionel Altamirano,Huachipato,6,1
2026-06-30,Liga de Primera 2026,8,Steffan Pino,Cobresal,6,0
2026-06-30,Liga de Primera 2026,9,Jean Meneses,Deportes Limache,5,8
2026-06-30,Liga de Primera 2026,10,Jeisson Vargas,Deportes La Serena,5,5
2026-06-30,Liga de Primera 2026,11,Francisco González,O'Higgins,5,4
2026-06-30,Liga de Primera 2026,12,Maximiliano Romero,Colo-Colo,5,1
2026-06-30,Liga de Primera 2026,13,Eduardo Vargas,Universidad de Chile,5,1
2026-06-30,Liga de Primera 2026,14,Nicolás Johansen,Coquimbo Unido,5,0
2026-06-30,Liga de Primera 2026,15,Kevin Méndez,Unión La Calera,4,6
2026-06-30,Liga de Primera 2026,16,Leonardo Valencia,Deportes Concepción,4,2
2026-06-30,Liga de Primera 2026,17,Thiago Vecino,O'Higgins,4,1
2026-06-30,Liga de Primera 2026,18,Felipe Chamorro,Deportes La Serena,4,0
2026-06-30,Liga de Primera 2026,19,Gonzalo Sosa,Deportes Limache,4,0
2026-06-30,Liga de Primera 2026,20,Ignacio Jeraldino,Ñublense,4,0
2026-06-30,Liga de Primera 2026,21,Clemente Montes,Universidad Católica,3,4
2026-06-30,Liga de Primera 2026,22,Diego Rubio,Deportes La Serena,3,3
2026-06-30,Liga de Primera 2026,23,Giovani Chiaverano,Audax Italiano,3,2
2026-06-30,Liga de Primera 2026,24,Lautaro Pastrán,Colo-Colo,3,2
2026-06-30,Liga de Primera 2026,25,Julián Brea,Cobresal,3,1
2026-06-30,Liga de Primera 2026,26,Alan Medina,Everton,3,1
2026-06-30,Liga de Primera 2026,27,Lucas Soto,Everton,3,1
2026-06-30,Liga de Primera 2026,28,Cris Martínez,Huachipato,3,1
2026-06-30,Liga de Primera 2026,29,Cecilio Waterman,Universidad de Concepción,3,1
2026-06-30,Liga de Primera 2026,30,Franco Troyansky,Audax Italiano,3,0
2026-06-30,Liga de Primera 2026,31,Diego Coelho,Audax Italiano,3,0
2026-06-30,Liga de Primera 2026,32,Alejandro Camargo,Coquimbo Unido,3,0
2026-06-30,Liga de Primera 2026,33,Vicente Álvarez,Deportes Limache,3,0
2026-06-30,Liga de Primera 2026,34,Cristian Palacios,Everton,3,0
2026-06-30,Liga de Primera 2026,35,Maximiliano Gutiérrez,Huachipato,3,0
2026-06-30,Liga de Primera 2026,36,Franco Rami,Ñublense,3,0
2026-06-30,Liga de Primera 2026,37,Arnaldo Castillo,O'Higgins,3,0
2026-06-30,Liga de Primera 2026,38,Matías Palavecino,Universidad Católica,2,5
2026-06-30,Liga de Primera 2026,39,Claudio Aquino,Colo-Colo,2,3
2026-06-30,Liga de Primera 2026,40,Leandro Hernández,Colo-Colo,2,2
2026-06-30,Liga de Primera 2026,41,Cristián Zavala,Coquimbo Unido,2,2
2026-06-30,Liga de Primera 2026,42,Mario Briceño,Huachipato,2,2
2026-06-30,Liga de Primera 2026,43,Gabriel Graciani,Ñublense,2,2
2026-06-30,Liga de Primera 2026,44,César Munder,Palestino,2,2
2026-06-30,Liga de Primera 2026,45,Maximiliano Guerrero,Universidad de Chile,2,2
2026-06-30,Liga de Primera 2026,46,Víctor Méndez,Colo-Colo,2,1
2026-06-30,Liga de Primera 2026,47,Alejandro Azócar,Coquimbo Unido,2,1
2026-06-30,Liga de Primera 2026,48,Yerko González,Deportes Limache,2,1
2026-06-30,Liga de Primera 2026,49,Martín Sarrafiore,O'Higgins,2,1
2026-06-30,Liga de Primera 2026,50,Bryan Carrasco,Palestino,2,1
2026-06-30,Liga de Primera 2026,51,Agustín Nadruz,Cobresal,2,0
2026-06-30,Liga de Primera 2026,52,Franco Frías,Cobresal,2,0
2026-06-30,Liga de Primera 2026,53,Álvaro Madrid,Colo-Colo,2,0
2026-06-30,Liga de Primera 2026,54,Jorge Henríquez,Deportes Concepción,2,0
2026-06-30,Liga de Primera 2026,55,Ignacio Mesías,Deportes Concepción,2,0
2026-06-30,Liga de Primera 2026,56,Nicolás Stefanelli,Deportes La Serena,2,0
2026-06-30,Liga de Primera 2026,57,Gonzalo Escalante,Deportes La Serena,2,0
2026-06-30,Liga de Primera 2026,58,Nicolás Montiel,Everton,2,0
2026-06-30,Liga de Primera 2026,59,Diego Sanhueza,Ñublense,2,0
2026-06-30,Liga de Primera 2026,60,Francisco Montes,Palestino,2,0
2026-06-30,Liga de Primera 2026,61,Gonzalo Tapia,Palestino,2,0
2026-06-30,Liga de Primera 2026,62,Matías Campos López,Unión La Calera,2,0
2026-06-30,Liga de Primera 2026,63,Rodrigo Cáseres,Unión La Calera,2,0
2026-06-30,Liga de Primera 2026,64,Javier Altamirano,Universidad de Chile,2,0
2026-06-30,Liga de Primera 2026,65,Nicolás Ramírez,Universidad de Chile,2,0
2026-06-30,Liga de Primera 2026,66,Luis Rojas,Universidad de Concepción,2,0
2026-06-30,Liga de Primera 2026,67,Jeison Fuentealba,Universidad de Concepción,2,0
2026-06-30,Liga de Primera 2026,68,Bryan Carvallo,Cobresal,1,5
2026-06-30,Liga de Primera 2026,69,Cristián Cuevas,Universidad Católica,1,5
2026-06-30,Liga de Primera 2026,70,Esteban Matus,Audax Italiano,1,3
2026-06-30,Liga de Primera 2026,71,Luis Riveros,Coquimbo Unido,1,3
2026-06-30,Liga de Primera 2026,72,Maximiliano Rodríguez,Huachipato,1,3
2026-06-30,Liga de Primera 2026,73,Julián Fernández,Palestino,1,3
2026-06-30,Liga de Primera 2026,74,Guillermo Pacheco,Cobresal,1,2
2026-06-30,Liga de Primera 2026,75,Marcos Arturia,Deportes Limache,1,2
2026-06-30,Liga de Primera 2026,76,Braian Martínez,Everton,1,2
2026-06-30,Liga de Primera 2026,77,Maicol León,Huachipato,1,2
2026-06-30,Liga de Primera 2026,78,Guillermo Guaiquil,Huachipato,1,2
2026-06-30,Liga de Primera 2026,79,Bryan Rabello,O'Higgins,1,2
2026-06-30,Liga de Primera 2026,80,Ian Garguez,Palestino,1,2
2026-06-30,Liga de Primera 2026,81,Jimmy Martínez,Universidad Católica,1,2
2026-06-30,Liga de Primera 2026,82,Diego Corral,Universidad Católica,1,2
2026-06-30,Liga de Primera 2026,83,Fabián Hormazábal,Universidad de Chile,1,2
2026-06-30,Liga de Primera 2026,84,Agustín Urzi,Universidad de Concepción,1,2
2026-06-30,Liga de Primera 2026,85,Federico Mateos,Audax Italiano,1,1
2026-06-30,Liga de Primera 2026,86,Benjamín Valenzuela,Cobresal,1,1
2026-06-30,Liga de Primera 2026,87,Yastin Cuevas,Colo-Colo,1,1
2026-06-30,Liga de Primera 2026,88,Jeyson Rojas,Colo-Colo,1,1
2026-06-30,Liga de Primera 2026,89,Arturo Vidal,Colo-Colo,1,1
2026-06-30,Liga de Primera 2026,90,Martín Mundaca,Coquimbo Unido,1,1
2026-06-30,Liga de Primera 2026,91,Bruno Gutiérrez,Deportes La Serena,1,1
2026-06-30,Liga de Primera 2026,92,Ángelo Henríquez,Deportes La Serena,1,1
2026-06-30,Liga de Primera 2026,93,Joaquín Montecinos,Deportes Limache,1,1
2026-06-30,Liga de Primera 2026,94,Flavio Moya,Deportes Limache,1,1
2026-06-30,Liga de Primera 2026,95,Nicolás Baeza,Everton,1,1
2026-06-30,Liga de Primera 2026,96,Julián Alfaro,Everton,1,1
2026-06-30,Liga de Primera 2026,97,Nicolás Vargas,Huachipato,1,1
2026-06-30,Liga de Primera 2026,98,Claudio Sepúlveda,Huachipato,1,1
2026-06-30,Liga de Primera 2026,99,Ignacio Tapia,Ñublense,1,1
2026-06-30,Liga de Primera 2026,100,Matías Plaza,Ñublense,1,1
2026-06-30,Liga de Primera 2026,101,Felipe Ogaz,O'Higgins,1,1
2026-06-30,Liga de Primera 2026,102,Martín Maturana,O'Higgins,1,1
2026-06-30,Liga de Primera 2026,103,Sebastián Gallegos,Palestino,1,1
2026-06-30,Liga de Primera 2026,104,Dilan Zúñiga,Palestino,1,1
2026-06-30,Liga de Primera 2026,105,Martín Araya,Palestino,1,1
2026-06-30,Liga de Primera 2026,106,Ronnie Fernández,Palestino,1,1
2026-06-30,Liga de Primera 2026,107,Jason León,Palestino,1,1
2026-06-30,Liga de Primera 2026,108,Agustín Arce,Universidad de Chile,1,1
2026-06-30,Liga de Primera 2026,109,Juan Martín Lucero,Universidad de Chile,1,1
2026-06-30,Liga de Primera 2026,110,Ignacio Vásquez,Universidad de Chile,1,1
2026-06-30,Liga de Primera 2026,111,Antonio Díaz,Universidad de Concepción,1,1
2026-06-30,Liga de Primera 2026,112,Michael Vadulli,Audax Italiano,1,0
2026-06-30,Liga de Primera 2026,113,Rodrigo Cabral,Audax Italiano,1,0
2026-06-30,Liga de Primera 2026,114,Enzo Ferrario,Audax Italiano,1,0
2026-06-30,Liga de Primera 2026,115,Marco Collao,Audax Italiano,1,0
2026-06-30,Liga de Primera 2026,116,Vicente Zenteno,Audax Italiano,1,0
2026-06-30,Liga de Primera 2026,117,José Tiznado,Cobresal,1,0
2026-06-30,Liga de Primera 2026,118,Joaquín Sosa,Colo-Colo,1,0
2026-06-30,Liga de Primera 2026,119,Guido Vadalá,Coquimbo Unido,1,0
2026-06-30,Liga de Primera 2026,120,Sebastián Galani,Coquimbo Unido,1,0
2026-06-30,Liga de Primera 2026,121,Lucas Pratto,Coquimbo Unido,1,0
2026-06-30,Liga de Primera 2026,122,Manuel Fernández,Coquimbo Unido,1,0
2026-06-30,Liga de Primera 2026,123,Pablo Rodríguez,Coquimbo Unido,1,0
2026-06-30,Liga de Primera 2026,124,Fausto Grillo,Deportes Concepción,1,0
2026-06-30,Liga de Primera 2026,125,Joaquín Larrivey,Deportes Concepción,1,0
2026-06-30,Liga de Primera 2026,126,Ariel Cáceres,Deportes Concepción,1,0
2026-06-30,Liga de Primera 2026,127,Mario Sandoval,Deportes Concepción,1,0
2026-06-30,Liga de Primera 2026,128,Aldrix Jara,Deportes Concepción,1,0
2026-06-30,Liga de Primera 2026,129,Ethan Espinoza,Deportes Concepción,1,0
2026-06-30,Liga de Primera 2026,130,Sebastián Díaz,Deportes La Serena,1,0
2026-06-30,Liga de Primera 2026,131,Lucas Alarcón,Deportes La Serena,1,0
2026-06-30,Liga de Primera 2026,132,Matías Marín,Deportes La Serena,1,0
2026-06-30,Liga de Primera 2026,133,César Pinares,Deportes Limache,1,0
2026-06-30,Liga de Primera 2026,134,Misael Llantén,Deportes Limache,1,0
2026-06-30,Liga de Primera 2026,135,César Fuentes,Deportes Limache,1,0
2026-06-30,Liga de Primera 2026,136,Ramón Martínez,Deportes Limache,1,0
2026-06-30,Liga de Primera 2026,137,Santiago Londoño,Everton,1,0
2026-06-30,Liga de Primera 2026,138,Renzo Malanca,Huachipato,1,0
2026-06-30,Liga de Primera 2026,139,Santiago Silva,Huachipato,1,0
2026-06-30,Liga de Primera 2026,140,Kevin Altez,Huachipato,1,0
2026-06-30,Liga de Primera 2026,141,Diego Céspedes,Ñublense,1,0
2026-06-30,Liga de Primera 2026,142,Giovanny Ávalos,Ñublense,1,0
2026-06-30,Liga de Primera 2026,143,Lorenzo Reyes,Ñublense,1,0
2026-06-30,Liga de Primera 2026,144,Lucas Molina,Ñublense,1,0
2026-06-30,Liga de Primera 2026,145,Miguel Brizuela,O'Higgins,1,0
2026-06-30,Liga de Primera 2026,146,Bastián Yáñez,O'Higgins,1,0
2026-06-30,Liga de Primera 2026,147,Vicente Espinoza,Palestino,1,0
2026-06-30,Liga de Primera 2026,148,Bayron Oyarzo,Unión La Calera,1,0
2026-06-30,Liga de Primera 2026,149,Francisco Pozzo,Unión La Calera,1,0
2026-06-30,Liga de Primera 2026,150,Juan Ignacio Díaz,Universidad Católica,1,0
2026-06-30,Liga de Primera 2026,151,Branco Ampuero,Universidad Católica,1,0
2026-06-30,Liga de Primera 2026,152,Juan Rossel,Universidad Católica,1,0
2026-06-30,Liga de Primera 2026,153,Matías Zaldivia,Universidad de Chile,1,0
2026-06-30,Liga de Primera 2026,154,Bianneider Tamayo,Universidad de Chile,1,0
2026-06-30,Liga de Primera 2026,155,Daniel Barrea,Universidad de Concepción,1,0
2026-06-30,Liga de Primera 2026,156,Cristhofer Mesías,Universidad de Concepción,1,0
2026-06-30,Liga de Primera 2026,157,Osvaldo González,Universidad de Concepción,1,0
2026-07-01,Liga de Primera 2026,1,Fernando Zampedri,Universidad Católica,15,2
2026-07-01,Liga de Primera 2026,2,Daniel Castro,Deportes Limache,8,5
2026-07-01,Liga de Primera 2026,3,Justo Giani,Universidad Católica,8,3
2026-07-01,Liga de Primera 2026,4,Javier Correa,Colo-Colo,8,2
2026-07-01,Liga de Primera 2026,5,Sebastián Sáez,Unión La Calera,8,1
2026-07-01,Liga de Primera 2026,6,Nelson Da Silva,Palestino,7,2
2026-07-01,Liga de Primera 2026,7,Lionel Altamirano,Huachipato,6,1
2026-07-01,Liga de Primera 2026,8,Steffan Pino,Cobresal,6,0
2026-07-01,Liga de Primera 2026,9,Jean Meneses,Deportes Limache,5,8
2026-07-01,Liga de Primera 2026,10,Jeisson Vargas,Deportes La Serena,5,5
2026-07-01,Liga de Primera 2026,11,Francisco González,O'Higgins,5,4
2026-07-01,Liga de Primera 2026,12,Maximiliano Romero,Colo-Colo,5,1
2026-07-01,Liga de Primera 2026,13,Eduardo Vargas,Universidad de Chile,5,1
2026-07-01,Liga de Primera 2026,14,Nicolás Johansen,Coquimbo Unido,5,0
2026-07-01,Liga de Primera 2026,15,Kevin Méndez,Unión La Calera,4,6
2026-07-01,Liga de Primera 2026,16,Leonardo Valencia,Deportes Concepción,4,2
2026-07-01,Liga de Primera 2026,17,Thiago Vecino,O'Higgins,4,1
2026-07-01,Liga de Primera 2026,18,Felipe Chamorro,Deportes La Serena,4,0
2026-07-01,Liga de Primera 2026,19,Gonzalo Sosa,Deportes Limache,4,0
2026-07-01,Liga de Primera 2026,20,Ignacio Jeraldino,Ñublense,4,0
2026-07-01,Liga de Primera 2026,21,Clemente Montes,Universidad Católica,3,4
2026-07-01,Liga de Primera 2026,22,Diego Rubio,Deportes La Serena,3,3
2026-07-01,Liga de Primera 2026,23,Giovani Chiaverano,Audax Italiano,3,2
2026-07-01,Liga de Primera 2026,24,Lautaro Pastrán,Colo-Colo,3,2
2026-07-01,Liga de Primera 2026,25,Julián Brea,Cobresal,3,1
2026-07-01,Liga de Primera 2026,26,Alan Medina,Everton,3,1
2026-07-01,Liga de Primera 2026,27,Lucas Soto,Everton,3,1
2026-07-01,Liga de Primera 2026,28,Cris Martínez,Huachipato,3,1
2026-07-01,Liga de Primera 2026,29,Cecilio Waterman,Universidad de Concepción,3,1
2026-07-01,Liga de Primera 2026,30,Franco Troyansky,Audax Italiano,3,0
2026-07-01,Liga de Primera 2026,31,Diego Coelho,Audax Italiano,3,0
2026-07-01,Liga de Primera 2026,32,Alejandro Camargo,Coquimbo Unido,3,0
2026-07-01,Liga de Primera 2026,33,Vicente Álvarez,Deportes Limache,3,0
2026-07-01,Liga de Primera 2026,34,Cristian Palacios,Everton,3,0
2026-07-01,Liga de Primera 2026,35,Maximiliano Gutiérrez,Huachipato,3,0
2026-07-01,Liga de Primera 2026,36,Franco Rami,Ñublense,3,0
2026-07-01,Liga de Primera 2026,37,Arnaldo Castillo,O'Higgins,3,0
2026-07-01,Liga de Primera 2026,38,Matías Palavecino,Universidad Católica,2,5
2026-07-01,Liga de Primera 2026,39,Claudio Aquino,Colo-Colo,2,3
2026-07-01,Liga de Primera 2026,40,Leandro Hernández,Colo-Colo,2,2
2026-07-01,Liga de Primera 2026,41,Cristián Zavala,Coquimbo Unido,2,2
2026-07-01,Liga de Primera 2026,42,Mario Briceño,Huachipato,2,2
2026-07-01,Liga de Primera 2026,43,Gabriel Graciani,Ñublense,2,2
2026-07-01,Liga de Primera 2026,44,César Munder,Palestino,2,2
2026-07-01,Liga de Primera 2026,45,Maximiliano Guerrero,Universidad de Chile,2,2
2026-07-01,Liga de Primera 2026,46,Víctor Méndez,Colo-Colo,2,1
2026-07-01,Liga de Primera 2026,47,Alejandro Azócar,Coquimbo Unido,2,1
2026-07-01,Liga de Primera 2026,48,Yerko González,Deportes Limache,2,1
2026-07-01,Liga de Primera 2026,49,Martín Sarrafiore,O'Higgins,2,1
2026-07-01,Liga de Primera 2026,50,Bryan Carrasco,Palestino,2,1
2026-07-01,Liga de Primera 2026,51,Agustín Nadruz,Cobresal,2,0
2026-07-01,Liga de Primera 2026,52,Franco Frías,Cobresal,2,0
2026-07-01,Liga de Primera 2026,53,Álvaro Madrid,Colo-Colo,2,0
2026-07-01,Liga de Primera 2026,54,Jorge Henríquez,Deportes Concepción,2,0
2026-07-01,Liga de Primera 2026,55,Ignacio Mesías,Deportes Concepción,2,0
2026-07-01,Liga de Primera 2026,56,Nicolás Stefanelli,Deportes La Serena,2,0
2026-07-01,Liga de Primera 2026,57,Gonzalo Escalante,Deportes La Serena,2,0
2026-07-01,Liga de Primera 2026,58,Nicolás Montiel,Everton,2,0
2026-07-01,Liga de Primera 2026,59,Diego Sanhueza,Ñublense,2,0
2026-07-01,Liga de Primera 2026,60,Francisco Montes,Palestino,2,0
2026-07-01,Liga de Primera 2026,61,Gonzalo Tapia,Palestino,2,0
2026-07-01,Liga de Primera 2026,62,Matías Campos López,Unión La Calera,2,0
2026-07-01,Liga de Primera 2026,63,Rodrigo Cáseres,Unión La Calera,2,0
2026-07-01,Liga de Primera 2026,64,Javier Altamirano,Universidad de Chile,2,0
2026-07-01,Liga de Primera 2026,65,Nicolás Ramírez,Universidad de Chile,2,0
2026-07-01,Liga de Primera 2026,66,Luis Rojas,Universidad de Concepción,2,0
2026-07-01,Liga de Primera 2026,67,Jeison Fuentealba,Universidad de Concepción,2,0
2026-07-01,Liga de Primera 2026,68,Bryan Carvallo,Cobresal,1,5
2026-07-01,Liga de Primera 2026,69,Cristián Cuevas,Universidad Católica,1,5
2026-07-01,Liga de Primera 2026,70,Esteban Matus,Audax Italiano,1,3
2026-07-01,Liga de Primera 2026,71,Luis Riveros,Coquimbo Unido,1,3
2026-07-01,Liga de Primera 2026,72,Maximiliano Rodríguez,Huachipato,1,3
2026-07-01,Liga de Primera 2026,73,Julián Fernández,Palestino,1,3
2026-07-01,Liga de Primera 2026,74,Guillermo Pacheco,Cobresal,1,2
2026-07-01,Liga de Primera 2026,75,Marcos Arturia,Deportes Limache,1,2
2026-07-01,Liga de Primera 2026,76,Braian Martínez,Everton,1,2
2026-07-01,Liga de Primera 2026,77,Maicol León,Huachipato,1,2
2026-07-01,Liga de Primera 2026,78,Guillermo Guaiquil,Huachipato,1,2
2026-07-01,Liga de Primera 2026,79,Bryan Rabello,O'Higgins,1,2
2026-07-01,Liga de Primera 2026,80,Ian Garguez,Palestino,1,2
2026-07-01,Liga de Primera 2026,81,Jimmy Martínez,Universidad Católica,1,2
2026-07-01,Liga de Primera 2026,82,Diego Corral,Universidad Católica,1,2
2026-07-01,Liga de Primera 2026,83,Fabián Hormazábal,Universidad de Chile,1,2
2026-07-01,Liga de Primera 2026,84,Agustín Urzi,Universidad de Concepción,1,2
2026-07-01,Liga de Primera 2026,85,Federico Mateos,Audax Italiano,1,1
2026-07-01,Liga de Primera 2026,86,Benjamín Valenzuela,Cobresal,1,1
2026-07-01,Liga de Primera 2026,87,Yastin Cuevas,Colo-Colo,1,1
2026-07-01,Liga de Primera 2026,88,Jeyson Rojas,Colo-Colo,1,1
2026-07-01,Liga de Primera 2026,89,Arturo Vidal,Colo-Colo,1,1
2026-07-01,Liga de Primera 2026,90,Martín Mundaca,Coquimbo Unido,1,1
2026-07-01,Liga de Primera 2026,91,Bruno Gutiérrez,Deportes La Serena,1,1
2026-07-01,Liga de Primera 2026,92,Ángelo Henríquez,Deportes La Serena,1,1
2026-07-01,Liga de Primera 2026,93,Joaquín Montecinos,Deportes Limache,1,1
2026-07-01,Liga de Primera 2026,94,Flavio Moya,Deportes Limache,1,1
2026-07-01,Liga de Primera 2026,95,Nicolás Baeza,Everton,1,1
2026-07-01,Liga de Primera 2026,96,Julián Alfaro,Everton,1,1
2026-07-01,Liga de Primera 2026,97,Nicolás Vargas,Huachipato,1,1
2026-07-01,Liga de Primera 2026,98,Claudio Sepúlveda,Huachipato,1,1
2026-07-01,Liga de Primera 2026,99,Ignacio Tapia,Ñublense,1,1
2026-07-01,Liga de Primera 2026,100,Matías Plaza,Ñublense,1,1
2026-07-01,Liga de Primera 2026,101,Felipe Ogaz,O'Higgins,1,1
2026-07-01,Liga de Primera 2026,102,Martín Maturana,O'Higgins,1,1
2026-07-01,Liga de Primera 2026,103,Sebastián Gallegos,Palestino,1,1
2026-07-01,Liga de Primera 2026,104,Dilan Zúñiga,Palestino,1,1
2026-07-01,Liga de Primera 2026,105,Martín Araya,Palestino,1,1
2026-07-01,Liga de Primera 2026,106,Ronnie Fernández,Palestino,1,1
2026-07-01,Liga de Primera 2026,107,Jason León,Palestino,1,1
2026-07-01,Liga de Primera 2026,108,Agustín Arce,Universidad de Chile,1,1
2026-07-01,Liga de Primera 2026,109,Juan Martín Lucero,Universidad de Chile,1,1
2026-07-01,Liga de Primera 2026,110,Ignacio Vásquez,Universidad de Chile,1,1
2026-07-01,Liga de Primera 2026,111,Antonio Díaz,Universidad de Concepción,1,1
2026-07-01,Liga de Primera 2026,112,Michael Vadulli,Audax Italiano,1,0
2026-07-01,Liga de Primera 2026,113,Rodrigo Cabral,Audax Italiano,1,0
2026-07-01,Liga de Primera 2026,114,Enzo Ferrario,Audax Italiano,1,0
2026-07-01,Liga de Primera 2026,115,Marco Collao,Audax Italiano,1,0
2026-07-01,Liga de Primera 2026,116,Vicente Zenteno,Audax Italiano,1,0
2026-07-01,Liga de Primera 2026,117,José Tiznado,Cobresal,1,0
2026-07-01,Liga de Primera 2026,118,Joaquín Sosa,Colo-Colo,1,0
2026-07-01,Liga de Primera 2026,119,Guido Vadalá,Coquimbo Unido,1,0
2026-07-01,Liga de Primera 2026,120,Sebastián Galani,Coquimbo Unido,1,0
2026-07-01,Liga de Primera 2026,121,Lucas Pratto,Coquimbo Unido,1,0
2026-07-01,Liga de Primera 2026,122,Manuel Fernández,Coquimbo Unido,1,0
2026-07-01,Liga de Primera 2026,123,Pablo Rodríguez,Coquimbo Unido,1,0
2026-07-01,Liga de Primera 2026,124,Fausto Grillo,Deportes Concepción,1,0
2026-07-01,Liga de Primera 2026,125,Joaquín Larrivey,Deportes Concepción,1,0
2026-07-01,Liga de Primera 2026,126,Ariel Cáceres,Deportes Concepción,1,0
2026-07-01,Liga de Primera 2026,127,Mario Sandoval,Deportes Concepción,1,0
2026-07-01,Liga de Primera 2026,128,Aldrix Jara,Deportes Concepción,1,0
2026-07-01,Liga de Primera 2026,129,Ethan Espinoza,Deportes Concepción,1,0
2026-07-01,Liga de Primera 2026,130,Sebastián Díaz,Deportes La Serena,1,0
2026-07-01,Liga de Primera 2026,131,Lucas Alarcón,Deportes La Serena,1,0
2026-07-01,Liga de Primera 2026,132,Matías Marín,Deportes La Serena,1,0
2026-07-01,Liga de Primera 2026,133,César Pinares,Deportes Limache,1,0
2026-07-01,Liga de Primera 2026,134,Misael Llantén,Deportes Limache,1,0
2026-07-01,Liga de Primera 2026,135,César Fuentes,Deportes Limache,1,0
2026-07-01,Liga de Primera 2026,136,Ramón Martínez,Deportes Limache,1,0
2026-07-01,Liga de Primera 2026,137,Santiago Londoño,Everton,1,0
2026-07-01,Liga de Primera 2026,138,Renzo Malanca,Huachipato,1,0
2026-07-01,Liga de Primera 2026,139,Santiago Silva,Huachipato,1,0
2026-07-01,Liga de Primera 2026,140,Kevin Altez,Huachipato,1,0
2026-07-01,Liga de Primera 2026,141,Diego Céspedes,Ñublense,1,0
2026-07-01,Liga de Primera 2026,142,Giovanny Ávalos,Ñublense,1,0
2026-07-01,Liga de Primera 2026,143,Lorenzo Reyes,Ñublense,1,0
2026-07-01,Liga de Primera 2026,144,Lucas Molina,Ñublense,1,0
2026-07-01,Liga de Primera 2026,145,Miguel Brizuela,O'Higgins,1,0
2026-07-01,Liga de Primera 2026,146,Bastián Yáñez,O'Higgins,1,0
2026-07-01,Liga de Primera 2026,147,Vicente Espinoza,Palestino,1,0
2026-07-01,Liga de Primera 2026,148,Bayron Oyarzo,Unión La Calera,1,0
2026-07-01,Liga de Primera 2026,149,Francisco Pozzo,Unión La Calera,1,0
2026-07-01,Liga de Primera 2026,150,Juan Ignacio Díaz,Universidad Católica,1,0
2026-07-01,Liga de Primera 2026,151,Branco Ampuero,Universidad Católica,1,0
2026-07-01,Liga de Primera 2026,152,Juan Rossel,Universidad Católica,1,0
2026-07-01,Liga de Primera 2026,153,Matías Zaldivia,Universidad de Chile,1,0
2026-07-01,Liga de Primera 2026,154,Bianneider Tamayo,Universidad de Chile,1,0
2026-07-01,Liga de Primera 2026,155,Daniel Barrea,Universidad de Concepción,1,0
2026-07-01,Liga de Primera 2026,156,Cristhofer Mesías,Universidad de Concepción,1,0
2026-07-01,Liga de Primera 2026,157,Osvaldo González,Universidad de Concepción,1,0
2026-07-02,Liga de Primera 2026,1,Fernando Zampedri,Universidad Católica,15,2
2026-07-02,Liga de Primera 2026,2,Daniel Castro,Deportes Limache,8,5
2026-07-02,Liga de Primera 2026,3,Justo Giani,Universidad Católica,8,3
2026-07-02,Liga de Primera 2026,4,Javier Correa,Colo-Colo,8,2
2026-07-02,Liga de Primera 2026,5,Sebastián Sáez,Unión La Calera,8,1
2026-07-02,Liga de Primera 2026,6,Nelson Da Silva,Palestino,7,2
2026-07-02,Liga de Primera 2026,7,Lionel Altamirano,Huachipato,6,1
2026-07-02,Liga de Primera 2026,8,Steffan Pino,Cobresal,6,0
2026-07-02,Liga de Primera 2026,9,Jean Meneses,Deportes Limache,5,8
2026-07-02,Liga de Primera 2026,10,Jeisson Vargas,Deportes La Serena,5,5
2026-07-02,Liga de Primera 2026,11,Francisco González,O'Higgins,5,4
2026-07-02,Liga de Primera 2026,12,Maximiliano Romero,Colo-Colo,5,1
2026-07-02,Liga de Primera 2026,13,Eduardo Vargas,Universidad de Chile,5,1
2026-07-02,Liga de Primera 2026,14,Nicolás Johansen,Coquimbo Unido,5,0
2026-07-02,Liga de Primera 2026,15,Kevin Méndez,Unión La Calera,4,6
2026-07-02,Liga de Primera 2026,16,Leonardo Valencia,Deportes Concepción,4,2
2026-07-02,Liga de Primera 2026,17,Thiago Vecino,O'Higgins,4,1
2026-07-02,Liga de Primera 2026,18,Felipe Chamorro,Deportes La Serena,4,0
2026-07-02,Liga de Primera 2026,19,Gonzalo Sosa,Deportes Limache,4,0
2026-07-02,Liga de Primera 2026,20,Ignacio Jeraldino,Ñublense,4,0
2026-07-02,Liga de Primera 2026,21,Clemente Montes,Universidad Católica,3,4
2026-07-02,Liga de Primera 2026,22,Diego Rubio,Deportes La Serena,3,3
2026-07-02,Liga de Primera 2026,23,Giovani Chiaverano,Audax Italiano,3,2
2026-07-02,Liga de Primera 2026,24,Lautaro Pastrán,Colo-Colo,3,2
2026-07-02,Liga de Primera 2026,25,Julián Brea,Cobresal,3,1
2026-07-02,Liga de Primera 2026,26,Alan Medina,Everton,3,1
2026-07-02,Liga de Primera 2026,27,Lucas Soto,Everton,3,1
2026-07-02,Liga de Primera 2026,28,Cris Martínez,Huachipato,3,1
2026-07-02,Liga de Primera 2026,29,Cecilio Waterman,Universidad de Concepción,3,1
2026-07-02,Liga de Primera 2026,30,Franco Troyansky,Audax Italiano,3,0
2026-07-02,Liga de Primera 2026,31,Diego Coelho,Audax Italiano,3,0
2026-07-02,Liga de Primera 2026,32,Alejandro Camargo,Coquimbo Unido,3,0
2026-07-02,Liga de Primera 2026,33,Vicente Álvarez,Deportes Limache,3,0
2026-07-02,Liga de Primera 2026,34,Cristian Palacios,Everton,3,0
2026-07-02,Liga de Primera 2026,35,Maximiliano Gutiérrez,Huachipato,3,0
2026-07-02,Liga de Primera 2026,36,Franco Rami,Ñublense,3,0
2026-07-02,Liga de Primera 2026,37,Arnaldo Castillo,O'Higgins,3,0
2026-07-02,Liga de Primera 2026,38,Matías Palavecino,Universidad Católica,2,5
2026-07-02,Liga de Primera 2026,39,Claudio Aquino,Colo-Colo,2,3
2026-07-02,Liga de Primera 2026,40,Leandro Hernández,Colo-Colo,2,2
2026-07-02,Liga de Primera 2026,41,Cristián Zavala,Coquimbo Unido,2,2
2026-07-02,Liga de Primera 2026,42,Mario Briceño,Huachipato,2,2
2026-07-02,Liga de Primera 2026,43,Gabriel Graciani,Ñublense,2,2
2026-07-02,Liga de Primera 2026,44,César Munder,Palestino,2,2
2026-07-02,Liga de Primera 2026,45,Maximiliano Guerrero,Universidad de Chile,2,2
2026-07-02,Liga de Primera 2026,46,Víctor Méndez,Colo-Colo,2,1
2026-07-02,Liga de Primera 2026,47,Alejandro Azócar,Coquimbo Unido,2,1
2026-07-02,Liga de Primera 2026,48,Yerko González,Deportes Limache,2,1
2026-07-02,Liga de Primera 2026,49,Martín Sarrafiore,O'Higgins,2,1
2026-07-02,Liga de Primera 2026,50,Bryan Carrasco,Palestino,2,1
2026-07-02,Liga de Primera 2026,51,Agustín Nadruz,Cobresal,2,0
2026-07-02,Liga de Primera 2026,52,Franco Frías,Cobresal,2,0
2026-07-02,Liga de Primera 2026,53,Álvaro Madrid,Colo-Colo,2,0
2026-07-02,Liga de Primera 2026,54,Jorge Henríquez,Deportes Concepción,2,0
2026-07-02,Liga de Primera 2026,55,Ignacio Mesías,Deportes Concepción,2,0
2026-07-02,Liga de Primera 2026,56,Nicolás Stefanelli,Deportes La Serena,2,0
2026-07-02,Liga de Primera 2026,57,Gonzalo Escalante,Deportes La Serena,2,0
2026-07-02,Liga de Primera 2026,58,Nicolás Montiel,Everton,2,0
2026-07-02,Liga de Primera 2026,59,Diego Sanhueza,Ñublense,2,0
2026-07-02,Liga de Primera 2026,60,Francisco Montes,Palestino,2,0
2026-07-02,Liga de Primera 2026,61,Gonzalo Tapia,Palestino,2,0
2026-07-02,Liga de Primera 2026,62,Matías Campos López,Unión La Calera,2,0
2026-07-02,Liga de Primera 2026,63,Rodrigo Cáseres,Unión La Calera,2,0
2026-07-02,Liga de Primera 2026,64,Javier Altamirano,Universidad de Chile,2,0
2026-07-02,Liga de Primera 2026,65,Nicolás Ramírez,Universidad de Chile,2,0
2026-07-02,Liga de Primera 2026,66,Luis Rojas,Universidad de Concepción,2,0
2026-07-02,Liga de Primera 2026,67,Jeison Fuentealba,Universidad de Concepción,2,0
2026-07-02,Liga de Primera 2026,68,Bryan Carvallo,Cobresal,1,5
2026-07-02,Liga de Primera 2026,69,Cristián Cuevas,Universidad Católica,1,5
2026-07-02,Liga de Primera 2026,70,Esteban Matus,Audax Italiano,1,3
2026-07-02,Liga de Primera 2026,71,Luis Riveros,Coquimbo Unido,1,3
2026-07-02,Liga de Primera 2026,72,Maximiliano Rodríguez,Huachipato,1,3
2026-07-02,Liga de Primera 2026,73,Julián Fernández,Palestino,1,3
2026-07-02,Liga de Primera 2026,74,Guillermo Pacheco,Cobresal,1,2
2026-07-02,Liga de Primera 2026,75,Marcos Arturia,Deportes Limache,1,2
2026-07-02,Liga de Primera 2026,76,Braian Martínez,Everton,1,2
2026-07-02,Liga de Primera 2026,77,Maicol León,Huachipato,1,2
2026-07-02,Liga de Primera 2026,78,Guillermo Guaiquil,Huachipato,1,2
2026-07-02,Liga de Primera 2026,79,Bryan Rabello,O'Higgins,1,2
2026-07-02,Liga de Primera 2026,80,Ian Garguez,Palestino,1,2
2026-07-02,Liga de Primera 2026,81,Jimmy Martínez,Universidad Católica,1,2
2026-07-02,Liga de Primera 2026,82,Diego Corral,Universidad Católica,1,2
2026-07-02,Liga de Primera 2026,83,Fabián Hormazábal,Universidad de Chile,1,2
2026-07-02,Liga de Primera 2026,84,Agustín Urzi,Universidad de Concepción,1,2
2026-07-02,Liga de Primera 2026,85,Federico Mateos,Audax Italiano,1,1
2026-07-02,Liga de Primera 2026,86,Benjamín Valenzuela,Cobresal,1,1
2026-07-02,Liga de Primera 2026,87,Yastin Cuevas,Colo-Colo,1,1
2026-07-02,Liga de Primera 2026,88,Jeyson Rojas,Colo-Colo,1,1
2026-07-02,Liga de Primera 2026,89,Arturo Vidal,Colo-Colo,1,1
2026-07-02,Liga de Primera 2026,90,Martín Mundaca,Coquimbo Unido,1,1
2026-07-02,Liga de Primera 2026,91,Bruno Gutiérrez,Deportes La Serena,1,1
2026-07-02,Liga de Primera 2026,92,Ángelo Henríquez,Deportes La Serena,1,1
2026-07-02,Liga de Primera 2026,93,Joaquín Montecinos,Deportes Limache,1,1
2026-07-02,Liga de Primera 2026,94,Flavio Moya,Deportes Limache,1,1
2026-07-02,Liga de Primera 2026,95,Nicolás Baeza,Everton,1,1
2026-07-02,Liga de Primera 2026,96,Julián Alfaro,Everton,1,1
2026-07-02,Liga de Primera 2026,97,Nicolás Vargas,Huachipato,1,1
2026-07-02,Liga de Primera 2026,98,Claudio Sepúlveda,Huachipato,1,1
2026-07-02,Liga de Primera 2026,99,Ignacio Tapia,Ñublense,1,1
2026-07-02,Liga de Primera 2026,100,Matías Plaza,Ñublense,1,1
2026-07-02,Liga de Primera 2026,101,Felipe Ogaz,O'Higgins,1,1
2026-07-02,Liga de Primera 2026,102,Martín Maturana,O'Higgins,1,1
2026-07-02,Liga de Primera 2026,103,Sebastián Gallegos,Palestino,1,1
2026-07-02,Liga de Primera 2026,104,Dilan Zúñiga,Palestino,1,1
2026-07-02,Liga de Primera 2026,105,Martín Araya,Palestino,1,1
2026-07-02,Liga de Primera 2026,106,Ronnie Fernández,Palestino,1,1
2026-07-02,Liga de Primera 2026,107,Jason León,Palestino,1,1
2026-07-02,Liga de Primera 2026,108,Agustín Arce,Universidad de Chile,1,1
2026-07-02,Liga de Primera 2026,109,Juan Martín Lucero,Universidad de Chile,1,1
2026-07-02,Liga de Primera 2026,110,Ignacio Vásquez,Universidad de Chile,1,1
2026-07-02,Liga de Primera 2026,111,Antonio Díaz,Universidad de Concepción,1,1
2026-07-02,Liga de Primera 2026,112,Michael Vadulli,Audax Italiano,1,0
2026-07-02,Liga de Primera 2026,113,Rodrigo Cabral,Audax Italiano,1,0
2026-07-02,Liga de Primera 2026,114,Enzo Ferrario,Audax Italiano,1,0
2026-07-02,Liga de Primera 2026,115,Marco Collao,Audax Italiano,1,0
2026-07-02,Liga de Primera 2026,116,Vicente Zenteno,Audax Italiano,1,0
2026-07-02,Liga de Primera 2026,117,José Tiznado,Cobresal,1,0
2026-07-02,Liga de Primera 2026,118,Joaquín Sosa,Colo-Colo,1,0
2026-07-02,Liga de Primera 2026,119,Guido Vadalá,Coquimbo Unido,1,0
2026-07-02,Liga de Primera 2026,120,Sebastián Galani,Coquimbo Unido,1,0
2026-07-02,Liga de Primera 2026,121,Lucas Pratto,Coquimbo Unido,1,0
2026-07-02,Liga de Primera 2026,122,Manuel Fernández,Coquimbo Unido,1,0
2026-07-02,Liga de Primera 2026,123,Pablo Rodríguez,Coquimbo Unido,1,0
2026-07-02,Liga de Primera 2026,124,Fausto Grillo,Deportes Concepción,1,0
2026-07-02,Liga de Primera 2026,125,Joaquín Larrivey,Deportes Concepción,1,0
2026-07-02,Liga de Primera 2026,126,Ariel Cáceres,Deportes Concepción,1,0
2026-07-02,Liga de Primera 2026,127,Mario Sandoval,Deportes Concepción,1,0
2026-07-02,Liga de Primera 2026,128,Aldrix Jara,Deportes Concepción,1,0
2026-07-02,Liga de Primera 2026,129,Ethan Espinoza,Deportes Concepción,1,0
2026-07-02,Liga de Primera 2026,130,Sebastián Díaz,Deportes La Serena,1,0
2026-07-02,Liga de Primera 2026,131,Lucas Alarcón,Deportes La Serena,1,0
2026-07-02,Liga de Primera 2026,132,Matías Marín,Deportes La Serena,1,0
2026-07-02,Liga de Primera 2026,133,César Pinares,Deportes Limache,1,0
2026-07-02,Liga de Primera 2026,134,Misael Llantén,Deportes Limache,1,0
2026-07-02,Liga de Primera 2026,135,César Fuentes,Deportes Limache,1,0
2026-07-02,Liga de Primera 2026,136,Ramón Martínez,Deportes Limache,1,0
2026-07-02,Liga de Primera 2026,137,Santiago Londoño,Everton,1,0
2026-07-02,Liga de Primera 2026,138,Renzo Malanca,Huachipato,1,0
2026-07-02,Liga de Primera 2026,139,Santiago Silva,Huachipato,1,0
2026-07-02,Liga de Primera 2026,140,Kevin Altez,Huachipato,1,0
2026-07-02,Liga de Primera 2026,141,Diego Céspedes,Ñublense,1,0
2026-07-02,Liga de Primera 2026,142,Giovanny Ávalos,Ñublense,1,0
2026-07-02,Liga de Primera 2026,143,Lorenzo Reyes,Ñublense,1,0
2026-07-02,Liga de Primera 2026,144,Lucas Molina,Ñublense,1,0
2026-07-02,Liga de Primera 2026,145,Miguel Brizuela,O'Higgins,1,0
2026-07-02,Liga de Primera 2026,146,Bastián Yáñez,O'Higgins,1,0
2026-07-02,Liga de Primera 2026,147,Vicente Espinoza,Palestino,1,0
2026-07-02,Liga de Primera 2026,148,Bayron Oyarzo,Unión La Calera,1,0
2026-07-02,Liga de Primera 2026,149,Francisco Pozzo,Unión La Calera,1,0
2026-07-02,Liga de Primera 2026,150,Juan Ignacio Díaz,Universidad Católica,1,0
2026-07-02,Liga de Primera 2026,151,Branco Ampuero,Universidad Católica,1,0
2026-07-02,Liga de Primera 2026,152,Juan Rossel,Universidad Católica,1,0
2026-07-02,Liga de Primera 2026,153,Matías Zaldivia,Universidad de Chile,1,0
2026-07-02,Liga de Primera 2026,154,Bianneider Tamayo,Universidad de Chile,1,0
2026-07-02,Liga de Primera 2026,155,Daniel Barrea,Universidad de Concepción,1,0
2026-07-02,Liga de Primera 2026,156,Cristhofer Mesías,Universidad de Concepción,1,0
2026-07-02,Liga de Primera 2026,157,Osvaldo González,Universidad de Concepción,1,0
2026-07-03,Liga de Primera 2026,1,Fernando Zampedri,Universidad Católica,15,2
2026-07-03,Liga de Primera 2026,2,Daniel Castro,Deportes Limache,8,5
2026-07-03,Liga de Primera 2026,3,Justo Giani,Universidad Católica,8,3
2026-07-03,Liga de Primera 2026,4,Javier Correa,Colo-Colo,8,2
2026-07-03,Liga de Primera 2026,5,Sebastián Sáez,Unión La Calera,8,1
2026-07-03,Liga de Primera 2026,6,Nelson Da Silva,Palestino,7,2
2026-07-03,Liga de Primera 2026,7,Lionel Altamirano,Huachipato,6,1
2026-07-03,Liga de Primera 2026,8,Steffan Pino,Cobresal,6,0
2026-07-03,Liga de Primera 2026,9,Jean Meneses,Deportes Limache,5,8
2026-07-03,Liga de Primera 2026,10,Jeisson Vargas,Deportes La Serena,5,5
2026-07-03,Liga de Primera 2026,11,Francisco González,O'Higgins,5,4
2026-07-03,Liga de Primera 2026,12,Maximiliano Romero,Colo-Colo,5,1
2026-07-03,Liga de Primera 2026,13,Eduardo Vargas,Universidad de Chile,5,1
2026-07-03,Liga de Primera 2026,14,Nicolás Johansen,Coquimbo Unido,5,0
2026-07-03,Liga de Primera 2026,15,Kevin Méndez,Unión La Calera,4,6
2026-07-03,Liga de Primera 2026,16,Leonardo Valencia,Deportes Concepción,4,2
2026-07-03,Liga de Primera 2026,17,Thiago Vecino,O'Higgins,4,1
2026-07-03,Liga de Primera 2026,18,Felipe Chamorro,Deportes La Serena,4,0
2026-07-03,Liga de Primera 2026,19,Gonzalo Sosa,Deportes Limache,4,0
2026-07-03,Liga de Primera 2026,20,Ignacio Jeraldino,Ñublense,4,0
2026-07-03,Liga de Primera 2026,21,Clemente Montes,Universidad Católica,3,4
2026-07-03,Liga de Primera 2026,22,Diego Rubio,Deportes La Serena,3,3
2026-07-03,Liga de Primera 2026,23,Giovani Chiaverano,Audax Italiano,3,2
2026-07-03,Liga de Primera 2026,24,Lautaro Pastrán,Colo-Colo,3,2
2026-07-03,Liga de Primera 2026,25,Julián Brea,Cobresal,3,1
2026-07-03,Liga de Primera 2026,26,Alan Medina,Everton,3,1
2026-07-03,Liga de Primera 2026,27,Lucas Soto,Everton,3,1
2026-07-03,Liga de Primera 2026,28,Cris Martínez,Huachipato,3,1
2026-07-03,Liga de Primera 2026,29,Cecilio Waterman,Universidad de Concepción,3,1
2026-07-03,Liga de Primera 2026,30,Franco Troyansky,Audax Italiano,3,0
2026-07-03,Liga de Primera 2026,31,Diego Coelho,Audax Italiano,3,0
2026-07-03,Liga de Primera 2026,32,Alejandro Camargo,Coquimbo Unido,3,0
2026-07-03,Liga de Primera 2026,33,Vicente Álvarez,Deportes Limache,3,0
2026-07-03,Liga de Primera 2026,34,Cristian Palacios,Everton,3,0
2026-07-03,Liga de Primera 2026,35,Maximiliano Gutiérrez,Huachipato,3,0
2026-07-03,Liga de Primera 2026,36,Franco Rami,Ñublense,3,0
2026-07-03,Liga de Primera 2026,37,Arnaldo Castillo,O'Higgins,3,0
2026-07-03,Liga de Primera 2026,38,Matías Palavecino,Universidad Católica,2,5
2026-07-03,Liga de Primera 2026,39,Claudio Aquino,Colo-Colo,2,3
2026-07-03,Liga de Primera 2026,40,Leandro Hernández,Colo-Colo,2,2
2026-07-03,Liga de Primera 2026,41,Cristián Zavala,Coquimbo Unido,2,2
2026-07-03,Liga de Primera 2026,42,Mario Briceño,Huachipato,2,2
2026-07-03,Liga de Primera 2026,43,Gabriel Graciani,Ñublense,2,2
2026-07-03,Liga de Primera 2026,44,César Munder,Palestino,2,2
2026-07-03,Liga de Primera 2026,45,Maximiliano Guerrero,Universidad de Chile,2,2
2026-07-03,Liga de Primera 2026,46,Víctor Méndez,Colo-Colo,2,1
2026-07-03,Liga de Primera 2026,47,Alejandro Azócar,Coquimbo Unido,2,1
2026-07-03,Liga de Primera 2026,48,Yerko González,Deportes Limache,2,1
2026-07-03,Liga de Primera 2026,49,Martín Sarrafiore,O'Higgins,2,1
2026-07-03,Liga de Primera 2026,50,Bryan Carrasco,Palestino,2,1
2026-07-03,Liga de Primera 2026,51,Agustín Nadruz,Cobresal,2,0
2026-07-03,Liga de Primera 2026,52,Franco Frías,Cobresal,2,0
2026-07-03,Liga de Primera 2026,53,Álvaro Madrid,Colo-Colo,2,0
2026-07-03,Liga de Primera 2026,54,Jorge Henríquez,Deportes Concepción,2,0
2026-07-03,Liga de Primera 2026,55,Ignacio Mesías,Deportes Concepción,2,0
2026-07-03,Liga de Primera 2026,56,Nicolás Stefanelli,Deportes La Serena,2,0
2026-07-03,Liga de Primera 2026,57,Gonzalo Escalante,Deportes La Serena,2,0
2026-07-03,Liga de Primera 2026,58,Nicolás Montiel,Everton,2,0
2026-07-03,Liga de Primera 2026,59,Diego Sanhueza,Ñublense,2,0
2026-07-03,Liga de Primera 2026,60,Francisco Montes,Palestino,2,0
2026-07-03,Liga de Primera 2026,61,Gonzalo Tapia,Palestino,2,0
2026-07-03,Liga de Primera 2026,62,Matías Campos López,Unión La Calera,2,0
2026-07-03,Liga de Primera 2026,63,Rodrigo Cáseres,Unión La Calera,2,0
2026-07-03,Liga de Primera 2026,64,Javier Altamirano,Universidad de Chile,2,0
2026-07-03,Liga de Primera 2026,65,Nicolás Ramírez,Universidad de Chile,2,0
2026-07-03,Liga de Primera 2026,66,Luis Rojas,Universidad de Concepción,2,0
2026-07-03,Liga de Primera 2026,67,Jeison Fuentealba,Universidad de Concepción,2,0
2026-07-03,Liga de Primera 2026,68,Bryan Carvallo,Cobresal,1,5
2026-07-03,Liga de Primera 2026,69,Cristián Cuevas,Universidad Católica,1,5
2026-07-03,Liga de Primera 2026,70,Esteban Matus,Audax Italiano,1,3
2026-07-03,Liga de Primera 2026,71,Luis Riveros,Coquimbo Unido,1,3
2026-07-03,Liga de Primera 2026,72,Maximiliano Rodríguez,Huachipato,1,3
2026-07-03,Liga de Primera 2026,73,Julián Fernández,Palestino,1,3
2026-07-03,Liga de Primera 2026,74,Guillermo Pacheco,Cobresal,1,2
2026-07-03,Liga de Primera 2026,75,Marcos Arturia,Deportes Limache,1,2
2026-07-03,Liga de Primera 2026,76,Braian Martínez,Everton,1,2
2026-07-03,Liga de Primera 2026,77,Maicol León,Huachipato,1,2
2026-07-03,Liga de Primera 2026,78,Guillermo Guaiquil,Huachipato,1,2
2026-07-03,Liga de Primera 2026,79,Bryan Rabello,O'Higgins,1,2
2026-07-03,Liga de Primera 2026,80,Ian Garguez,Palestino,1,2
2026-07-03,Liga de Primera 2026,81,Jimmy Martínez,Universidad Católica,1,2
2026-07-03,Liga de Primera 2026,82,Diego Corral,Universidad Católica,1,2
2026-07-03,Liga de Primera 2026,83,Fabián Hormazábal,Universidad de Chile,1,2
2026-07-03,Liga de Primera 2026,84,Agustín Urzi,Universidad de Concepción,1,2
2026-07-03,Liga de Primera 2026,85,Federico Mateos,Audax Italiano,1,1
2026-07-03,Liga de Primera 2026,86,Benjamín Valenzuela,Cobresal,1,1
2026-07-03,Liga de Primera 2026,87,Yastin Cuevas,Colo-Colo,1,1
2026-07-03,Liga de Primera 2026,88,Jeyson Rojas,Colo-Colo,1,1
2026-07-03,Liga de Primera 2026,89,Arturo Vidal,Colo-Colo,1,1
2026-07-03,Liga de Primera 2026,90,Martín Mundaca,Coquimbo Unido,1,1
2026-07-03,Liga de Primera 2026,91,Bruno Gutiérrez,Deportes La Serena,1,1
2026-07-03,Liga de Primera 2026,92,Ángelo Henríquez,Deportes La Serena,1,1
2026-07-03,Liga de Primera 2026,93,Joaquín Montecinos,Deportes Limache,1,1
2026-07-03,Liga de Primera 2026,94,Flavio Moya,Deportes Limache,1,1
2026-07-03,Liga de Primera 2026,95,Nicolás Baeza,Everton,1,1
2026-07-03,Liga de Primera 2026,96,Julián Alfaro,Everton,1,1
2026-07-03,Liga de Primera 2026,97,Nicolás Vargas,Huachipato,1,1
2026-07-03,Liga de Primera 2026,98,Claudio Sepúlveda,Huachipato,1,1
2026-07-03,Liga de Primera 2026,99,Ignacio Tapia,Ñublense,1,1
2026-07-03,Liga de Primera 2026,100,Matías Plaza,Ñublense,1,1
2026-07-03,Liga de Primera 2026,101,Felipe Ogaz,O'Higgins,1,1
2026-07-03,Liga de Primera 2026,102,Martín Maturana,O'Higgins,1,1
2026-07-03,Liga de Primera 2026,103,Sebastián Gallegos,Palestino,1,1
2026-07-03,Liga de Primera 2026,104,Dilan Zúñiga,Palestino,1,1
2026-07-03,Liga de Primera 2026,105,Martín Araya,Palestino,1,1
2026-07-03,Liga de Primera 2026,106,Ronnie Fernández,Palestino,1,1
2026-07-03,Liga de Primera 2026,107,Jason León,Palestino,1,1
2026-07-03,Liga de Primera 2026,108,Agustín Arce,Universidad de Chile,1,1
2026-07-03,Liga de Primera 2026,109,Juan Martín Lucero,Universidad de Chile,1,1
2026-07-03,Liga de Primera 2026,110,Ignacio Vásquez,Universidad de Chile,1,1
2026-07-03,Liga de Primera 2026,111,Antonio Díaz,Universidad de Concepción,1,1
2026-07-03,Liga de Primera 2026,112,Michael Vadulli,Audax Italiano,1,0
2026-07-03,Liga de Primera 2026,113,Rodrigo Cabral,Audax Italiano,1,0
2026-07-03,Liga de Primera 2026,114,Enzo Ferrario,Audax Italiano,1,0
2026-07-03,Liga de Primera 2026,115,Marco Collao,Audax Italiano,1,0
2026-07-03,Liga de Primera 2026,116,Vicente Zenteno,Audax Italiano,1,0
2026-07-03,Liga de Primera 2026,117,José Tiznado,Cobresal,1,0
2026-07-03,Liga de Primera 2026,118,Joaquín Sosa,Colo-Colo,1,0
2026-07-03,Liga de Primera 2026,119,Guido Vadalá,Coquimbo Unido,1,0
2026-07-03,Liga de Primera 2026,120,Sebastián Galani,Coquimbo Unido,1,0
2026-07-03,Liga de Primera 2026,121,Lucas Pratto,Coquimbo Unido,1,0
2026-07-03,Liga de Primera 2026,122,Manuel Fernández,Coquimbo Unido,1,0
2026-07-03,Liga de Primera 2026,123,Pablo Rodríguez,Coquimbo Unido,1,0
2026-07-03,Liga de Primera 2026,124,Fausto Grillo,Deportes Concepción,1,0
2026-07-03,Liga de Primera 2026,125,Joaquín Larrivey,Deportes Concepción,1,0
2026-07-03,Liga de Primera 2026,126,Ariel Cáceres,Deportes Concepción,1,0
2026-07-03,Liga de Primera 2026,127,Mario Sandoval,Deportes Concepción,1,0
2026-07-03,Liga de Primera 2026,128,Aldrix Jara,Deportes Concepción,1,0
2026-07-03,Liga de Primera 2026,129,Ethan Espinoza,Deportes Concepción,1,0
2026-07-03,Liga de Primera 2026,130,Sebastián Díaz,Deportes La Serena,1,0
2026-07-03,Liga de Primera 2026,131,Lucas Alarcón,Deportes La Serena,1,0
2026-07-03,Liga de Primera 2026,132,Matías Marín,Deportes La Serena,1,0
2026-07-03,Liga de Primera 2026,133,César Pinares,Deportes Limache,1,0
2026-07-03,Liga de Primera 2026,134,Misael Llantén,Deportes Limache,1,0
2026-07-03,Liga de Primera 2026,135,César Fuentes,Deportes Limache,1,0
2026-07-03,Liga de Primera 2026,136,Ramón Martínez,Deportes Limache,1,0
2026-07-03,Liga de Primera 2026,137,Santiago Londoño,Everton,1,0
2026-07-03,Liga de Primera 2026,138,Renzo Malanca,Huachipato,1,0
2026-07-03,Liga de Primera 2026,139,Santiago Silva,Huachipato,1,0
2026-07-03,Liga de Primera 2026,140,Kevin Altez,Huachipato,1,0
2026-07-03,Liga de Primera 2026,141,Diego Céspedes,Ñublense,1,0
2026-07-03,Liga de Primera 2026,142,Giovanny Ávalos,Ñublense,1,0
2026-07-03,Liga de Primera 2026,143,Lorenzo Reyes,Ñublense,1,0
2026-07-03,Liga de Primera 2026,144,Lucas Molina,Ñublense,1,0
2026-07-03,Liga de Primera 2026,145,Miguel Brizuela,O'Higgins,1,0
2026-07-03,Liga de Primera 2026,146,Bastián Yáñez,O'Higgins,1,0
2026-07-03,Liga de Primera 2026,147,Vicente Espinoza,Palestino,1,0
2026-07-03,Liga de Primera 2026,148,Bayron Oyarzo,Unión La Calera,1,0
2026-07-03,Liga de Primera 2026,149,Francisco Pozzo,Unión La Calera,1,0
2026-07-03,Liga de Primera 2026,150,Juan Ignacio Díaz,Universidad Católica,1,0
2026-07-03,Liga de Primera 2026,151,Branco Ampuero,Universidad Católica,1,0
2026-07-03,Liga de Primera 2026,152,Juan Rossel,Universidad Católica,1,0
2026-07-03,Liga de Primera 2026,153,Matías Zaldivia,Universidad de Chile,1,0
2026-07-03,Liga de Primera 2026,154,Bianneider Tamayo,Universidad de Chile,1,0
2026-07-03,Liga de Primera 2026,155,Daniel Barrea,Universidad de Concepción,1,0
2026-07-03,Liga de Primera 2026,156,Cristhofer Mesías,Universidad de Concepción,1,0
2026-07-03,Liga de Primera 2026,157,Osvaldo González,Universidad de Concepción,1,0
2026-07-04,Liga de Primera 2026,1,Fernando Zampedri,Universidad Católica,15,2
2026-07-04,Liga de Primera 2026,2,Daniel Castro,Deportes Limache,8,5
2026-07-04,Liga de Primera 2026,3,Justo Giani,Universidad Católica,8,3
2026-07-04,Liga de Primera 2026,4,Javier Correa,Colo-Colo,8,2
2026-07-04,Liga de Primera 2026,5,Sebastián Sáez,Unión La Calera,8,1
2026-07-04,Liga de Primera 2026,6,Nelson Da Silva,Palestino,7,2
2026-07-04,Liga de Primera 2026,7,Lionel Altamirano,Huachipato,6,1
2026-07-04,Liga de Primera 2026,8,Steffan Pino,Cobresal,6,0
2026-07-04,Liga de Primera 2026,9,Jean Meneses,Deportes Limache,5,8
2026-07-04,Liga de Primera 2026,10,Jeisson Vargas,Deportes La Serena,5,5
2026-07-04,Liga de Primera 2026,11,Francisco González,O'Higgins,5,4
2026-07-04,Liga de Primera 2026,12,Maximiliano Romero,Colo-Colo,5,1
2026-07-04,Liga de Primera 2026,13,Eduardo Vargas,Universidad de Chile,5,1
2026-07-04,Liga de Primera 2026,14,Nicolás Johansen,Coquimbo Unido,5,0
2026-07-04,Liga de Primera 2026,15,Kevin Méndez,Unión La Calera,4,6
2026-07-04,Liga de Primera 2026,16,Leonardo Valencia,Deportes Concepción,4,2
2026-07-04,Liga de Primera 2026,17,Thiago Vecino,O'Higgins,4,1
2026-07-04,Liga de Primera 2026,18,Felipe Chamorro,Deportes La Serena,4,0
2026-07-04,Liga de Primera 2026,19,Gonzalo Sosa,Deportes Limache,4,0
2026-07-04,Liga de Primera 2026,20,Ignacio Jeraldino,Ñublense,4,0
2026-07-04,Liga de Primera 2026,21,Clemente Montes,Universidad Católica,3,4
2026-07-04,Liga de Primera 2026,22,Diego Rubio,Deportes La Serena,3,3
2026-07-04,Liga de Primera 2026,23,Giovani Chiaverano,Audax Italiano,3,2
2026-07-04,Liga de Primera 2026,24,Lautaro Pastrán,Colo-Colo,3,2
2026-07-04,Liga de Primera 2026,25,Julián Brea,Cobresal,3,1
2026-07-04,Liga de Primera 2026,26,Alan Medina,Everton,3,1
2026-07-04,Liga de Primera 2026,27,Lucas Soto,Everton,3,1
2026-07-04,Liga de Primera 2026,28,Cris Martínez,Huachipato,3,1
2026-07-04,Liga de Primera 2026,29,Cecilio Waterman,Universidad de Concepción,3,1
2026-07-04,Liga de Primera 2026,30,Franco Troyansky,Audax Italiano,3,0
2026-07-04,Liga de Primera 2026,31,Diego Coelho,Audax Italiano,3,0
2026-07-04,Liga de Primera 2026,32,Alejandro Camargo,Coquimbo Unido,3,0
2026-07-04,Liga de Primera 2026,33,Vicente Álvarez,Deportes Limache,3,0
2026-07-04,Liga de Primera 2026,34,Cristian Palacios,Everton,3,0
2026-07-04,Liga de Primera 2026,35,Maximiliano Gutiérrez,Huachipato,3,0
2026-07-04,Liga de Primera 2026,36,Franco Rami,Ñublense,3,0
2026-07-04,Liga de Primera 2026,37,Arnaldo Castillo,O'Higgins,3,0
2026-07-04,Liga de Primera 2026,38,Matías Palavecino,Universidad Católica,2,5
2026-07-04,Liga de Primera 2026,39,Claudio Aquino,Colo-Colo,2,3
2026-07-04,Liga de Primera 2026,40,Leandro Hernández,Colo-Colo,2,2
2026-07-04,Liga de Primera 2026,41,Cristián Zavala,Coquimbo Unido,2,2
2026-07-04,Liga de Primera 2026,42,Mario Briceño,Huachipato,2,2
2026-07-04,Liga de Primera 2026,43,Gabriel Graciani,Ñublense,2,2
2026-07-04,Liga de Primera 2026,44,César Munder,Palestino,2,2
2026-07-04,Liga de Primera 2026,45,Maximiliano Guerrero,Universidad de Chile,2,2
2026-07-04,Liga de Primera 2026,46,Víctor Méndez,Colo-Colo,2,1
2026-07-04,Liga de Primera 2026,47,Alejandro Azócar,Coquimbo Unido,2,1
2026-07-04,Liga de Primera 2026,48,Yerko González,Deportes Limache,2,1
2026-07-04,Liga de Primera 2026,49,Martín Sarrafiore,O'Higgins,2,1
2026-07-04,Liga de Primera 2026,50,Bryan Carrasco,Palestino,2,1
2026-07-04,Liga de Primera 2026,51,Agustín Nadruz,Cobresal,2,0
2026-07-04,Liga de Primera 2026,52,Franco Frías,Cobresal,2,0
2026-07-04,Liga de Primera 2026,53,Álvaro Madrid,Colo-Colo,2,0
2026-07-04,Liga de Primera 2026,54,Jorge Henríquez,Deportes Concepción,2,0
2026-07-04,Liga de Primera 2026,55,Ignacio Mesías,Deportes Concepción,2,0
2026-07-04,Liga de Primera 2026,56,Nicolás Stefanelli,Deportes La Serena,2,0
2026-07-04,Liga de Primera 2026,57,Gonzalo Escalante,Deportes La Serena,2,0
2026-07-04,Liga de Primera 2026,58,Nicolás Montiel,Everton,2,0
2026-07-04,Liga de Primera 2026,59,Diego Sanhueza,Ñublense,2,0
2026-07-04,Liga de Primera 2026,60,Francisco Montes,Palestino,2,0
2026-07-04,Liga de Primera 2026,61,Gonzalo Tapia,Palestino,2,0
2026-07-04,Liga de Primera 2026,62,Matías Campos López,Unión La Calera,2,0
2026-07-04,Liga de Primera 2026,63,Rodrigo Cáseres,Unión La Calera,2,0
2026-07-04,Liga de Primera 2026,64,Javier Altamirano,Universidad de Chile,2,0
2026-07-04,Liga de Primera 2026,65,Nicolás Ramírez,Universidad de Chile,2,0
2026-07-04,Liga de Primera 2026,66,Luis Rojas,Universidad de Concepción,2,0
2026-07-04,Liga de Primera 2026,67,Jeison Fuentealba,Universidad de Concepción,2,0
2026-07-04,Liga de Primera 2026,68,Bryan Carvallo,Cobresal,1,5
2026-07-04,Liga de Primera 2026,69,Cristián Cuevas,Universidad Católica,1,5
2026-07-04,Liga de Primera 2026,70,Esteban Matus,Audax Italiano,1,3
2026-07-04,Liga de Primera 2026,71,Luis Riveros,Coquimbo Unido,1,3
2026-07-04,Liga de Primera 2026,72,Maximiliano Rodríguez,Huachipato,1,3
2026-07-04,Liga de Primera 2026,73,Julián Fernández,Palestino,1,3
2026-07-04,Liga de Primera 2026,74,Guillermo Pacheco,Cobresal,1,2
2026-07-04,Liga de Primera 2026,75,Marcos Arturia,Deportes Limache,1,2
2026-07-04,Liga de Primera 2026,76,Braian Martínez,Everton,1,2
2026-07-04,Liga de Primera 2026,77,Maicol León,Huachipato,1,2
2026-07-04,Liga de Primera 2026,78,Guillermo Guaiquil,Huachipato,1,2
2026-07-04,Liga de Primera 2026,79,Bryan Rabello,O'Higgins,1,2
2026-07-04,Liga de Primera 2026,80,Ian Garguez,Palestino,1,2
2026-07-04,Liga de Primera 2026,81,Jimmy Martínez,Universidad Católica,1,2
2026-07-04,Liga de Primera 2026,82,Diego Corral,Universidad Católica,1,2
2026-07-04,Liga de Primera 2026,83,Fabián Hormazábal,Universidad de Chile,1,2
2026-07-04,Liga de Primera 2026,84,Agustín Urzi,Universidad de Concepción,1,2
2026-07-04,Liga de Primera 2026,85,Federico Mateos,Audax Italiano,1,1
2026-07-04,Liga de Primera 2026,86,Benjamín Valenzuela,Cobresal,1,1
2026-07-04,Liga de Primera 2026,87,Yastin Cuevas,Colo-Colo,1,1
2026-07-04,Liga de Primera 2026,88,Jeyson Rojas,Colo-Colo,1,1
2026-07-04,Liga de Primera 2026,89,Arturo Vidal,Colo-Colo,1,1
2026-07-04,Liga de Primera 2026,90,Martín Mundaca,Coquimbo Unido,1,1
2026-07-04,Liga de Primera 2026,91,Bruno Gutiérrez,Deportes La Serena,1,1
2026-07-04,Liga de Primera 2026,92,Ángelo Henríquez,Deportes La Serena,1,1
2026-07-04,Liga de Primera 2026,93,Joaquín Montecinos,Deportes Limache,1,1
2026-07-04,Liga de Primera 2026,94,Flavio Moya,Deportes Limache,1,1
2026-07-04,Liga de Primera 2026,95,Nicolás Baeza,Everton,1,1
2026-07-04,Liga de Primera 2026,96,Julián Alfaro,Everton,1,1
2026-07-04,Liga de Primera 2026,97,Nicolás Vargas,Huachipato,1,1
2026-07-04,Liga de Primera 2026,98,Claudio Sepúlveda,Huachipato,1,1
2026-07-04,Liga de Primera 2026,99,Ignacio Tapia,Ñublense,1,1
2026-07-04,Liga de Primera 2026,100,Matías Plaza,Ñublense,1,1
2026-07-04,Liga de Primera 2026,101,Felipe Ogaz,O'Higgins,1,1
2026-07-04,Liga de Primera 2026,102,Martín Maturana,O'Higgins,1,1
2026-07-04,Liga de Primera 2026,103,Sebastián Gallegos,Palestino,1,1
2026-07-04,Liga de Primera 2026,104,Dilan Zúñiga,Palestino,1,1
2026-07-04,Liga de Primera 2026,105,Martín Araya,Palestino,1,1
2026-07-04,Liga de Primera 2026,106,Ronnie Fernández,Palestino,1,1
2026-07-04,Liga de Primera 2026,107,Jason León,Palestino,1,1
2026-07-04,Liga de Primera 2026,108,Agustín Arce,Universidad de Chile,1,1
2026-07-04,Liga de Primera 2026,109,Juan Martín Lucero,Universidad de Chile,1,1
2026-07-04,Liga de Primera 2026,110,Ignacio Vásquez,Universidad de Chile,1,1
2026-07-04,Liga de Primera 2026,111,Antonio Díaz,Universidad de Concepción,1,1
2026-07-04,Liga de Primera 2026,112,Michael Vadulli,Audax Italiano,1,0
2026-07-04,Liga de Primera 2026,113,Rodrigo Cabral,Audax Italiano,1,0
2026-07-04,Liga de Primera 2026,114,Enzo Ferrario,Audax Italiano,1,0
2026-07-04,Liga de Primera 2026,115,Marco Collao,Audax Italiano,1,0
2026-07-04,Liga de Primera 2026,116,Vicente Zenteno,Audax Italiano,1,0
2026-07-04,Liga de Primera 2026,117,José Tiznado,Cobresal,1,0
2026-07-04,Liga de Primera 2026,118,Joaquín Sosa,Colo-Colo,1,0
2026-07-04,Liga de Primera 2026,119,Guido Vadalá,Coquimbo Unido,1,0
2026-07-04,Liga de Primera 2026,120,Sebastián Galani,Coquimbo Unido,1,0
2026-07-04,Liga de Primera 2026,121,Lucas Pratto,Coquimbo Unido,1,0
2026-07-04,Liga de Primera 2026,122,Manuel Fernández,Coquimbo Unido,1,0
2026-07-04,Liga de Primera 2026,123,Pablo Rodríguez,Coquimbo Unido,1,0
2026-07-04,Liga de Primera 2026,124,Fausto Grillo,Deportes Concepción,1,0
2026-07-04,Liga de Primera 2026,125,Joaquín Larrivey,Deportes Concepción,1,0
2026-07-04,Liga de Primera 2026,126,Ariel Cáceres,Deportes Concepción,1,0
2026-07-04,Liga de Primera 2026,127,Mario Sandoval,Deportes Concepción,1,0
2026-07-04,Liga de Primera 2026,128,Aldrix Jara,Deportes Concepción,1,0
2026-07-04,Liga de Primera 2026,129,Ethan Espinoza,Deportes Concepción,1,0
2026-07-04,Liga de Primera 2026,130,Sebastián Díaz,Deportes La Serena,1,0
2026-07-04,Liga de Primera 2026,131,Lucas Alarcón,Deportes La Serena,1,0
2026-07-04,Liga de Primera 2026,132,Matías Marín,Deportes La Serena,1,0
2026-07-04,Liga de Primera 2026,133,César Pinares,Deportes Limache,1,0
2026-07-04,Liga de Primera 2026,134,Misael Llantén,Deportes Limache,1,0
2026-07-04,Liga de Primera 2026,135,César Fuentes,Deportes Limache,1,0
2026-07-04,Liga de Primera 2026,136,Ramón Martínez,Deportes Limache,1,0
2026-07-04,Liga de Primera 2026,137,Santiago Londoño,Everton,1,0
2026-07-04,Liga de Primera 2026,138,Renzo Malanca,Huachipato,1,0
2026-07-04,Liga de Primera 2026,139,Santiago Silva,Huachipato,1,0
2026-07-04,Liga de Primera 2026,140,Kevin Altez,Huachipato,1,0
2026-07-04,Liga de Primera 2026,141,Diego Céspedes,Ñublense,1,0
2026-07-04,Liga de Primera 2026,142,Giovanny Ávalos,Ñublense,1,0
2026-07-04,Liga de Primera 2026,143,Lorenzo Reyes,Ñublense,1,0
2026-07-04,Liga de Primera 2026,144,Lucas Molina,Ñublense,1,0
2026-07-04,Liga de Primera 2026,145,Miguel Brizuela,O'Higgins,1,0
2026-07-04,Liga de Primera 2026,146,Bastián Yáñez,O'Higgins,1,0
2026-07-04,Liga de Primera 2026,147,Vicente Espinoza,Palestino,1,0
2026-07-04,Liga de Primera 2026,148,Bayron Oyarzo,Unión La Calera,1,0
2026-07-04,Liga de Primera 2026,149,Francisco Pozzo,Unión La Calera,1,0
2026-07-04,Liga de Primera 2026,150,Juan Ignacio Díaz,Universidad Católica,1,0
2026-07-04,Liga de Primera 2026,151,Branco Ampuero,Universidad Católica,1,0
2026-07-04,Liga de Primera 2026,152,Juan Rossel,Universidad Católica,1,0
2026-07-04,Liga de Primera 2026,153,Matías Zaldivia,Universidad de Chile,1,0
2026-07-04,Liga de Primera 2026,154,Bianneider Tamayo,Universidad de Chile,1,0
2026-07-04,Liga de Primera 2026,155,Daniel Barrea,Universidad de Concepción,1,0
2026-07-04,Liga de Primera 2026,156,Cristhofer Mesías,Universidad de Concepción,1,0
2026-07-04,Liga de Primera 2026,157,Osvaldo González,Universidad de Concepción,1,0
2026-07-05,Liga de Primera 2026,1,Fernando Zampedri,Universidad Católica,15,2
2026-07-05,Liga de Primera 2026,2,Daniel Castro,Deportes Limache,8,5
2026-07-05,Liga de Primera 2026,3,Justo Giani,Universidad Católica,8,3
2026-07-05,Liga de Primera 2026,4,Javier Correa,Colo-Colo,8,2
2026-07-05,Liga de Primera 2026,5,Sebastián Sáez,Unión La Calera,8,1
2026-07-05,Liga de Primera 2026,6,Nelson Da Silva,Palestino,7,2
2026-07-05,Liga de Primera 2026,7,Lionel Altamirano,Huachipato,6,1
2026-07-05,Liga de Primera 2026,8,Steffan Pino,Cobresal,6,0
2026-07-05,Liga de Primera 2026,9,Jean Meneses,Deportes Limache,5,8
2026-07-05,Liga de Primera 2026,10,Jeisson Vargas,Deportes La Serena,5,5
2026-07-05,Liga de Primera 2026,11,Francisco González,O'Higgins,5,4
2026-07-05,Liga de Primera 2026,12,Maximiliano Romero,Colo-Colo,5,1
2026-07-05,Liga de Primera 2026,13,Eduardo Vargas,Universidad de Chile,5,1
2026-07-05,Liga de Primera 2026,14,Nicolás Johansen,Coquimbo Unido,5,0
2026-07-05,Liga de Primera 2026,15,Kevin Méndez,Unión La Calera,4,6
2026-07-05,Liga de Primera 2026,16,Leonardo Valencia,Deportes Concepción,4,2
2026-07-05,Liga de Primera 2026,17,Thiago Vecino,O'Higgins,4,1
2026-07-05,Liga de Primera 2026,18,Felipe Chamorro,Deportes La Serena,4,0
2026-07-05,Liga de Primera 2026,19,Gonzalo Sosa,Deportes Limache,4,0
2026-07-05,Liga de Primera 2026,20,Ignacio Jeraldino,Ñublense,4,0
2026-07-05,Liga de Primera 2026,21,Clemente Montes,Universidad Católica,3,4
2026-07-05,Liga de Primera 2026,22,Diego Rubio,Deportes La Serena,3,3
2026-07-05,Liga de Primera 2026,23,Giovani Chiaverano,Audax Italiano,3,2
2026-07-05,Liga de Primera 2026,24,Lautaro Pastrán,Colo-Colo,3,2
2026-07-05,Liga de Primera 2026,25,Julián Brea,Cobresal,3,1
2026-07-05,Liga de Primera 2026,26,Alan Medina,Everton,3,1
2026-07-05,Liga de Primera 2026,27,Lucas Soto,Everton,3,1
2026-07-05,Liga de Primera 2026,28,Cris Martínez,Huachipato,3,1
2026-07-05,Liga de Primera 2026,29,Cecilio Waterman,Universidad de Concepción,3,1
2026-07-05,Liga de Primera 2026,30,Franco Troyansky,Audax Italiano,3,0
2026-07-05,Liga de Primera 2026,31,Diego Coelho,Audax Italiano,3,0
2026-07-05,Liga de Primera 2026,32,Alejandro Camargo,Coquimbo Unido,3,0
2026-07-05,Liga de Primera 2026,33,Vicente Álvarez,Deportes Limache,3,0
2026-07-05,Liga de Primera 2026,34,Cristian Palacios,Everton,3,0
2026-07-05,Liga de Primera 2026,35,Maximiliano Gutiérrez,Huachipato,3,0
2026-07-05,Liga de Primera 2026,36,Franco Rami,Ñublense,3,0
2026-07-05,Liga de Primera 2026,37,Arnaldo Castillo,O'Higgins,3,0
2026-07-05,Liga de Primera 2026,38,Matías Palavecino,Universidad Católica,2,5
2026-07-05,Liga de Primera 2026,39,Claudio Aquino,Colo-Colo,2,3
2026-07-05,Liga de Primera 2026,40,Leandro Hernández,Colo-Colo,2,2
2026-07-05,Liga de Primera 2026,41,Cristián Zavala,Coquimbo Unido,2,2
2026-07-05,Liga de Primera 2026,42,Mario Briceño,Huachipato,2,2
2026-07-05,Liga de Primera 2026,43,Gabriel Graciani,Ñublense,2,2
2026-07-05,Liga de Primera 2026,44,César Munder,Palestino,2,2
2026-07-05,Liga de Primera 2026,45,Maximiliano Guerrero,Universidad de Chile,2,2
2026-07-05,Liga de Primera 2026,46,Víctor Méndez,Colo-Colo,2,1
2026-07-05,Liga de Primera 2026,47,Alejandro Azócar,Coquimbo Unido,2,1
2026-07-05,Liga de Primera 2026,48,Yerko González,Deportes Limache,2,1
2026-07-05,Liga de Primera 2026,49,Martín Sarrafiore,O'Higgins,2,1
2026-07-05,Liga de Primera 2026,50,Bryan Carrasco,Palestino,2,1
2026-07-05,Liga de Primera 2026,51,Agustín Nadruz,Cobresal,2,0
2026-07-05,Liga de Primera 2026,52,Franco Frías,Cobresal,2,0
2026-07-05,Liga de Primera 2026,53,Álvaro Madrid,Colo-Colo,2,0
2026-07-05,Liga de Primera 2026,54,Jorge Henríquez,Deportes Concepción,2,0
2026-07-05,Liga de Primera 2026,55,Ignacio Mesías,Deportes Concepción,2,0
2026-07-05,Liga de Primera 2026,56,Nicolás Stefanelli,Deportes La Serena,2,0
2026-07-05,Liga de Primera 2026,57,Gonzalo Escalante,Deportes La Serena,2,0
2026-07-05,Liga de Primera 2026,58,Nicolás Montiel,Everton,2,0
2026-07-05,Liga de Primera 2026,59,Diego Sanhueza,Ñublense,2,0
2026-07-05,Liga de Primera 2026,60,Francisco Montes,Palestino,2,0
2026-07-05,Liga de Primera 2026,61,Gonzalo Tapia,Palestino,2,0
2026-07-05,Liga de Primera 2026,62,Matías Campos López,Unión La Calera,2,0
2026-07-05,Liga de Primera 2026,63,Rodrigo Cáseres,Unión La Calera,2,0
2026-07-05,Liga de Primera 2026,64,Javier Altamirano,Universidad de Chile,2,0
2026-07-05,Liga de Primera 2026,65,Nicolás Ramírez,Universidad de Chile,2,0
2026-07-05,Liga de Primera 2026,66,Luis Rojas,Universidad de Concepción,2,0
2026-07-05,Liga de Primera 2026,67,Jeison Fuentealba,Universidad de Concepción,2,0
2026-07-05,Liga de Primera 2026,68,Bryan Carvallo,Cobresal,1,5
2026-07-05,Liga de Primera 2026,69,Cristián Cuevas,Universidad Católica,1,5
2026-07-05,Liga de Primera 2026,70,Esteban Matus,Audax Italiano,1,3
2026-07-05,Liga de Primera 2026,71,Luis Riveros,Coquimbo Unido,1,3
2026-07-05,Liga de Primera 2026,72,Maximiliano Rodríguez,Huachipato,1,3
2026-07-05,Liga de Primera 2026,73,Julián Fernández,Palestino,1,3
2026-07-05,Liga de Primera 2026,74,Guillermo Pacheco,Cobresal,1,2
2026-07-05,Liga de Primera 2026,75,Marcos Arturia,Deportes Limache,1,2
2026-07-05,Liga de Primera 2026,76,Braian Martínez,Everton,1,2
2026-07-05,Liga de Primera 2026,77,Maicol León,Huachipato,1,2
2026-07-05,Liga de Primera 2026,78,Guillermo Guaiquil,Huachipato,1,2
2026-07-05,Liga de Primera 2026,79,Bryan Rabello,O'Higgins,1,2
2026-07-05,Liga de Primera 2026,80,Ian Garguez,Palestino,1,2
2026-07-05,Liga de Primera 2026,81,Jimmy Martínez,Universidad Católica,1,2
2026-07-05,Liga de Primera 2026,82,Diego Corral,Universidad Católica,1,2
2026-07-05,Liga de Primera 2026,83,Fabián Hormazábal,Universidad de Chile,1,2
2026-07-05,Liga de Primera 2026,84,Agustín Urzi,Universidad de Concepción,1,2
2026-07-05,Liga de Primera 2026,85,Federico Mateos,Audax Italiano,1,1
2026-07-05,Liga de Primera 2026,86,Benjamín Valenzuela,Cobresal,1,1
2026-07-05,Liga de Primera 2026,87,Yastin Cuevas,Colo-Colo,1,1
2026-07-05,Liga de Primera 2026,88,Jeyson Rojas,Colo-Colo,1,1
2026-07-05,Liga de Primera 2026,89,Arturo Vidal,Colo-Colo,1,1
2026-07-05,Liga de Primera 2026,90,Martín Mundaca,Coquimbo Unido,1,1
2026-07-05,Liga de Primera 2026,91,Bruno Gutiérrez,Deportes La Serena,1,1
2026-07-05,Liga de Primera 2026,92,Ángelo Henríquez,Deportes La Serena,1,1
2026-07-05,Liga de Primera 2026,93,Joaquín Montecinos,Deportes Limache,1,1
2026-07-05,Liga de Primera 2026,94,Flavio Moya,Deportes Limache,1,1
2026-07-05,Liga de Primera 2026,95,Nicolás Baeza,Everton,1,1
2026-07-05,Liga de Primera 2026,96,Julián Alfaro,Everton,1,1
2026-07-05,Liga de Primera 2026,97,Nicolás Vargas,Huachipato,1,1
2026-07-05,Liga de Primera 2026,98,Claudio Sepúlveda,Huachipato,1,1
2026-07-05,Liga de Primera 2026,99,Ignacio Tapia,Ñublense,1,1
2026-07-05,Liga de Primera 2026,100,Matías Plaza,Ñublense,1,1
2026-07-05,Liga de Primera 2026,101,Felipe Ogaz,O'Higgins,1,1
2026-07-05,Liga de Primera 2026,102,Martín Maturana,O'Higgins,1,1
2026-07-05,Liga de Primera 2026,103,Sebastián Gallegos,Palestino,1,1
2026-07-05,Liga de Primera 2026,104,Dilan Zúñiga,Palestino,1,1
2026-07-05,Liga de Primera 2026,105,Martín Araya,Palestino,1,1
2026-07-05,Liga de Primera 2026,106,Ronnie Fernández,Palestino,1,1
2026-07-05,Liga de Primera 2026,107,Jason León,Palestino,1,1
2026-07-05,Liga de Primera 2026,108,Agustín Arce,Universidad de Chile,1,1
2026-07-05,Liga de Primera 2026,109,Juan Martín Lucero,Universidad de Chile,1,1
2026-07-05,Liga de Primera 2026,110,Ignacio Vásquez,Universidad de Chile,1,1
2026-07-05,Liga de Primera 2026,111,Antonio Díaz,Universidad de Concepción,1,1
2026-07-05,Liga de Primera 2026,112,Michael Vadulli,Audax Italiano,1,0
2026-07-05,Liga de Primera 2026,113,Rodrigo Cabral,Audax Italiano,1,0
2026-07-05,Liga de Primera 2026,114,Enzo Ferrario,Audax Italiano,1,0
2026-07-05,Liga de Primera 2026,115,Marco Collao,Audax Italiano,1,0
2026-07-05,Liga de Primera 2026,116,Vicente Zenteno,Audax Italiano,1,0
2026-07-05,Liga de Primera 2026,117,José Tiznado,Cobresal,1,0
2026-07-05,Liga de Primera 2026,118,Joaquín Sosa,Colo-Colo,1,0
2026-07-05,Liga de Primera 2026,119,Guido Vadalá,Coquimbo Unido,1,0
2026-07-05,Liga de Primera 2026,120,Sebastián Galani,Coquimbo Unido,1,0
2026-07-05,Liga de Primera 2026,121,Lucas Pratto,Coquimbo Unido,1,0
2026-07-05,Liga de Primera 2026,122,Manuel Fernández,Coquimbo Unido,1,0
2026-07-05,Liga de Primera 2026,123,Pablo Rodríguez,Coquimbo Unido,1,0
2026-07-05,Liga de Primera 2026,124,Fausto Grillo,Deportes Concepción,1,0
2026-07-05,Liga de Primera 2026,125,Joaquín Larrivey,Deportes Concepción,1,0
2026-07-05,Liga de Primera 2026,126,Ariel Cáceres,Deportes Concepción,1,0
2026-07-05,Liga de Primera 2026,127,Mario Sandoval,Deportes Concepción,1,0
2026-07-05,Liga de Primera 2026,128,Aldrix Jara,Deportes Concepción,1,0
2026-07-05,Liga de Primera 2026,129,Ethan Espinoza,Deportes Concepción,1,0
2026-07-05,Liga de Primera 2026,130,Sebastián Díaz,Deportes La Serena,1,0
2026-07-05,Liga de Primera 2026,131,Lucas Alarcón,Deportes La Serena,1,0
2026-07-05,Liga de Primera 2026,132,Matías Marín,Deportes La Serena,1,0
2026-07-05,Liga de Primera 2026,133,César Pinares,Deportes Limache,1,0
2026-07-05,Liga de Primera 2026,134,Misael Llantén,Deportes Limache,1,0
2026-07-05,Liga de Primera 2026,135,César Fuentes,Deportes Limache,1,0
2026-07-05,Liga de Primera 2026,136,Ramón Martínez,Deportes Limache,1,0
2026-07-05,Liga de Primera 2026,137,Santiago Londoño,Everton,1,0
2026-07-05,Liga de Primera 2026,138,Renzo Malanca,Huachipato,1,0
2026-07-05,Liga de Primera 2026,139,Santiago Silva,Huachipato,1,0
2026-07-05,Liga de Primera 2026,140,Kevin Altez,Huachipato,1,0
2026-07-05,Liga de Primera 2026,141,Diego Céspedes,Ñublense,1,0
2026-07-05,Liga de Primera 2026,142,Giovanny Ávalos,Ñublense,1,0
2026-07-05,Liga de Primera 2026,143,Lorenzo Reyes,Ñublense,1,0
2026-07-05,Liga de Primera 2026,144,Lucas Molina,Ñublense,1,0
2026-07-05,Liga de Primera 2026,145,Miguel Brizuela,O'Higgins,1,0
2026-07-05,Liga de Primera 2026,146,Bastián Yáñez,O'Higgins,1,0
2026-07-05,Liga de Primera 2026,147,Vicente Espinoza,Palestino,1,0
2026-07-05,Liga de Primera 2026,148,Bayron Oyarzo,Unión La Calera,1,0
2026-07-05,Liga de Primera 2026,149,Francisco Pozzo,Unión La Calera,1,0
2026-07-05,Liga de Primera 2026,150,Juan Ignacio Díaz,Universidad Católica,1,0
2026-07-05,Liga de Primera 2026,151,Branco Ampuero,Universidad Católica,1,0
2026-07-05,Liga de Primera 2026,152,Juan Rossel,Universidad Católica,1,0
2026-07-05,Liga de Primera 2026,153,Matías Zaldivia,Universidad de Chile,1,0
2026-07-05,Liga de Primera 2026,154,Bianneider Tamayo,Universidad de Chile,1,0
2026-07-05,Liga de Primera 2026,155,Daniel Barrea,Universidad de Concepción,1,0
2026-07-05,Liga de Primera 2026,156,Cristhofer Mesías,Universidad de Concepción,1,0
2026-07-05,Liga de Primera 2026,157,Osvaldo González,Universidad de Concepción,1,0
2026-07-06,Liga de Primera 2026,1,Fernando Zampedri,Universidad Católica,15,2
2026-07-06,Liga de Primera 2026,2,Daniel Castro,Deportes Limache,8,5
2026-07-06,Liga de Primera 2026,3,Justo Giani,Universidad Católica,8,3
2026-07-06,Liga de Primera 2026,4,Javier Correa,Colo-Colo,8,2
2026-07-06,Liga de Primera 2026,5,Sebastián Sáez,Unión La Calera,8,1
2026-07-06,Liga de Primera 2026,6,Nelson Da Silva,Palestino,7,2
2026-07-06,Liga de Primera 2026,7,Lionel Altamirano,Huachipato,6,1
2026-07-06,Liga de Primera 2026,8,Steffan Pino,Cobresal,6,0
2026-07-06,Liga de Primera 2026,9,Jean Meneses,Deportes Limache,5,8
2026-07-06,Liga de Primera 2026,10,Jeisson Vargas,Deportes La Serena,5,5
2026-07-06,Liga de Primera 2026,11,Francisco González,O'Higgins,5,4
2026-07-06,Liga de Primera 2026,12,Maximiliano Romero,Colo-Colo,5,1
2026-07-06,Liga de Primera 2026,13,Eduardo Vargas,Universidad de Chile,5,1
2026-07-06,Liga de Primera 2026,14,Nicolás Johansen,Coquimbo Unido,5,0
2026-07-06,Liga de Primera 2026,15,Kevin Méndez,Unión La Calera,4,6
2026-07-06,Liga de Primera 2026,16,Leonardo Valencia,Deportes Concepción,4,2
2026-07-06,Liga de Primera 2026,17,Thiago Vecino,O'Higgins,4,1
2026-07-06,Liga de Primera 2026,18,Felipe Chamorro,Deportes La Serena,4,0
2026-07-06,Liga de Primera 2026,19,Gonzalo Sosa,Deportes Limache,4,0
2026-07-06,Liga de Primera 2026,20,Ignacio Jeraldino,Ñublense,4,0
2026-07-06,Liga de Primera 2026,21,Clemente Montes,Universidad Católica,3,4
2026-07-06,Liga de Primera 2026,22,Diego Rubio,Deportes La Serena,3,3
2026-07-06,Liga de Primera 2026,23,Giovani Chiaverano,Audax Italiano,3,2
2026-07-06,Liga de Primera 2026,24,Lautaro Pastrán,Colo-Colo,3,2
2026-07-06,Liga de Primera 2026,25,Julián Brea,Cobresal,3,1
2026-07-06,Liga de Primera 2026,26,Alan Medina,Everton,3,1
2026-07-06,Liga de Primera 2026,27,Lucas Soto,Everton,3,1
2026-07-06,Liga de Primera 2026,28,Cris Martínez,Huachipato,3,1
2026-07-06,Liga de Primera 2026,29,Cecilio Waterman,Universidad de Concepción,3,1
2026-07-06,Liga de Primera 2026,30,Franco Troyansky,Audax Italiano,3,0
2026-07-06,Liga de Primera 2026,31,Diego Coelho,Audax Italiano,3,0
2026-07-06,Liga de Primera 2026,32,Alejandro Camargo,Coquimbo Unido,3,0
2026-07-06,Liga de Primera 2026,33,Vicente Álvarez,Deportes Limache,3,0
2026-07-06,Liga de Primera 2026,34,Cristian Palacios,Everton,3,0
2026-07-06,Liga de Primera 2026,35,Maximiliano Gutiérrez,Huachipato,3,0
2026-07-06,Liga de Primera 2026,36,Franco Rami,Ñublense,3,0
2026-07-06,Liga de Primera 2026,37,Arnaldo Castillo,O'Higgins,3,0
2026-07-06,Liga de Primera 2026,38,Matías Palavecino,Universidad Católica,2,5
2026-07-06,Liga de Primera 2026,39,Claudio Aquino,Colo-Colo,2,3
2026-07-06,Liga de Primera 2026,40,Leandro Hernández,Colo-Colo,2,2
2026-07-06,Liga de Primera 2026,41,Cristián Zavala,Coquimbo Unido,2,2
2026-07-06,Liga de Primera 2026,42,Mario Briceño,Huachipato,2,2
2026-07-06,Liga de Primera 2026,43,Gabriel Graciani,Ñublense,2,2
2026-07-06,Liga de Primera 2026,44,César Munder,Palestino,2,2
2026-07-06,Liga de Primera 2026,45,Maximiliano Guerrero,Universidad de Chile,2,2
2026-07-06,Liga de Primera 2026,46,Víctor Méndez,Colo-Colo,2,1
2026-07-06,Liga de Primera 2026,47,Alejandro Azócar,Coquimbo Unido,2,1
2026-07-06,Liga de Primera 2026,48,Yerko González,Deportes Limache,2,1
2026-07-06,Liga de Primera 2026,49,Martín Sarrafiore,O'Higgins,2,1
2026-07-06,Liga de Primera 2026,50,Bryan Carrasco,Palestino,2,1
2026-07-06,Liga de Primera 2026,51,Agustín Nadruz,Cobresal,2,0
2026-07-06,Liga de Primera 2026,52,Franco Frías,Cobresal,2,0
2026-07-06,Liga de Primera 2026,53,Álvaro Madrid,Colo-Colo,2,0
2026-07-06,Liga de Primera 2026,54,Jorge Henríquez,Deportes Concepción,2,0
2026-07-06,Liga de Primera 2026,55,Ignacio Mesías,Deportes Concepción,2,0
2026-07-06,Liga de Primera 2026,56,Nicolás Stefanelli,Deportes La Serena,2,0
2026-07-06,Liga de Primera 2026,57,Gonzalo Escalante,Deportes La Serena,2,0
2026-07-06,Liga de Primera 2026,58,Nicolás Montiel,Everton,2,0
2026-07-06,Liga de Primera 2026,59,Diego Sanhueza,Ñublense,2,0
2026-07-06,Liga de Primera 2026,60,Francisco Montes,Palestino,2,0
2026-07-06,Liga de Primera 2026,61,Gonzalo Tapia,Palestino,2,0
2026-07-06,Liga de Primera 2026,62,Matías Campos López,Unión La Calera,2,0
2026-07-06,Liga de Primera 2026,63,Rodrigo Cáseres,Unión La Calera,2,0
2026-07-06,Liga de Primera 2026,64,Javier Altamirano,Universidad de Chile,2,0
2026-07-06,Liga de Primera 2026,65,Nicolás Ramírez,Universidad de Chile,2,0
2026-07-06,Liga de Primera 2026,66,Luis Rojas,Universidad de Concepción,2,0
2026-07-06,Liga de Primera 2026,67,Jeison Fuentealba,Universidad de Concepción,2,0
2026-07-06,Liga de Primera 2026,68,Bryan Carvallo,Cobresal,1,5
2026-07-06,Liga de Primera 2026,69,Cristián Cuevas,Universidad Católica,1,5
2026-07-06,Liga de Primera 2026,70,Esteban Matus,Audax Italiano,1,3
2026-07-06,Liga de Primera 2026,71,Luis Riveros,Coquimbo Unido,1,3
2026-07-06,Liga de Primera 2026,72,Maximiliano Rodríguez,Huachipato,1,3
2026-07-06,Liga de Primera 2026,73,Julián Fernández,Palestino,1,3
2026-07-06,Liga de Primera 2026,74,Guillermo Pacheco,Cobresal,1,2
2026-07-06,Liga de Primera 2026,75,Marcos Arturia,Deportes Limache,1,2
2026-07-06,Liga de Primera 2026,76,Braian Martínez,Everton,1,2
2026-07-06,Liga de Primera 2026,77,Maicol León,Huachipato,1,2
2026-07-06,Liga de Primera 2026,78,Guillermo Guaiquil,Huachipato,1,2
2026-07-06,Liga de Primera 2026,79,Bryan Rabello,O'Higgins,1,2
2026-07-06,Liga de Primera 2026,80,Ian Garguez,Palestino,1,2
2026-07-06,Liga de Primera 2026,81,Jimmy Martínez,Universidad Católica,1,2
2026-07-06,Liga de Primera 2026,82,Diego Corral,Universidad Católica,1,2
2026-07-06,Liga de Primera 2026,83,Fabián Hormazábal,Universidad de Chile,1,2
2026-07-06,Liga de Primera 2026,84,Agustín Urzi,Universidad de Concepción,1,2
2026-07-06,Liga de Primera 2026,85,Federico Mateos,Audax Italiano,1,1
2026-07-06,Liga de Primera 2026,86,Benjamín Valenzuela,Cobresal,1,1
2026-07-06,Liga de Primera 2026,87,Yastin Cuevas,Colo-Colo,1,1
2026-07-06,Liga de Primera 2026,88,Jeyson Rojas,Colo-Colo,1,1
2026-07-06,Liga de Primera 2026,89,Arturo Vidal,Colo-Colo,1,1
2026-07-06,Liga de Primera 2026,90,Martín Mundaca,Coquimbo Unido,1,1
2026-07-06,Liga de Primera 2026,91,Bruno Gutiérrez,Deportes La Serena,1,1
2026-07-06,Liga de Primera 2026,92,Ángelo Henríquez,Deportes La Serena,1,1
2026-07-06,Liga de Primera 2026,93,Joaquín Montecinos,Deportes Limache,1,1
2026-07-06,Liga de Primera 2026,94,Flavio Moya,Deportes Limache,1,1
2026-07-06,Liga de Primera 2026,95,Nicolás Baeza,Everton,1,1
2026-07-06,Liga de Primera 2026,96,Julián Alfaro,Everton,1,1
2026-07-06,Liga de Primera 2026,97,Nicolás Vargas,Huachipato,1,1
2026-07-06,Liga de Primera 2026,98,Claudio Sepúlveda,Huachipato,1,1
2026-07-06,Liga de Primera 2026,99,Ignacio Tapia,Ñublense,1,1
2026-07-06,Liga de Primera 2026,100,Matías Plaza,Ñublense,1,1
2026-07-06,Liga de Primera 2026,101,Felipe Ogaz,O'Higgins,1,1
2026-07-06,Liga de Primera 2026,102,Martín Maturana,O'Higgins,1,1
2026-07-06,Liga de Primera 2026,103,Sebastián Gallegos,Palestino,1,1
2026-07-06,Liga de Primera 2026,104,Dilan Zúñiga,Palestino,1,1
2026-07-06,Liga de Primera 2026,105,Martín Araya,Palestino,1,1
2026-07-06,Liga de Primera 2026,106,Ronnie Fernández,Palestino,1,1
2026-07-06,Liga de Primera 2026,107,Jason León,Palestino,1,1
2026-07-06,Liga de Primera 2026,108,Agustín Arce,Universidad de Chile,1,1
2026-07-06,Liga de Primera 2026,109,Juan Martín Lucero,Universidad de Chile,1,1
2026-07-06,Liga de Primera 2026,110,Ignacio Vásquez,Universidad de Chile,1,1
2026-07-06,Liga de Primera 2026,111,Antonio Díaz,Universidad de Concepción,1,1
2026-07-06,Liga de Primera 2026,112,Michael Vadulli,Audax Italiano,1,0
2026-07-06,Liga de Primera 2026,113,Rodrigo Cabral,Audax Italiano,1,0
2026-07-06,Liga de Primera 2026,114,Enzo Ferrario,Audax Italiano,1,0
2026-07-06,Liga de Primera 2026,115,Marco Collao,Audax Italiano,1,0
2026-07-06,Liga de Primera 2026,116,Vicente Zenteno,Audax Italiano,1,0
2026-07-06,Liga de Primera 2026,117,José Tiznado,Cobresal,1,0
2026-07-06,Liga de Primera 2026,118,Joaquín Sosa,Colo-Colo,1,0
2026-07-06,Liga de Primera 2026,119,Guido Vadalá,Coquimbo Unido,1,0
2026-07-06,Liga de Primera 2026,120,Sebastián Galani,Coquimbo Unido,1,0
2026-07-06,Liga de Primera 2026,121,Lucas Pratto,Coquimbo Unido,1,0
2026-07-06,Liga de Primera 2026,122,Manuel Fernández,Coquimbo Unido,1,0
2026-07-06,Liga de Primera 2026,123,Pablo Rodríguez,Coquimbo Unido,1,0
2026-07-06,Liga de Primera 2026,124,Fausto Grillo,Deportes Concepción,1,0
2026-07-06,Liga de Primera 2026,125,Joaquín Larrivey,Deportes Concepción,1,0
2026-07-06,Liga de Primera 2026,126,Ariel Cáceres,Deportes Concepción,1,0
2026-07-06,Liga de Primera 2026,127,Mario Sandoval,Deportes Concepción,1,0
2026-07-06,Liga de Primera 2026,128,Aldrix Jara,Deportes Concepción,1,0
2026-07-06,Liga de Primera 2026,129,Ethan Espinoza,Deportes Concepción,1,0
2026-07-06,Liga de Primera 2026,130,Sebastián Díaz,Deportes La Serena,1,0
2026-07-06,Liga de Primera 2026,131,Lucas Alarcón,Deportes La Serena,1,0
2026-07-06,Liga de Primera 2026,132,Matías Marín,Deportes La Serena,1,0
2026-07-06,Liga de Primera 2026,133,César Pinares,Deportes Limache,1,0
2026-07-06,Liga de Primera 2026,134,Misael Llantén,Deportes Limache,1,0
2026-07-06,Liga de Primera 2026,135,César Fuentes,Deportes Limache,1,0
2026-07-06,Liga de Primera 2026,136,Ramón Martínez,Deportes Limache,1,0
2026-07-06,Liga de Primera 2026,137,Santiago Londoño,Everton,1,0
2026-07-06,Liga de Primera 2026,138,Renzo Malanca,Huachipato,1,0
2026-07-06,Liga de Primera 2026,139,Santiago Silva,Huachipato,1,0
2026-07-06,Liga de Primera 2026,140,Kevin Altez,Huachipato,1,0
2026-07-06,Liga de Primera 2026,141,Diego Céspedes,Ñublense,1,0
2026-07-06,Liga de Primera 2026,142,Giovanny Ávalos,Ñublense,1,0
2026-07-06,Liga de Primera 2026,143,Lorenzo Reyes,Ñublense,1,0
2026-07-06,Liga de Primera 2026,144,Lucas Molina,Ñublense,1,0
2026-07-06,Liga de Primera 2026,145,Miguel Brizuela,O'Higgins,1,0
2026-07-06,Liga de Primera 2026,146,Bastián Yáñez,O'Higgins,1,0
2026-07-06,Liga de Primera 2026,147,Vicente Espinoza,Palestino,1,0
2026-07-06,Liga de Primera 2026,148,Bayron Oyarzo,Unión La Calera,1,0
2026-07-06,Liga de Primera 2026,149,Francisco Pozzo,Unión La Calera,1,0
2026-07-06,Liga de Primera 2026,150,Juan Ignacio Díaz,Universidad Católica,1,0
2026-07-06,Liga de Primera 2026,151,Branco Ampuero,Universidad Católica,1,0
2026-07-06,Liga de Primera 2026,152,Juan Rossel,Universidad Católica,1,0
2026-07-06,Liga de Primera 2026,153,Matías Zaldivia,Universidad de Chile,1,0
2026-07-06,Liga de Primera 2026,154,Bianneider Tamayo,Universidad de Chile,1,0
2026-07-06,Liga de Primera 2026,155,Daniel Barrea,Universidad de Concepción,1,0
2026-07-06,Liga de Primera 2026,156,Cristhofer Mesías,Universidad de Concepción,1,0
2026-07-06,Liga de Primera 2026,157,Osvaldo González,Universidad de Concepción,1,0
2026-07-07,Liga de Primera 2026,1,Fernando Zampedri,Universidad Católica,15,2
2026-07-07,Liga de Primera 2026,2,Daniel Castro,Deportes Limache,8,5
2026-07-07,Liga de Primera 2026,3,Justo Giani,Universidad Católica,8,3
2026-07-07,Liga de Primera 2026,4,Javier Correa,Colo-Colo,8,2
2026-07-07,Liga de Primera 2026,5,Sebastián Sáez,Unión La Calera,8,1
2026-07-07,Liga de Primera 2026,6,Nelson Da Silva,Palestino,7,2
2026-07-07,Liga de Primera 2026,7,Lionel Altamirano,Huachipato,6,1
2026-07-07,Liga de Primera 2026,8,Steffan Pino,Cobresal,6,0
2026-07-07,Liga de Primera 2026,9,Jean Meneses,Deportes Limache,5,8
2026-07-07,Liga de Primera 2026,10,Jeisson Vargas,Deportes La Serena,5,5
2026-07-07,Liga de Primera 2026,11,Francisco González,O'Higgins,5,4
2026-07-07,Liga de Primera 2026,12,Maximiliano Romero,Colo-Colo,5,1
2026-07-07,Liga de Primera 2026,13,Eduardo Vargas,Universidad de Chile,5,1
2026-07-07,Liga de Primera 2026,14,Nicolás Johansen,Coquimbo Unido,5,0
2026-07-07,Liga de Primera 2026,15,Kevin Méndez,Unión La Calera,4,6
2026-07-07,Liga de Primera 2026,16,Leonardo Valencia,Deportes Concepción,4,2
2026-07-07,Liga de Primera 2026,17,Thiago Vecino,O'Higgins,4,1
2026-07-07,Liga de Primera 2026,18,Felipe Chamorro,Deportes La Serena,4,0
2026-07-07,Liga de Primera 2026,19,Gonzalo Sosa,Deportes Limache,4,0
2026-07-07,Liga de Primera 2026,20,Ignacio Jeraldino,Ñublense,4,0
2026-07-07,Liga de Primera 2026,21,Clemente Montes,Universidad Católica,3,4
2026-07-07,Liga de Primera 2026,22,Diego Rubio,Deportes La Serena,3,3
2026-07-07,Liga de Primera 2026,23,Giovani Chiaverano,Audax Italiano,3,2
2026-07-07,Liga de Primera 2026,24,Lautaro Pastrán,Colo-Colo,3,2
2026-07-07,Liga de Primera 2026,25,Julián Brea,Cobresal,3,1
2026-07-07,Liga de Primera 2026,26,Alan Medina,Everton,3,1
2026-07-07,Liga de Primera 2026,27,Lucas Soto,Everton,3,1
2026-07-07,Liga de Primera 2026,28,Cris Martínez,Huachipato,3,1
2026-07-07,Liga de Primera 2026,29,Cecilio Waterman,Universidad de Concepción,3,1
2026-07-07,Liga de Primera 2026,30,Franco Troyansky,Audax Italiano,3,0
2026-07-07,Liga de Primera 2026,31,Diego Coelho,Audax Italiano,3,0
2026-07-07,Liga de Primera 2026,32,Alejandro Camargo,Coquimbo Unido,3,0
2026-07-07,Liga de Primera 2026,33,Vicente Álvarez,Deportes Limache,3,0
2026-07-07,Liga de Primera 2026,34,Cristian Palacios,Everton,3,0
2026-07-07,Liga de Primera 2026,35,Maximiliano Gutiérrez,Huachipato,3,0
2026-07-07,Liga de Primera 2026,36,Franco Rami,Ñublense,3,0
2026-07-07,Liga de Primera 2026,37,Arnaldo Castillo,O'Higgins,3,0
2026-07-07,Liga de Primera 2026,38,Matías Palavecino,Universidad Católica,2,5
2026-07-07,Liga de Primera 2026,39,Claudio Aquino,Colo-Colo,2,3
2026-07-07,Liga de Primera 2026,40,Leandro Hernández,Colo-Colo,2,2
2026-07-07,Liga de Primera 2026,41,Cristián Zavala,Coquimbo Unido,2,2
2026-07-07,Liga de Primera 2026,42,Mario Briceño,Huachipato,2,2
2026-07-07,Liga de Primera 2026,43,Gabriel Graciani,Ñublense,2,2
2026-07-07,Liga de Primera 2026,44,César Munder,Palestino,2,2
2026-07-07,Liga de Primera 2026,45,Maximiliano Guerrero,Universidad de Chile,2,2
2026-07-07,Liga de Primera 2026,46,Víctor Méndez,Colo-Colo,2,1
2026-07-07,Liga de Primera 2026,47,Alejandro Azócar,Coquimbo Unido,2,1
2026-07-07,Liga de Primera 2026,48,Yerko González,Deportes Limache,2,1
2026-07-07,Liga de Primera 2026,49,Martín Sarrafiore,O'Higgins,2,1
2026-07-07,Liga de Primera 2026,50,Bryan Carrasco,Palestino,2,1
2026-07-07,Liga de Primera 2026,51,Agustín Nadruz,Cobresal,2,0
2026-07-07,Liga de Primera 2026,52,Franco Frías,Cobresal,2,0
2026-07-07,Liga de Primera 2026,53,Álvaro Madrid,Colo-Colo,2,0
2026-07-07,Liga de Primera 2026,54,Jorge Henríquez,Deportes Concepción,2,0
2026-07-07,Liga de Primera 2026,55,Ignacio Mesías,Deportes Concepción,2,0
2026-07-07,Liga de Primera 2026,56,Nicolás Stefanelli,Deportes La Serena,2,0
2026-07-07,Liga de Primera 2026,57,Gonzalo Escalante,Deportes La Serena,2,0
2026-07-07,Liga de Primera 2026,58,Nicolás Montiel,Everton,2,0
2026-07-07,Liga de Primera 2026,59,Diego Sanhueza,Ñublense,2,0
2026-07-07,Liga de Primera 2026,60,Francisco Montes,Palestino,2,0
2026-07-07,Liga de Primera 2026,61,Gonzalo Tapia,Palestino,2,0
2026-07-07,Liga de Primera 2026,62,Matías Campos López,Unión La Calera,2,0
2026-07-07,Liga de Primera 2026,63,Rodrigo Cáseres,Unión La Calera,2,0
2026-07-07,Liga de Primera 2026,64,Javier Altamirano,Universidad de Chile,2,0
2026-07-07,Liga de Primera 2026,65,Nicolás Ramírez,Universidad de Chile,2,0
2026-07-07,Liga de Primera 2026,66,Luis Rojas,Universidad de Concepción,2,0
2026-07-07,Liga de Primera 2026,67,Jeison Fuentealba,Universidad de Concepción,2,0
2026-07-07,Liga de Primera 2026,68,Bryan Carvallo,Cobresal,1,5
2026-07-07,Liga de Primera 2026,69,Cristián Cuevas,Universidad Católica,1,5
2026-07-07,Liga de Primera 2026,70,Esteban Matus,Audax Italiano,1,3
2026-07-07,Liga de Primera 2026,71,Luis Riveros,Coquimbo Unido,1,3
2026-07-07,Liga de Primera 2026,72,Maximiliano Rodríguez,Huachipato,1,3
2026-07-07,Liga de Primera 2026,73,Julián Fernández,Palestino,1,3
2026-07-07,Liga de Primera 2026,74,Guillermo Pacheco,Cobresal,1,2
2026-07-07,Liga de Primera 2026,75,Marcos Arturia,Deportes Limache,1,2
2026-07-07,Liga de Primera 2026,76,Braian Martínez,Everton,1,2
2026-07-07,Liga de Primera 2026,77,Maicol León,Huachipato,1,2
2026-07-07,Liga de Primera 2026,78,Guillermo Guaiquil,Huachipato,1,2
2026-07-07,Liga de Primera 2026,79,Bryan Rabello,O'Higgins,1,2
2026-07-07,Liga de Primera 2026,80,Ian Garguez,Palestino,1,2
2026-07-07,Liga de Primera 2026,81,Jimmy Martínez,Universidad Católica,1,2
2026-07-07,Liga de Primera 2026,82,Diego Corral,Universidad Católica,1,2
2026-07-07,Liga de Primera 2026,83,Fabián Hormazábal,Universidad de Chile,1,2
2026-07-07,Liga de Primera 2026,84,Agustín Urzi,Universidad de Concepción,1,2
2026-07-07,Liga de Primera 2026,85,Federico Mateos,Audax Italiano,1,1
2026-07-07,Liga de Primera 2026,86,Benjamín Valenzuela,Cobresal,1,1
2026-07-07,Liga de Primera 2026,87,Yastin Cuevas,Colo-Colo,1,1
2026-07-07,Liga de Primera 2026,88,Jeyson Rojas,Colo-Colo,1,1
2026-07-07,Liga de Primera 2026,89,Arturo Vidal,Colo-Colo,1,1
2026-07-07,Liga de Primera 2026,90,Martín Mundaca,Coquimbo Unido,1,1
2026-07-07,Liga de Primera 2026,91,Bruno Gutiérrez,Deportes La Serena,1,1
2026-07-07,Liga de Primera 2026,92,Ángelo Henríquez,Deportes La Serena,1,1
2026-07-07,Liga de Primera 2026,93,Joaquín Montecinos,Deportes Limache,1,1
2026-07-07,Liga de Primera 2026,94,Flavio Moya,Deportes Limache,1,1
2026-07-07,Liga de Primera 2026,95,Nicolás Baeza,Everton,1,1
2026-07-07,Liga de Primera 2026,96,Julián Alfaro,Everton,1,1
2026-07-07,Liga de Primera 2026,97,Nicolás Vargas,Huachipato,1,1
2026-07-07,Liga de Primera 2026,98,Claudio Sepúlveda,Huachipato,1,1
2026-07-07,Liga de Primera 2026,99,Ignacio Tapia,Ñublense,1,1
2026-07-07,Liga de Primera 2026,100,Matías Plaza,Ñublense,1,1
2026-07-07,Liga de Primera 2026,101,Felipe Ogaz,O'Higgins,1,1
2026-07-07,Liga de Primera 2026,102,Martín Maturana,O'Higgins,1,1
2026-07-07,Liga de Primera 2026,103,Sebastián Gallegos,Palestino,1,1
2026-07-07,Liga de Primera 2026,104,Dilan Zúñiga,Palestino,1,1
2026-07-07,Liga de Primera 2026,105,Martín Araya,Palestino,1,1
2026-07-07,Liga de Primera 2026,106,Ronnie Fernández,Palestino,1,1
2026-07-07,Liga de Primera 2026,107,Jason León,Palestino,1,1
2026-07-07,Liga de Primera 2026,108,Agustín Arce,Universidad de Chile,1,1
2026-07-07,Liga de Primera 2026,109,Juan Martín Lucero,Universidad de Chile,1,1
2026-07-07,Liga de Primera 2026,110,Ignacio Vásquez,Universidad de Chile,1,1
2026-07-07,Liga de Primera 2026,111,Antonio Díaz,Universidad de Concepción,1,1
2026-07-07,Liga de Primera 2026,112,Michael Vadulli,Audax Italiano,1,0
2026-07-07,Liga de Primera 2026,113,Rodrigo Cabral,Audax Italiano,1,0
2026-07-07,Liga de Primera 2026,114,Enzo Ferrario,Audax Italiano,1,0
2026-07-07,Liga de Primera 2026,115,Marco Collao,Audax Italiano,1,0
2026-07-07,Liga de Primera 2026,116,Vicente Zenteno,Audax Italiano,1,0
2026-07-07,Liga de Primera 2026,117,José Tiznado,Cobresal,1,0
2026-07-07,Liga de Primera 2026,118,Joaquín Sosa,Colo-Colo,1,0
2026-07-07,Liga de Primera 2026,119,Guido Vadalá,Coquimbo Unido,1,0
2026-07-07,Liga de Primera 2026,120,Sebastián Galani,Coquimbo Unido,1,0
2026-07-07,Liga de Primera 2026,121,Lucas Pratto,Coquimbo Unido,1,0
2026-07-07,Liga de Primera 2026,122,Manuel Fernández,Coquimbo Unido,1,0
2026-07-07,Liga de Primera 2026,123,Pablo Rodríguez,Coquimbo Unido,1,0
2026-07-07,Liga de Primera 2026,124,Fausto Grillo,Deportes Concepción,1,0
2026-07-07,Liga de Primera 2026,125,Joaquín Larrivey,Deportes Concepción,1,0
2026-07-07,Liga de Primera 2026,126,Ariel Cáceres,Deportes Concepción,1,0
2026-07-07,Liga de Primera 2026,127,Mario Sandoval,Deportes Concepción,1,0
2026-07-07,Liga de Primera 2026,128,Aldrix Jara,Deportes Concepción,1,0
2026-07-07,Liga de Primera 2026,129,Ethan Espinoza,Deportes Concepción,1,0
2026-07-07,Liga de Primera 2026,130,Sebastián Díaz,Deportes La Serena,1,0
2026-07-07,Liga de Primera 2026,131,Lucas Alarcón,Deportes La Serena,1,0
2026-07-07,Liga de Primera 2026,132,Matías Marín,Deportes La Serena,1,0
2026-07-07,Liga de Primera 2026,133,César Pinares,Deportes Limache,1,0
2026-07-07,Liga de Primera 2026,134,Misael Llantén,Deportes Limache,1,0
2026-07-07,Liga de Primera 2026,135,César Fuentes,Deportes Limache,1,0
2026-07-07,Liga de Primera 2026,136,Ramón Martínez,Deportes Limache,1,0
2026-07-07,Liga de Primera 2026,137,Santiago Londoño,Everton,1,0
2026-07-07,Liga de Primera 2026,138,Renzo Malanca,Huachipato,1,0
2026-07-07,Liga de Primera 2026,139,Santiago Silva,Huachipato,1,0
2026-07-07,Liga de Primera 2026,140,Kevin Altez,Huachipato,1,0
2026-07-07,Liga de Primera 2026,141,Diego Céspedes,Ñublense,1,0
2026-07-07,Liga de Primera 2026,142,Giovanny Ávalos,Ñublense,1,0
2026-07-07,Liga de Primera 2026,143,Lorenzo Reyes,Ñublense,1,0
2026-07-07,Liga de Primera 2026,144,Lucas Molina,Ñublense,1,0
2026-07-07,Liga de Primera 2026,145,Miguel Brizuela,O'Higgins,1,0
2026-07-07,Liga de Primera 2026,146,Bastián Yáñez,O'Higgins,1,0
2026-07-07,Liga de Primera 2026,147,Vicente Espinoza,Palestino,1,0
2026-07-07,Liga de Primera 2026,148,Bayron Oyarzo,Unión La Calera,1,0
2026-07-07,Liga de Primera 2026,149,Francisco Pozzo,Unión La Calera,1,0
2026-07-07,Liga de Primera 2026,150,Juan Ignacio Díaz,Universidad Católica,1,0
2026-07-07,Liga de Primera 2026,151,Branco Ampuero,Universidad Católica,1,0
2026-07-07,Liga de Primera 2026,152,Juan Rossel,Universidad Católica,1,0
2026-07-07,Liga de Primera 2026,153,Matías Zaldivia,Universidad de Chile,1,0
2026-07-07,Liga de Primera 2026,154,Bianneider Tamayo,Universidad de Chile,1,0
2026-07-07,Liga de Primera 2026,155,Daniel Barrea,Universidad de Concepción,1,0
2026-07-07,Liga de Primera 2026,156,Cristhofer Mesías,Universidad de Concepción,1,0
2026-07-07,Liga de Primera 2026,157,Osvaldo González,Universidad de Concepción,1,0
2026-07-08,Liga de Primera 2026,1,Fernando Zampedri,Universidad Católica,15,2
2026-07-08,Liga de Primera 2026,2,Daniel Castro,Deportes Limache,8,5
2026-07-08,Liga de Primera 2026,3,Justo Giani,Universidad Católica,8,3
2026-07-08,Liga de Primera 2026,4,Javier Correa,Colo-Colo,8,2
2026-07-08,Liga de Primera 2026,5,Sebastián Sáez,Unión La Calera,8,1
2026-07-08,Liga de Primera 2026,6,Nelson Da Silva,Palestino,7,2
2026-07-08,Liga de Primera 2026,7,Lionel Altamirano,Huachipato,6,1
2026-07-08,Liga de Primera 2026,8,Steffan Pino,Cobresal,6,0
2026-07-08,Liga de Primera 2026,9,Jean Meneses,Deportes Limache,5,8
2026-07-08,Liga de Primera 2026,10,Jeisson Vargas,Deportes La Serena,5,5
2026-07-08,Liga de Primera 2026,11,Francisco González,O'Higgins,5,4
2026-07-08,Liga de Primera 2026,12,Maximiliano Romero,Colo-Colo,5,1
2026-07-08,Liga de Primera 2026,13,Eduardo Vargas,Universidad de Chile,5,1
2026-07-08,Liga de Primera 2026,14,Nicolás Johansen,Coquimbo Unido,5,0
2026-07-08,Liga de Primera 2026,15,Kevin Méndez,Unión La Calera,4,6
2026-07-08,Liga de Primera 2026,16,Leonardo Valencia,Deportes Concepción,4,2
2026-07-08,Liga de Primera 2026,17,Thiago Vecino,O'Higgins,4,1
2026-07-08,Liga de Primera 2026,18,Felipe Chamorro,Deportes La Serena,4,0
2026-07-08,Liga de Primera 2026,19,Gonzalo Sosa,Deportes Limache,4,0
2026-07-08,Liga de Primera 2026,20,Ignacio Jeraldino,Ñublense,4,0
2026-07-08,Liga de Primera 2026,21,Clemente Montes,Universidad Católica,3,4
2026-07-08,Liga de Primera 2026,22,Diego Rubio,Deportes La Serena,3,3
2026-07-08,Liga de Primera 2026,23,Giovani Chiaverano,Audax Italiano,3,2
2026-07-08,Liga de Primera 2026,24,Lautaro Pastrán,Colo-Colo,3,2
2026-07-08,Liga de Primera 2026,25,Julián Brea,Cobresal,3,1
2026-07-08,Liga de Primera 2026,26,Alan Medina,Everton,3,1
2026-07-08,Liga de Primera 2026,27,Lucas Soto,Everton,3,1
2026-07-08,Liga de Primera 2026,28,Cris Martínez,Huachipato,3,1
2026-07-08,Liga de Primera 2026,29,Cecilio Waterman,Universidad de Concepción,3,1
2026-07-08,Liga de Primera 2026,30,Franco Troyansky,Audax Italiano,3,0
2026-07-08,Liga de Primera 2026,31,Diego Coelho,Audax Italiano,3,0
2026-07-08,Liga de Primera 2026,32,Alejandro Camargo,Coquimbo Unido,3,0
2026-07-08,Liga de Primera 2026,33,Vicente Álvarez,Deportes Limache,3,0
2026-07-08,Liga de Primera 2026,34,Cristian Palacios,Everton,3,0
2026-07-08,Liga de Primera 2026,35,Maximiliano Gutiérrez,Huachipato,3,0
2026-07-08,Liga de Primera 2026,36,Franco Rami,Ñublense,3,0
2026-07-08,Liga de Primera 2026,37,Arnaldo Castillo,O'Higgins,3,0
2026-07-08,Liga de Primera 2026,38,Matías Palavecino,Universidad Católica,2,5
2026-07-08,Liga de Primera 2026,39,Claudio Aquino,Colo-Colo,2,3
2026-07-08,Liga de Primera 2026,40,Leandro Hernández,Colo-Colo,2,2
2026-07-08,Liga de Primera 2026,41,Cristián Zavala,Coquimbo Unido,2,2
2026-07-08,Liga de Primera 2026,42,Mario Briceño,Huachipato,2,2
2026-07-08,Liga de Primera 2026,43,Gabriel Graciani,Ñublense,2,2
2026-07-08,Liga de Primera 2026,44,César Munder,Palestino,2,2
2026-07-08,Liga de Primera 2026,45,Maximiliano Guerrero,Universidad de Chile,2,2
2026-07-08,Liga de Primera 2026,46,Víctor Méndez,Colo-Colo,2,1
2026-07-08,Liga de Primera 2026,47,Alejandro Azócar,Coquimbo Unido,2,1
2026-07-08,Liga de Primera 2026,48,Yerko González,Deportes Limache,2,1
2026-07-08,Liga de Primera 2026,49,Martín Sarrafiore,O'Higgins,2,1
2026-07-08,Liga de Primera 2026,50,Bryan Carrasco,Palestino,2,1
2026-07-08,Liga de Primera 2026,51,Agustín Nadruz,Cobresal,2,0
2026-07-08,Liga de Primera 2026,52,Franco Frías,Cobresal,2,0
2026-07-08,Liga de Primera 2026,53,Álvaro Madrid,Colo-Colo,2,0
2026-07-08,Liga de Primera 2026,54,Jorge Henríquez,Deportes Concepción,2,0
2026-07-08,Liga de Primera 2026,55,Ignacio Mesías,Deportes Concepción,2,0
2026-07-08,Liga de Primera 2026,56,Nicolás Stefanelli,Deportes La Serena,2,0
2026-07-08,Liga de Primera 2026,57,Gonzalo Escalante,Deportes La Serena,2,0
2026-07-08,Liga de Primera 2026,58,Nicolás Montiel,Everton,2,0
2026-07-08,Liga de Primera 2026,59,Diego Sanhueza,Ñublense,2,0
2026-07-08,Liga de Primera 2026,60,Francisco Montes,Palestino,2,0
2026-07-08,Liga de Primera 2026,61,Gonzalo Tapia,Palestino,2,0
2026-07-08,Liga de Primera 2026,62,Matías Campos López,Unión La Calera,2,0
2026-07-08,Liga de Primera 2026,63,Rodrigo Cáseres,Unión La Calera,2,0
2026-07-08,Liga de Primera 2026,64,Javier Altamirano,Universidad de Chile,2,0
2026-07-08,Liga de Primera 2026,65,Nicolás Ramírez,Universidad de Chile,2,0
2026-07-08,Liga de Primera 2026,66,Luis Rojas,Universidad de Concepción,2,0
2026-07-08,Liga de Primera 2026,67,Jeison Fuentealba,Universidad de Concepción,2,0
2026-07-08,Liga de Primera 2026,68,Bryan Carvallo,Cobresal,1,5
2026-07-08,Liga de Primera 2026,69,Cristián Cuevas,Universidad Católica,1,5
2026-07-08,Liga de Primera 2026,70,Esteban Matus,Audax Italiano,1,3
2026-07-08,Liga de Primera 2026,71,Luis Riveros,Coquimbo Unido,1,3
2026-07-08,Liga de Primera 2026,72,Maximiliano Rodríguez,Huachipato,1,3
2026-07-08,Liga de Primera 2026,73,Julián Fernández,Palestino,1,3
2026-07-08,Liga de Primera 2026,74,Guillermo Pacheco,Cobresal,1,2
2026-07-08,Liga de Primera 2026,75,Marcos Arturia,Deportes Limache,1,2
2026-07-08,Liga de Primera 2026,76,Braian Martínez,Everton,1,2
2026-07-08,Liga de Primera 2026,77,Maicol León,Huachipato,1,2
2026-07-08,Liga de Primera 2026,78,Guillermo Guaiquil,Huachipato,1,2
2026-07-08,Liga de Primera 2026,79,Bryan Rabello,O'Higgins,1,2
2026-07-08,Liga de Primera 2026,80,Ian Garguez,Palestino,1,2
2026-07-08,Liga de Primera 2026,81,Jimmy Martínez,Universidad Católica,1,2
2026-07-08,Liga de Primera 2026,82,Diego Corral,Universidad Católica,1,2
2026-07-08,Liga de Primera 2026,83,Fabián Hormazábal,Universidad de Chile,1,2
2026-07-08,Liga de Primera 2026,84,Agustín Urzi,Universidad de Concepción,1,2
2026-07-08,Liga de Primera 2026,85,Federico Mateos,Audax Italiano,1,1
2026-07-08,Liga de Primera 2026,86,Benjamín Valenzuela,Cobresal,1,1
2026-07-08,Liga de Primera 2026,87,Yastin Cuevas,Colo-Colo,1,1
2026-07-08,Liga de Primera 2026,88,Jeyson Rojas,Colo-Colo,1,1
2026-07-08,Liga de Primera 2026,89,Arturo Vidal,Colo-Colo,1,1
2026-07-08,Liga de Primera 2026,90,Martín Mundaca,Coquimbo Unido,1,1
2026-07-08,Liga de Primera 2026,91,Bruno Gutiérrez,Deportes La Serena,1,1
2026-07-08,Liga de Primera 2026,92,Ángelo Henríquez,Deportes La Serena,1,1
2026-07-08,Liga de Primera 2026,93,Joaquín Montecinos,Deportes Limache,1,1
2026-07-08,Liga de Primera 2026,94,Flavio Moya,Deportes Limache,1,1
2026-07-08,Liga de Primera 2026,95,Nicolás Baeza,Everton,1,1
2026-07-08,Liga de Primera 2026,96,Julián Alfaro,Everton,1,1
2026-07-08,Liga de Primera 2026,97,Nicolás Vargas,Huachipato,1,1
2026-07-08,Liga de Primera 2026,98,Claudio Sepúlveda,Huachipato,1,1
2026-07-08,Liga de Primera 2026,99,Ignacio Tapia,Ñublense,1,1
2026-07-08,Liga de Primera 2026,100,Matías Plaza,Ñublense,1,1
2026-07-08,Liga de Primera 2026,101,Felipe Ogaz,O'Higgins,1,1
2026-07-08,Liga de Primera 2026,102,Martín Maturana,O'Higgins,1,1
2026-07-08,Liga de Primera 2026,103,Sebastián Gallegos,Palestino,1,1
2026-07-08,Liga de Primera 2026,104,Dilan Zúñiga,Palestino,1,1
2026-07-08,Liga de Primera 2026,105,Martín Araya,Palestino,1,1
2026-07-08,Liga de Primera 2026,106,Ronnie Fernández,Palestino,1,1
2026-07-08,Liga de Primera 2026,107,Jason León,Palestino,1,1
2026-07-08,Liga de Primera 2026,108,Agustín Arce,Universidad de Chile,1,1
2026-07-08,Liga de Primera 2026,109,Juan Martín Lucero,Universidad de Chile,1,1
2026-07-08,Liga de Primera 2026,110,Ignacio Vásquez,Universidad de Chile,1,1
2026-07-08,Liga de Primera 2026,111,Antonio Díaz,Universidad de Concepción,1,1
2026-07-08,Liga de Primera 2026,112,Michael Vadulli,Audax Italiano,1,0
2026-07-08,Liga de Primera 2026,113,Rodrigo Cabral,Audax Italiano,1,0
2026-07-08,Liga de Primera 2026,114,Enzo Ferrario,Audax Italiano,1,0
2026-07-08,Liga de Primera 2026,115,Marco Collao,Audax Italiano,1,0
2026-07-08,Liga de Primera 2026,116,Vicente Zenteno,Audax Italiano,1,0
2026-07-08,Liga de Primera 2026,117,José Tiznado,Cobresal,1,0
2026-07-08,Liga de Primera 2026,118,Joaquín Sosa,Colo-Colo,1,0
2026-07-08,Liga de Primera 2026,119,Guido Vadalá,Coquimbo Unido,1,0
2026-07-08,Liga de Primera 2026,120,Sebastián Galani,Coquimbo Unido,1,0
2026-07-08,Liga de Primera 2026,121,Lucas Pratto,Coquimbo Unido,1,0
2026-07-08,Liga de Primera 2026,122,Manuel Fernández,Coquimbo Unido,1,0
2026-07-08,Liga de Primera 2026,123,Pablo Rodríguez,Coquimbo Unido,1,0
2026-07-08,Liga de Primera 2026,124,Fausto Grillo,Deportes Concepción,1,0
2026-07-08,Liga de Primera 2026,125,Joaquín Larrivey,Deportes Concepción,1,0
2026-07-08,Liga de Primera 2026,126,Ariel Cáceres,Deportes Concepción,1,0
2026-07-08,Liga de Primera 2026,127,Mario Sandoval,Deportes Concepción,1,0
2026-07-08,Liga de Primera 2026,128,Aldrix Jara,Deportes Concepción,1,0
2026-07-08,Liga de Primera 2026,129,Ethan Espinoza,Deportes Concepción,1,0
2026-07-08,Liga de Primera 2026,130,Sebastián Díaz,Deportes La Serena,1,0
2026-07-08,Liga de Primera 2026,131,Lucas Alarcón,Deportes La Serena,1,0
2026-07-08,Liga de Primera 2026,132,Matías Marín,Deportes La Serena,1,0
2026-07-08,Liga de Primera 2026,133,César Pinares,Deportes Limache,1,0
2026-07-08,Liga de Primera 2026,134,Misael Llantén,Deportes Limache,1,0
2026-07-08,Liga de Primera 2026,135,César Fuentes,Deportes Limache,1,0
2026-07-08,Liga de Primera 2026,136,Ramón Martínez,Deportes Limache,1,0
2026-07-08,Liga de Primera 2026,137,Santiago Londoño,Everton,1,0
2026-07-08,Liga de Primera 2026,138,Renzo Malanca,Huachipato,1,0
2026-07-08,Liga de Primera 2026,139,Santiago Silva,Huachipato,1,0
2026-07-08,Liga de Primera 2026,140,Kevin Altez,Huachipato,1,0
2026-07-08,Liga de Primera 2026,141,Diego Céspedes,Ñublense,1,0
2026-07-08,Liga de Primera 2026,142,Giovanny Ávalos,Ñublense,1,0
2026-07-08,Liga de Primera 2026,143,Lorenzo Reyes,Ñublense,1,0
2026-07-08,Liga de Primera 2026,144,Lucas Molina,Ñublense,1,0
2026-07-08,Liga de Primera 2026,145,Miguel Brizuela,O'Higgins,1,0
2026-07-08,Liga de Primera 2026,146,Bastián Yáñez,O'Higgins,1,0
2026-07-08,Liga de Primera 2026,147,Vicente Espinoza,Palestino,1,0
2026-07-08,Liga de Primera 2026,148,Bayron Oyarzo,Unión La Calera,1,0
2026-07-08,Liga de Primera 2026,149,Francisco Pozzo,Unión La Calera,1,0
2026-07-08,Liga de Primera 2026,150,Juan Ignacio Díaz,Universidad Católica,1,0
2026-07-08,Liga de Primera 2026,151,Branco Ampuero,Universidad Católica,1,0
2026-07-08,Liga de Primera 2026,152,Juan Rossel,Universidad Católica,1,0
2026-07-08,Liga de Primera 2026,153,Matías Zaldivia,Universidad de Chile,1,0
2026-07-08,Liga de Primera 2026,154,Bianneider Tamayo,Universidad de Chile,1,0
2026-07-08,Liga de Primera 2026,155,Daniel Barrea,Universidad de Concepción,1,0
2026-07-08,Liga de Primera 2026,156,Cristhofer Mesías,Universidad de Concepción,1,0
2026-07-08,Liga de Primera 2026,157,Osvaldo González,Universidad de Concepción,1,0
2026-07-09,Liga de Primera 2026,1,Fernando Zampedri,Universidad Católica,15,2
2026-07-09,Liga de Primera 2026,2,Daniel Castro,Deportes Limache,8,5
2026-07-09,Liga de Primera 2026,3,Justo Giani,Universidad Católica,8,3
2026-07-09,Liga de Primera 2026,4,Javier Correa,Colo-Colo,8,2
2026-07-09,Liga de Primera 2026,5,Sebastián Sáez,Unión La Calera,8,1
2026-07-09,Liga de Primera 2026,6,Nelson Da Silva,Palestino,7,2
2026-07-09,Liga de Primera 2026,7,Lionel Altamirano,Huachipato,6,1
2026-07-09,Liga de Primera 2026,8,Steffan Pino,Cobresal,6,0
2026-07-09,Liga de Primera 2026,9,Jean Meneses,Deportes Limache,5,8
2026-07-09,Liga de Primera 2026,10,Jeisson Vargas,Deportes La Serena,5,5
2026-07-09,Liga de Primera 2026,11,Francisco González,O'Higgins,5,4
2026-07-09,Liga de Primera 2026,12,Maximiliano Romero,Colo-Colo,5,1
2026-07-09,Liga de Primera 2026,13,Eduardo Vargas,Universidad de Chile,5,1
2026-07-09,Liga de Primera 2026,14,Nicolás Johansen,Coquimbo Unido,5,0
2026-07-09,Liga de Primera 2026,15,Kevin Méndez,Unión La Calera,4,6
2026-07-09,Liga de Primera 2026,16,Leonardo Valencia,Deportes Concepción,4,2
2026-07-09,Liga de Primera 2026,17,Thiago Vecino,O'Higgins,4,1
2026-07-09,Liga de Primera 2026,18,Felipe Chamorro,Deportes La Serena,4,0
2026-07-09,Liga de Primera 2026,19,Gonzalo Sosa,Deportes Limache,4,0
2026-07-09,Liga de Primera 2026,20,Ignacio Jeraldino,Ñublense,4,0
2026-07-09,Liga de Primera 2026,21,Clemente Montes,Universidad Católica,3,4
2026-07-09,Liga de Primera 2026,22,Diego Rubio,Deportes La Serena,3,3
2026-07-09,Liga de Primera 2026,23,Giovani Chiaverano,Audax Italiano,3,2
2026-07-09,Liga de Primera 2026,24,Lautaro Pastrán,Colo-Colo,3,2
2026-07-09,Liga de Primera 2026,25,Julián Brea,Cobresal,3,1
2026-07-09,Liga de Primera 2026,26,Alan Medina,Everton,3,1
2026-07-09,Liga de Primera 2026,27,Lucas Soto,Everton,3,1
2026-07-09,Liga de Primera 2026,28,Cris Martínez,Huachipato,3,1
2026-07-09,Liga de Primera 2026,29,Cecilio Waterman,Universidad de Concepción,3,1
2026-07-09,Liga de Primera 2026,30,Franco Troyansky,Audax Italiano,3,0
2026-07-09,Liga de Primera 2026,31,Diego Coelho,Audax Italiano,3,0
2026-07-09,Liga de Primera 2026,32,Alejandro Camargo,Coquimbo Unido,3,0
2026-07-09,Liga de Primera 2026,33,Vicente Álvarez,Deportes Limache,3,0
2026-07-09,Liga de Primera 2026,34,Cristian Palacios,Everton,3,0
2026-07-09,Liga de Primera 2026,35,Maximiliano Gutiérrez,Huachipato,3,0
2026-07-09,Liga de Primera 2026,36,Franco Rami,Ñublense,3,0
2026-07-09,Liga de Primera 2026,37,Arnaldo Castillo,O'Higgins,3,0
2026-07-09,Liga de Primera 2026,38,Matías Palavecino,Universidad Católica,2,5
2026-07-09,Liga de Primera 2026,39,Claudio Aquino,Colo-Colo,2,3
2026-07-09,Liga de Primera 2026,40,Leandro Hernández,Colo-Colo,2,2
2026-07-09,Liga de Primera 2026,41,Cristián Zavala,Coquimbo Unido,2,2
2026-07-09,Liga de Primera 2026,42,Mario Briceño,Huachipato,2,2
2026-07-09,Liga de Primera 2026,43,Gabriel Graciani,Ñublense,2,2
2026-07-09,Liga de Primera 2026,44,César Munder,Palestino,2,2
2026-07-09,Liga de Primera 2026,45,Maximiliano Guerrero,Universidad de Chile,2,2
2026-07-09,Liga de Primera 2026,46,Víctor Méndez,Colo-Colo,2,1
2026-07-09,Liga de Primera 2026,47,Alejandro Azócar,Coquimbo Unido,2,1
2026-07-09,Liga de Primera 2026,48,Yerko González,Deportes Limache,2,1
2026-07-09,Liga de Primera 2026,49,Martín Sarrafiore,O'Higgins,2,1
2026-07-09,Liga de Primera 2026,50,Bryan Carrasco,Palestino,2,1
2026-07-09,Liga de Primera 2026,51,Agustín Nadruz,Cobresal,2,0
2026-07-09,Liga de Primera 2026,52,Franco Frías,Cobresal,2,0
2026-07-09,Liga de Primera 2026,53,Álvaro Madrid,Colo-Colo,2,0
2026-07-09,Liga de Primera 2026,54,Jorge Henríquez,Deportes Concepción,2,0
2026-07-09,Liga de Primera 2026,55,Ignacio Mesías,Deportes Concepción,2,0
2026-07-09,Liga de Primera 2026,56,Nicolás Stefanelli,Deportes La Serena,2,0
2026-07-09,Liga de Primera 2026,57,Gonzalo Escalante,Deportes La Serena,2,0
2026-07-09,Liga de Primera 2026,58,Nicolás Montiel,Everton,2,0
2026-07-09,Liga de Primera 2026,59,Diego Sanhueza,Ñublense,2,0
2026-07-09,Liga de Primera 2026,60,Francisco Montes,Palestino,2,0
2026-07-09,Liga de Primera 2026,61,Gonzalo Tapia,Palestino,2,0
2026-07-09,Liga de Primera 2026,62,Matías Campos López,Unión La Calera,2,0
2026-07-09,Liga de Primera 2026,63,Rodrigo Cáseres,Unión La Calera,2,0
2026-07-09,Liga de Primera 2026,64,Javier Altamirano,Universidad de Chile,2,0
2026-07-09,Liga de Primera 2026,65,Nicolás Ramírez,Universidad de Chile,2,0
2026-07-09,Liga de Primera 2026,66,Luis Rojas,Universidad de Concepción,2,0
2026-07-09,Liga de Primera 2026,67,Jeison Fuentealba,Universidad de Concepción,2,0
2026-07-09,Liga de Primera 2026,68,Bryan Carvallo,Cobresal,1,5
2026-07-09,Liga de Primera 2026,69,Cristián Cuevas,Universidad Católica,1,5
2026-07-09,Liga de Primera 2026,70,Esteban Matus,Audax Italiano,1,3
2026-07-09,Liga de Primera 2026,71,Luis Riveros,Coquimbo Unido,1,3
2026-07-09,Liga de Primera 2026,72,Maximiliano Rodríguez,Huachipato,1,3
2026-07-09,Liga de Primera 2026,73,Julián Fernández,Palestino,1,3
2026-07-09,Liga de Primera 2026,74,Guillermo Pacheco,Cobresal,1,2
2026-07-09,Liga de Primera 2026,75,Marcos Arturia,Deportes Limache,1,2
2026-07-09,Liga de Primera 2026,76,Braian Martínez,Everton,1,2
2026-07-09,Liga de Primera 2026,77,Maicol León,Huachipato,1,2
2026-07-09,Liga de Primera 2026,78,Guillermo Guaiquil,Huachipato,1,2
2026-07-09,Liga de Primera 2026,79,Bryan Rabello,O'Higgins,1,2
2026-07-09,Liga de Primera 2026,80,Ian Garguez,Palestino,1,2
2026-07-09,Liga de Primera 2026,81,Jimmy Martínez,Universidad Católica,1,2
2026-07-09,Liga de Primera 2026,82,Diego Corral,Universidad Católica,1,2
2026-07-09,Liga de Primera 2026,83,Fabián Hormazábal,Universidad de Chile,1,2
2026-07-09,Liga de Primera 2026,84,Agustín Urzi,Universidad de Concepción,1,2
2026-07-09,Liga de Primera 2026,85,Federico Mateos,Audax Italiano,1,1
2026-07-09,Liga de Primera 2026,86,Benjamín Valenzuela,Cobresal,1,1
2026-07-09,Liga de Primera 2026,87,Yastin Cuevas,Colo-Colo,1,1
2026-07-09,Liga de Primera 2026,88,Jeyson Rojas,Colo-Colo,1,1
2026-07-09,Liga de Primera 2026,89,Arturo Vidal,Colo-Colo,1,1
2026-07-09,Liga de Primera 2026,90,Martín Mundaca,Coquimbo Unido,1,1
2026-07-09,Liga de Primera 2026,91,Bruno Gutiérrez,Deportes La Serena,1,1
2026-07-09,Liga de Primera 2026,92,Ángelo Henríquez,Deportes La Serena,1,1
2026-07-09,Liga de Primera 2026,93,Joaquín Montecinos,Deportes Limache,1,1
2026-07-09,Liga de Primera 2026,94,Flavio Moya,Deportes Limache,1,1
2026-07-09,Liga de Primera 2026,95,Nicolás Baeza,Everton,1,1
2026-07-09,Liga de Primera 2026,96,Julián Alfaro,Everton,1,1
2026-07-09,Liga de Primera 2026,97,Nicolás Vargas,Huachipato,1,1
2026-07-09,Liga de Primera 2026,98,Claudio Sepúlveda,Huachipato,1,1
2026-07-09,Liga de Primera 2026,99,Ignacio Tapia,Ñublense,1,1
2026-07-09,Liga de Primera 2026,100,Matías Plaza,Ñublense,1,1
2026-07-09,Liga de Primera 2026,101,Felipe Ogaz,O'Higgins,1,1
2026-07-09,Liga de Primera 2026,102,Martín Maturana,O'Higgins,1,1
2026-07-09,Liga de Primera 2026,103,Sebastián Gallegos,Palestino,1,1
2026-07-09,Liga de Primera 2026,104,Dilan Zúñiga,Palestino,1,1
2026-07-09,Liga de Primera 2026,105,Martín Araya,Palestino,1,1
2026-07-09,Liga de Primera 2026,106,Ronnie Fernández,Palestino,1,1
2026-07-09,Liga de Primera 2026,107,Jason León,Palestino,1,1
2026-07-09,Liga de Primera 2026,108,Agustín Arce,Universidad de Chile,1,1
2026-07-09,Liga de Primera 2026,109,Juan Martín Lucero,Universidad de Chile,1,1
2026-07-09,Liga de Primera 2026,110,Ignacio Vásquez,Universidad de Chile,1,1
2026-07-09,Liga de Primera 2026,111,Antonio Díaz,Universidad de Concepción,1,1
2026-07-09,Liga de Primera 2026,112,Michael Vadulli,Audax Italiano,1,0
2026-07-09,Liga de Primera 2026,113,Rodrigo Cabral,Audax Italiano,1,0
2026-07-09,Liga de Primera 2026,114,Enzo Ferrario,Audax Italiano,1,0
2026-07-09,Liga de Primera 2026,115,Marco Collao,Audax Italiano,1,0
2026-07-09,Liga de Primera 2026,116,Vicente Zenteno,Audax Italiano,1,0
2026-07-09,Liga de Primera 2026,117,José Tiznado,Cobresal,1,0
2026-07-09,Liga de Primera 2026,118,Joaquín Sosa,Colo-Colo,1,0
2026-07-09,Liga de Primera 2026,119,Guido Vadalá,Coquimbo Unido,1,0
2026-07-09,Liga de Primera 2026,120,Sebastián Galani,Coquimbo Unido,1,0
2026-07-09,Liga de Primera 2026,121,Lucas Pratto,Coquimbo Unido,1,0
2026-07-09,Liga de Primera 2026,122,Manuel Fernández,Coquimbo Unido,1,0
2026-07-09,Liga de Primera 2026,123,Pablo Rodríguez,Coquimbo Unido,1,0
2026-07-09,Liga de Primera 2026,124,Fausto Grillo,Deportes Concepción,1,0
2026-07-09,Liga de Primera 2026,125,Joaquín Larrivey,Deportes Concepción,1,0
2026-07-09,Liga de Primera 2026,126,Ariel Cáceres,Deportes Concepción,1,0
2026-07-09,Liga de Primera 2026,127,Mario Sandoval,Deportes Concepción,1,0
2026-07-09,Liga de Primera 2026,128,Aldrix Jara,Deportes Concepción,1,0
2026-07-09,Liga de Primera 2026,129,Ethan Espinoza,Deportes Concepción,1,0
2026-07-09,Liga de Primera 2026,130,Sebastián Díaz,Deportes La Serena,1,0
2026-07-09,Liga de Primera 2026,131,Lucas Alarcón,Deportes La Serena,1,0
2026-07-09,Liga de Primera 2026,132,Matías Marín,Deportes La Serena,1,0
2026-07-09,Liga de Primera 2026,133,César Pinares,Deportes Limache,1,0
2026-07-09,Liga de Primera 2026,134,Misael Llantén,Deportes Limache,1,0
2026-07-09,Liga de Primera 2026,135,César Fuentes,Deportes Limache,1,0
2026-07-09,Liga de Primera 2026,136,Ramón Martínez,Deportes Limache,1,0
2026-07-09,Liga de Primera 2026,137,Santiago Londoño,Everton,1,0
2026-07-09,Liga de Primera 2026,138,Renzo Malanca,Huachipato,1,0
2026-07-09,Liga de Primera 2026,139,Santiago Silva,Huachipato,1,0
2026-07-09,Liga de Primera 2026,140,Kevin Altez,Huachipato,1,0
2026-07-09,Liga de Primera 2026,141,Diego Céspedes,Ñublense,1,0
2026-07-09,Liga de Primera 2026,142,Giovanny Ávalos,Ñublense,1,0
2026-07-09,Liga de Primera 2026,143,Lorenzo Reyes,Ñublense,1,0
2026-07-09,Liga de Primera 2026,144,Lucas Molina,Ñublense,1,0
2026-07-09,Liga de Primera 2026,145,Miguel Brizuela,O'Higgins,1,0
2026-07-09,Liga de Primera 2026,146,Bastián Yáñez,O'Higgins,1,0
2026-07-09,Liga de Primera 2026,147,Vicente Espinoza,Palestino,1,0
2026-07-09,Liga de Primera 2026,148,Bayron Oyarzo,Unión La Calera,1,0
2026-07-09,Liga de Primera 2026,149,Francisco Pozzo,Unión La Calera,1,0
2026-07-09,Liga de Primera 2026,150,Juan Ignacio Díaz,Universidad Católica,1,0
2026-07-09,Liga de Primera 2026,151,Branco Ampuero,Universidad Católica,1,0
2026-07-09,Liga de Primera 2026,152,Juan Rossel,Universidad Católica,1,0
2026-07-09,Liga de Primera 2026,153,Matías Zaldivia,Universidad de Chile,1,0
2026-07-09,Liga de Primera 2026,154,Bianneider Tamayo,Universidad de Chile,1,0
2026-07-09,Liga de Primera 2026,155,Daniel Barrea,Universidad de Concepción,1,0
2026-07-09,Liga de Primera 2026,156,Cristhofer Mesías,Universidad de Concepción,1,0
2026-07-09,Liga de Primera 2026,157,Osvaldo González,Universidad de Concepción,1,0
2026-07-10,Liga de Primera 2026,1,Fernando Zampedri,Universidad Católica,15,2
2026-07-10,Liga de Primera 2026,2,Daniel Castro,Deportes Limache,8,5
2026-07-10,Liga de Primera 2026,3,Justo Giani,Universidad Católica,8,3
2026-07-10,Liga de Primera 2026,4,Javier Correa,Colo-Colo,8,2
2026-07-10,Liga de Primera 2026,5,Sebastián Sáez,Unión La Calera,8,1
2026-07-10,Liga de Primera 2026,6,Nelson Da Silva,Palestino,7,2
2026-07-10,Liga de Primera 2026,7,Lionel Altamirano,Huachipato,6,1
2026-07-10,Liga de Primera 2026,8,Steffan Pino,Cobresal,6,0
2026-07-10,Liga de Primera 2026,9,Jean Meneses,Deportes Limache,5,8
2026-07-10,Liga de Primera 2026,10,Jeisson Vargas,Deportes La Serena,5,5
2026-07-10,Liga de Primera 2026,11,Francisco González,O'Higgins,5,4
2026-07-10,Liga de Primera 2026,12,Maximiliano Romero,Colo-Colo,5,1
2026-07-10,Liga de Primera 2026,13,Eduardo Vargas,Universidad de Chile,5,1
2026-07-10,Liga de Primera 2026,14,Nicolás Johansen,Coquimbo Unido,5,0
2026-07-10,Liga de Primera 2026,15,Kevin Méndez,Unión La Calera,4,6
2026-07-10,Liga de Primera 2026,16,Leonardo Valencia,Deportes Concepción,4,2
2026-07-10,Liga de Primera 2026,17,Thiago Vecino,O'Higgins,4,1
2026-07-10,Liga de Primera 2026,18,Felipe Chamorro,Deportes La Serena,4,0
2026-07-10,Liga de Primera 2026,19,Gonzalo Sosa,Deportes Limache,4,0
2026-07-10,Liga de Primera 2026,20,Ignacio Jeraldino,Ñublense,4,0
2026-07-10,Liga de Primera 2026,21,Clemente Montes,Universidad Católica,3,4
2026-07-10,Liga de Primera 2026,22,Diego Rubio,Deportes La Serena,3,3
2026-07-10,Liga de Primera 2026,23,Giovani Chiaverano,Audax Italiano,3,2
2026-07-10,Liga de Primera 2026,24,Lautaro Pastrán,Colo-Colo,3,2
2026-07-10,Liga de Primera 2026,25,Julián Brea,Cobresal,3,1
2026-07-10,Liga de Primera 2026,26,Alan Medina,Everton,3,1
2026-07-10,Liga de Primera 2026,27,Lucas Soto,Everton,3,1
2026-07-10,Liga de Primera 2026,28,Cris Martínez,Huachipato,3,1
2026-07-10,Liga de Primera 2026,29,Cecilio Waterman,Universidad de Concepción,3,1
2026-07-10,Liga de Primera 2026,30,Franco Troyansky,Audax Italiano,3,0
2026-07-10,Liga de Primera 2026,31,Diego Coelho,Audax Italiano,3,0
2026-07-10,Liga de Primera 2026,32,Alejandro Camargo,Coquimbo Unido,3,0
2026-07-10,Liga de Primera 2026,33,Vicente Álvarez,Deportes Limache,3,0
2026-07-10,Liga de Primera 2026,34,Cristian Palacios,Everton,3,0
2026-07-10,Liga de Primera 2026,35,Maximiliano Gutiérrez,Huachipato,3,0
2026-07-10,Liga de Primera 2026,36,Franco Rami,Ñublense,3,0
2026-07-10,Liga de Primera 2026,37,Arnaldo Castillo,O'Higgins,3,0
2026-07-10,Liga de Primera 2026,38,Matías Palavecino,Universidad Católica,2,5
2026-07-10,Liga de Primera 2026,39,Claudio Aquino,Colo-Colo,2,3
2026-07-10,Liga de Primera 2026,40,Leandro Hernández,Colo-Colo,2,2
2026-07-10,Liga de Primera 2026,41,Cristián Zavala,Coquimbo Unido,2,2
2026-07-10,Liga de Primera 2026,42,Mario Briceño,Huachipato,2,2
2026-07-10,Liga de Primera 2026,43,Gabriel Graciani,Ñublense,2,2
2026-07-10,Liga de Primera 2026,44,César Munder,Palestino,2,2
2026-07-10,Liga de Primera 2026,45,Maximiliano Guerrero,Universidad de Chile,2,2
2026-07-10,Liga de Primera 2026,46,Víctor Méndez,Colo-Colo,2,1
2026-07-10,Liga de Primera 2026,47,Alejandro Azócar,Coquimbo Unido,2,1
2026-07-10,Liga de Primera 2026,48,Yerko González,Deportes Limache,2,1
2026-07-10,Liga de Primera 2026,49,Martín Sarrafiore,O'Higgins,2,1
2026-07-10,Liga de Primera 2026,50,Bryan Carrasco,Palestino,2,1
2026-07-10,Liga de Primera 2026,51,Agustín Nadruz,Cobresal,2,0
2026-07-10,Liga de Primera 2026,52,Franco Frías,Cobresal,2,0
2026-07-10,Liga de Primera 2026,53,Álvaro Madrid,Colo-Colo,2,0
2026-07-10,Liga de Primera 2026,54,Jorge Henríquez,Deportes Concepción,2,0
2026-07-10,Liga de Primera 2026,55,Ignacio Mesías,Deportes Concepción,2,0
2026-07-10,Liga de Primera 2026,56,Nicolás Stefanelli,Deportes La Serena,2,0
2026-07-10,Liga de Primera 2026,57,Gonzalo Escalante,Deportes La Serena,2,0
2026-07-10,Liga de Primera 2026,58,Nicolás Montiel,Everton,2,0
2026-07-10,Liga de Primera 2026,59,Diego Sanhueza,Ñublense,2,0
2026-07-10,Liga de Primera 2026,60,Francisco Montes,Palestino,2,0
2026-07-10,Liga de Primera 2026,61,Gonzalo Tapia,Palestino,2,0
2026-07-10,Liga de Primera 2026,62,Matías Campos López,Unión La Calera,2,0
2026-07-10,Liga de Primera 2026,63,Rodrigo Cáseres,Unión La Calera,2,0
2026-07-10,Liga de Primera 2026,64,Javier Altamirano,Universidad de Chile,2,0
2026-07-10,Liga de Primera 2026,65,Nicolás Ramírez,Universidad de Chile,2,0
2026-07-10,Liga de Primera 2026,66,Luis Rojas,Universidad de Concepción,2,0
2026-07-10,Liga de Primera 2026,67,Jeison Fuentealba,Universidad de Concepción,2,0
2026-07-10,Liga de Primera 2026,68,Bryan Carvallo,Cobresal,1,5
2026-07-10,Liga de Primera 2026,69,Cristián Cuevas,Universidad Católica,1,5
2026-07-10,Liga de Primera 2026,70,Esteban Matus,Audax Italiano,1,3
2026-07-10,Liga de Primera 2026,71,Luis Riveros,Coquimbo Unido,1,3
2026-07-10,Liga de Primera 2026,72,Maximiliano Rodríguez,Huachipato,1,3
2026-07-10,Liga de Primera 2026,73,Julián Fernández,Palestino,1,3
2026-07-10,Liga de Primera 2026,74,Guillermo Pacheco,Cobresal,1,2
2026-07-10,Liga de Primera 2026,75,Marcos Arturia,Deportes Limache,1,2
2026-07-10,Liga de Primera 2026,76,Braian Martínez,Everton,1,2
2026-07-10,Liga de Primera 2026,77,Maicol León,Huachipato,1,2
2026-07-10,Liga de Primera 2026,78,Guillermo Guaiquil,Huachipato,1,2
2026-07-10,Liga de Primera 2026,79,Bryan Rabello,O'Higgins,1,2
2026-07-10,Liga de Primera 2026,80,Ian Garguez,Palestino,1,2
2026-07-10,Liga de Primera 2026,81,Jimmy Martínez,Universidad Católica,1,2
2026-07-10,Liga de Primera 2026,82,Diego Corral,Universidad Católica,1,2
2026-07-10,Liga de Primera 2026,83,Fabián Hormazábal,Universidad de Chile,1,2
2026-07-10,Liga de Primera 2026,84,Agustín Urzi,Universidad de Concepción,1,2
2026-07-10,Liga de Primera 2026,85,Federico Mateos,Audax Italiano,1,1
2026-07-10,Liga de Primera 2026,86,Benjamín Valenzuela,Cobresal,1,1
2026-07-10,Liga de Primera 2026,87,Yastin Cuevas,Colo-Colo,1,1
2026-07-10,Liga de Primera 2026,88,Jeyson Rojas,Colo-Colo,1,1
2026-07-10,Liga de Primera 2026,89,Arturo Vidal,Colo-Colo,1,1
2026-07-10,Liga de Primera 2026,90,Martín Mundaca,Coquimbo Unido,1,1
2026-07-10,Liga de Primera 2026,91,Bruno Gutiérrez,Deportes La Serena,1,1
2026-07-10,Liga de Primera 2026,92,Ángelo Henríquez,Deportes La Serena,1,1
2026-07-10,Liga de Primera 2026,93,Joaquín Montecinos,Deportes Limache,1,1
2026-07-10,Liga de Primera 2026,94,Flavio Moya,Deportes Limache,1,1
2026-07-10,Liga de Primera 2026,95,Nicolás Baeza,Everton,1,1
2026-07-10,Liga de Primera 2026,96,Julián Alfaro,Everton,1,1
2026-07-10,Liga de Primera 2026,97,Nicolás Vargas,Huachipato,1,1
2026-07-10,Liga de Primera 2026,98,Claudio Sepúlveda,Huachipato,1,1
2026-07-10,Liga de Primera 2026,99,Ignacio Tapia,Ñublense,1,1
2026-07-10,Liga de Primera 2026,100,Matías Plaza,Ñublense,1,1
2026-07-10,Liga de Primera 2026,101,Felipe Ogaz,O'Higgins,1,1
2026-07-10,Liga de Primera 2026,102,Martín Maturana,O'Higgins,1,1
2026-07-10,Liga de Primera 2026,103,Sebastián Gallegos,Palestino,1,1
2026-07-10,Liga de Primera 2026,104,Dilan Zúñiga,Palestino,1,1
2026-07-10,Liga de Primera 2026,105,Martín Araya,Palestino,1,1
2026-07-10,Liga de Primera 2026,106,Ronnie Fernández,Palestino,1,1
2026-07-10,Liga de Primera 2026,107,Jason León,Palestino,1,1
2026-07-10,Liga de Primera 2026,108,Agustín Arce,Universidad de Chile,1,1
2026-07-10,Liga de Primera 2026,109,Juan Martín Lucero,Universidad de Chile,1,1
2026-07-10,Liga de Primera 2026,110,Ignacio Vásquez,Universidad de Chile,1,1
2026-07-10,Liga de Primera 2026,111,Antonio Díaz,Universidad de Concepción,1,1
2026-07-10,Liga de Primera 2026,112,Michael Vadulli,Audax Italiano,1,0
2026-07-10,Liga de Primera 2026,113,Rodrigo Cabral,Audax Italiano,1,0
2026-07-10,Liga de Primera 2026,114,Enzo Ferrario,Audax Italiano,1,0
2026-07-10,Liga de Primera 2026,115,Marco Collao,Audax Italiano,1,0
2026-07-10,Liga de Primera 2026,116,Vicente Zenteno,Audax Italiano,1,0
2026-07-10,Liga de Primera 2026,117,José Tiznado,Cobresal,1,0
2026-07-10,Liga de Primera 2026,118,Joaquín Sosa,Colo-Colo,1,0
2026-07-10,Liga de Primera 2026,119,Guido Vadalá,Coquimbo Unido,1,0
2026-07-10,Liga de Primera 2026,120,Sebastián Galani,Coquimbo Unido,1,0
2026-07-10,Liga de Primera 2026,121,Lucas Pratto,Coquimbo Unido,1,0
2026-07-10,Liga de Primera 2026,122,Manuel Fernández,Coquimbo Unido,1,0
2026-07-10,Liga de Primera 2026,123,Pablo Rodríguez,Coquimbo Unido,1,0
2026-07-10,Liga de Primera 2026,124,Fausto Grillo,Deportes Concepción,1,0
2026-07-10,Liga de Primera 2026,125,Joaquín Larrivey,Deportes Concepción,1,0
2026-07-10,Liga de Primera 2026,126,Ariel Cáceres,Deportes Concepción,1,0
2026-07-10,Liga de Primera 2026,127,Mario Sandoval,Deportes Concepción,1,0
2026-07-10,Liga de Primera 2026,128,Aldrix Jara,Deportes Concepción,1,0
2026-07-10,Liga de Primera 2026,129,Ethan Espinoza,Deportes Concepción,1,0
2026-07-10,Liga de Primera 2026,130,Sebastián Díaz,Deportes La Serena,1,0
2026-07-10,Liga de Primera 2026,131,Lucas Alarcón,Deportes La Serena,1,0
2026-07-10,Liga de Primera 2026,132,Matías Marín,Deportes La Serena,1,0
2026-07-10,Liga de Primera 2026,133,César Pinares,Deportes Limache,1,0
2026-07-10,Liga de Primera 2026,134,Misael Llantén,Deportes Limache,1,0
2026-07-10,Liga de Primera 2026,135,César Fuentes,Deportes Limache,1,0
2026-07-10,Liga de Primera 2026,136,Ramón Martínez,Deportes Limache,1,0
2026-07-10,Liga de Primera 2026,137,Santiago Londoño,Everton,1,0
2026-07-10,Liga de Primera 2026,138,Renzo Malanca,Huachipato,1,0
2026-07-10,Liga de Primera 2026,139,Santiago Silva,Huachipato,1,0
2026-07-10,Liga de Primera 2026,140,Kevin Altez,Huachipato,1,0
2026-07-10,Liga de Primera 2026,141,Diego Céspedes,Ñublense,1,0
2026-07-10,Liga de Primera 2026,142,Giovanny Ávalos,Ñublense,1,0
2026-07-10,Liga de Primera 2026,143,Lorenzo Reyes,Ñublense,1,0
2026-07-10,Liga de Primera 2026,144,Lucas Molina,Ñublense,1,0
2026-07-10,Liga de Primera 2026,145,Miguel Brizuela,O'Higgins,1,0
2026-07-10,Liga de Primera 2026,146,Bastián Yáñez,O'Higgins,1,0
2026-07-10,Liga de Primera 2026,147,Vicente Espinoza,Palestino,1,0
2026-07-10,Liga de Primera 2026,148,Bayron Oyarzo,Unión La Calera,1,0
2026-07-10,Liga de Primera 2026,149,Francisco Pozzo,Unión La Calera,1,0
2026-07-10,Liga de Primera 2026,150,Juan Ignacio Díaz,Universidad Católica,1,0
2026-07-10,Liga de Primera 2026,151,Branco Ampuero,Universidad Católica,1,0
2026-07-10,Liga de Primera 2026,152,Juan Rossel,Universidad Católica,1,0
2026-07-10,Liga de Primera 2026,153,Matías Zaldivia,Universidad de Chile,1,0
2026-07-10,Liga de Primera 2026,154,Bianneider Tamayo,Universidad de Chile,1,0
2026-07-10,Liga de Primera 2026,155,Daniel Barrea,Universidad de Concepción,1,0
2026-07-10,Liga de Primera 2026,156,Cristhofer Mesías,Universidad de Concepción,1,0
2026-07-10,Liga de Primera 2026,157,Osvaldo González,Universidad de Concepción,1,0
2026-07-11,Liga de Primera 2026,1,Fernando Zampedri,Universidad Católica,15,2
2026-07-11,Liga de Primera 2026,2,Daniel Castro,Deportes Limache,8,5
2026-07-11,Liga de Primera 2026,3,Justo Giani,Universidad Católica,8,3
2026-07-11,Liga de Primera 2026,4,Javier Correa,Colo-Colo,8,2
2026-07-11,Liga de Primera 2026,5,Sebastián Sáez,Unión La Calera,8,1
2026-07-11,Liga de Primera 2026,6,Nelson Da Silva,Palestino,7,2
2026-07-11,Liga de Primera 2026,7,Lionel Altamirano,Huachipato,6,1
2026-07-11,Liga de Primera 2026,8,Steffan Pino,Cobresal,6,0
2026-07-11,Liga de Primera 2026,9,Jean Meneses,Deportes Limache,5,8
2026-07-11,Liga de Primera 2026,10,Jeisson Vargas,Deportes La Serena,5,5
2026-07-11,Liga de Primera 2026,11,Francisco González,O'Higgins,5,4
2026-07-11,Liga de Primera 2026,12,Maximiliano Romero,Colo-Colo,5,1
2026-07-11,Liga de Primera 2026,13,Eduardo Vargas,Universidad de Chile,5,1
2026-07-11,Liga de Primera 2026,14,Nicolás Johansen,Coquimbo Unido,5,0
2026-07-11,Liga de Primera 2026,15,Kevin Méndez,Unión La Calera,4,6
2026-07-11,Liga de Primera 2026,16,Leonardo Valencia,Deportes Concepción,4,2
2026-07-11,Liga de Primera 2026,17,Thiago Vecino,O'Higgins,4,1
2026-07-11,Liga de Primera 2026,18,Felipe Chamorro,Deportes La Serena,4,0
2026-07-11,Liga de Primera 2026,19,Gonzalo Sosa,Deportes Limache,4,0
2026-07-11,Liga de Primera 2026,20,Ignacio Jeraldino,Ñublense,4,0
2026-07-11,Liga de Primera 2026,21,Clemente Montes,Universidad Católica,3,4
2026-07-11,Liga de Primera 2026,22,Diego Rubio,Deportes La Serena,3,3
2026-07-11,Liga de Primera 2026,23,Giovani Chiaverano,Audax Italiano,3,2
2026-07-11,Liga de Primera 2026,24,Lautaro Pastrán,Colo-Colo,3,2
2026-07-11,Liga de Primera 2026,25,Julián Brea,Cobresal,3,1
2026-07-11,Liga de Primera 2026,26,Alan Medina,Everton,3,1
2026-07-11,Liga de Primera 2026,27,Lucas Soto,Everton,3,1
2026-07-11,Liga de Primera 2026,28,Cris Martínez,Huachipato,3,1
2026-07-11,Liga de Primera 2026,29,Cecilio Waterman,Universidad de Concepción,3,1
2026-07-11,Liga de Primera 2026,30,Franco Troyansky,Audax Italiano,3,0
2026-07-11,Liga de Primera 2026,31,Diego Coelho,Audax Italiano,3,0
2026-07-11,Liga de Primera 2026,32,Alejandro Camargo,Coquimbo Unido,3,0
2026-07-11,Liga de Primera 2026,33,Vicente Álvarez,Deportes Limache,3,0
2026-07-11,Liga de Primera 2026,34,Cristian Palacios,Everton,3,0
2026-07-11,Liga de Primera 2026,35,Maximiliano Gutiérrez,Huachipato,3,0
2026-07-11,Liga de Primera 2026,36,Franco Rami,Ñublense,3,0
2026-07-11,Liga de Primera 2026,37,Arnaldo Castillo,O'Higgins,3,0
2026-07-11,Liga de Primera 2026,38,Matías Palavecino,Universidad Católica,2,5
2026-07-11,Liga de Primera 2026,39,Claudio Aquino,Colo-Colo,2,3
2026-07-11,Liga de Primera 2026,40,Leandro Hernández,Colo-Colo,2,2
2026-07-11,Liga de Primera 2026,41,Cristián Zavala,Coquimbo Unido,2,2
2026-07-11,Liga de Primera 2026,42,Mario Briceño,Huachipato,2,2
2026-07-11,Liga de Primera 2026,43,Gabriel Graciani,Ñublense,2,2
2026-07-11,Liga de Primera 2026,44,César Munder,Palestino,2,2
2026-07-11,Liga de Primera 2026,45,Maximiliano Guerrero,Universidad de Chile,2,2
2026-07-11,Liga de Primera 2026,46,Víctor Méndez,Colo-Colo,2,1
2026-07-11,Liga de Primera 2026,47,Alejandro Azócar,Coquimbo Unido,2,1
2026-07-11,Liga de Primera 2026,48,Yerko González,Deportes Limache,2,1
2026-07-11,Liga de Primera 2026,49,Martín Sarrafiore,O'Higgins,2,1
2026-07-11,Liga de Primera 2026,50,Bryan Carrasco,Palestino,2,1
2026-07-11,Liga de Primera 2026,51,Agustín Nadruz,Cobresal,2,0
2026-07-11,Liga de Primera 2026,52,Franco Frías,Cobresal,2,0
2026-07-11,Liga de Primera 2026,53,Álvaro Madrid,Colo-Colo,2,0
2026-07-11,Liga de Primera 2026,54,Jorge Henríquez,Deportes Concepción,2,0
2026-07-11,Liga de Primera 2026,55,Ignacio Mesías,Deportes Concepción,2,0
2026-07-11,Liga de Primera 2026,56,Nicolás Stefanelli,Deportes La Serena,2,0
2026-07-11,Liga de Primera 2026,57,Gonzalo Escalante,Deportes La Serena,2,0
2026-07-11,Liga de Primera 2026,58,Nicolás Montiel,Everton,2,0
2026-07-11,Liga de Primera 2026,59,Diego Sanhueza,Ñublense,2,0
2026-07-11,Liga de Primera 2026,60,Francisco Montes,Palestino,2,0
2026-07-11,Liga de Primera 2026,61,Gonzalo Tapia,Palestino,2,0
2026-07-11,Liga de Primera 2026,62,Matías Campos López,Unión La Calera,2,0
2026-07-11,Liga de Primera 2026,63,Rodrigo Cáseres,Unión La Calera,2,0
2026-07-11,Liga de Primera 2026,64,Javier Altamirano,Universidad de Chile,2,0
2026-07-11,Liga de Primera 2026,65,Nicolás Ramírez,Universidad de Chile,2,0
2026-07-11,Liga de Primera 2026,66,Luis Rojas,Universidad de Concepción,2,0
2026-07-11,Liga de Primera 2026,67,Jeison Fuentealba,Universidad de Concepción,2,0
2026-07-11,Liga de Primera 2026,68,Bryan Carvallo,Cobresal,1,5
2026-07-11,Liga de Primera 2026,69,Cristián Cuevas,Universidad Católica,1,5
2026-07-11,Liga de Primera 2026,70,Esteban Matus,Audax Italiano,1,3
2026-07-11,Liga de Primera 2026,71,Luis Riveros,Coquimbo Unido,1,3
2026-07-11,Liga de Primera 2026,72,Maximiliano Rodríguez,Huachipato,1,3
2026-07-11,Liga de Primera 2026,73,Julián Fernández,Palestino,1,3
2026-07-11,Liga de Primera 2026,74,Guillermo Pacheco,Cobresal,1,2
2026-07-11,Liga de Primera 2026,75,Marcos Arturia,Deportes Limache,1,2
2026-07-11,Liga de Primera 2026,76,Braian Martínez,Everton,1,2
2026-07-11,Liga de Primera 2026,77,Maicol León,Huachipato,1,2
2026-07-11,Liga de Primera 2026,78,Guillermo Guaiquil,Huachipato,1,2
2026-07-11,Liga de Primera 2026,79,Bryan Rabello,O'Higgins,1,2
2026-07-11,Liga de Primera 2026,80,Ian Garguez,Palestino,1,2
2026-07-11,Liga de Primera 2026,81,Jimmy Martínez,Universidad Católica,1,2
2026-07-11,Liga de Primera 2026,82,Diego Corral,Universidad Católica,1,2
2026-07-11,Liga de Primera 2026,83,Fabián Hormazábal,Universidad de Chile,1,2
2026-07-11,Liga de Primera 2026,84,Agustín Urzi,Universidad de Concepción,1,2
2026-07-11,Liga de Primera 2026,85,Federico Mateos,Audax Italiano,1,1
2026-07-11,Liga de Primera 2026,86,Benjamín Valenzuela,Cobresal,1,1
2026-07-11,Liga de Primera 2026,87,Yastin Cuevas,Colo-Colo,1,1
2026-07-11,Liga de Primera 2026,88,Jeyson Rojas,Colo-Colo,1,1
2026-07-11,Liga de Primera 2026,89,Arturo Vidal,Colo-Colo,1,1
2026-07-11,Liga de Primera 2026,90,Martín Mundaca,Coquimbo Unido,1,1
2026-07-11,Liga de Primera 2026,91,Bruno Gutiérrez,Deportes La Serena,1,1
2026-07-11,Liga de Primera 2026,92,Ángelo Henríquez,Deportes La Serena,1,1
2026-07-11,Liga de Primera 2026,93,Joaquín Montecinos,Deportes Limache,1,1
2026-07-11,Liga de Primera 2026,94,Flavio Moya,Deportes Limache,1,1
2026-07-11,Liga de Primera 2026,95,Nicolás Baeza,Everton,1,1
2026-07-11,Liga de Primera 2026,96,Julián Alfaro,Everton,1,1
2026-07-11,Liga de Primera 2026,97,Nicolás Vargas,Huachipato,1,1
2026-07-11,Liga de Primera 2026,98,Claudio Sepúlveda,Huachipato,1,1
2026-07-11,Liga de Primera 2026,99,Ignacio Tapia,Ñublense,1,1
2026-07-11,Liga de Primera 2026,100,Matías Plaza,Ñublense,1,1
2026-07-11,Liga de Primera 2026,101,Felipe Ogaz,O'Higgins,1,1
2026-07-11,Liga de Primera 2026,102,Martín Maturana,O'Higgins,1,1
2026-07-11,Liga de Primera 2026,103,Sebastián Gallegos,Palestino,1,1
2026-07-11,Liga de Primera 2026,104,Dilan Zúñiga,Palestino,1,1
2026-07-11,Liga de Primera 2026,105,Martín Araya,Palestino,1,1
2026-07-11,Liga de Primera 2026,106,Ronnie Fernández,Palestino,1,1
2026-07-11,Liga de Primera 2026,107,Jason León,Palestino,1,1
2026-07-11,Liga de Primera 2026,108,Agustín Arce,Universidad de Chile,1,1
2026-07-11,Liga de Primera 2026,109,Juan Martín Lucero,Universidad de Chile,1,1
2026-07-11,Liga de Primera 2026,110,Ignacio Vásquez,Universidad de Chile,1,1
2026-07-11,Liga de Primera 2026,111,Antonio Díaz,Universidad de Concepción,1,1
2026-07-11,Liga de Primera 2026,112,Michael Vadulli,Audax Italiano,1,0
2026-07-11,Liga de Primera 2026,113,Rodrigo Cabral,Audax Italiano,1,0
2026-07-11,Liga de Primera 2026,114,Enzo Ferrario,Audax Italiano,1,0
2026-07-11,Liga de Primera 2026,115,Marco Collao,Audax Italiano,1,0
2026-07-11,Liga de Primera 2026,116,Vicente Zenteno,Audax Italiano,1,0
2026-07-11,Liga de Primera 2026,117,José Tiznado,Cobresal,1,0
2026-07-11,Liga de Primera 2026,118,Joaquín Sosa,Colo-Colo,1,0
2026-07-11,Liga de Primera 2026,119,Guido Vadalá,Coquimbo Unido,1,0
2026-07-11,Liga de Primera 2026,120,Sebastián Galani,Coquimbo Unido,1,0
2026-07-11,Liga de Primera 2026,121,Lucas Pratto,Coquimbo Unido,1,0
2026-07-11,Liga de Primera 2026,122,Manuel Fernández,Coquimbo Unido,1,0
2026-07-11,Liga de Primera 2026,123,Pablo Rodríguez,Coquimbo Unido,1,0
2026-07-11,Liga de Primera 2026,124,Fausto Grillo,Deportes Concepción,1,0
2026-07-11,Liga de Primera 2026,125,Joaquín Larrivey,Deportes Concepción,1,0
2026-07-11,Liga de Primera 2026,126,Ariel Cáceres,Deportes Concepción,1,0
2026-07-11,Liga de Primera 2026,127,Mario Sandoval,Deportes Concepción,1,0
2026-07-11,Liga de Primera 2026,128,Aldrix Jara,Deportes Concepción,1,0
2026-07-11,Liga de Primera 2026,129,Ethan Espinoza,Deportes Concepción,1,0
2026-07-11,Liga de Primera 2026,130,Sebastián Díaz,Deportes La Serena,1,0
2026-07-11,Liga de Primera 2026,131,Lucas Alarcón,Deportes La Serena,1,0
2026-07-11,Liga de Primera 2026,132,Matías Marín,Deportes La Serena,1,0
2026-07-11,Liga de Primera 2026,133,César Pinares,Deportes Limache,1,0
2026-07-11,Liga de Primera 2026,134,Misael Llantén,Deportes Limache,1,0
2026-07-11,Liga de Primera 2026,135,César Fuentes,Deportes Limache,1,0
2026-07-11,Liga de Primera 2026,136,Ramón Martínez,Deportes Limache,1,0
2026-07-11,Liga de Primera 2026,137,Santiago Londoño,Everton,1,0
2026-07-11,Liga de Primera 2026,138,Renzo Malanca,Huachipato,1,0
2026-07-11,Liga de Primera 2026,139,Santiago Silva,Huachipato,1,0
2026-07-11,Liga de Primera 2026,140,Kevin Altez,Huachipato,1,0
2026-07-11,Liga de Primera 2026,141,Diego Céspedes,Ñublense,1,0
2026-07-11,Liga de Primera 2026,142,Giovanny Ávalos,Ñublense,1,0
2026-07-11,Liga de Primera 2026,143,Lorenzo Reyes,Ñublense,1,0
2026-07-11,Liga de Primera 2026,144,Lucas Molina,Ñublense,1,0
2026-07-11,Liga de Primera 2026,145,Miguel Brizuela,O'Higgins,1,0
2026-07-11,Liga de Primera 2026,146,Bastián Yáñez,O'Higgins,1,0
2026-07-11,Liga de Primera 2026,147,Vicente Espinoza,Palestino,1,0
2026-07-11,Liga de Primera 2026,148,Bayron Oyarzo,Unión La Calera,1,0
2026-07-11,Liga de Primera 2026,149,Francisco Pozzo,Unión La Calera,1,0
2026-07-11,Liga de Primera 2026,150,Juan Ignacio Díaz,Universidad Católica,1,0
2026-07-11,Liga de Primera 2026,151,Branco Ampuero,Universidad Católica,1,0
2026-07-11,Liga de Primera 2026,152,Juan Rossel,Universidad Católica,1,0
2026-07-11,Liga de Primera 2026,153,Matías Zaldivia,Universidad de Chile,1,0
2026-07-11,Liga de Primera 2026,154,Bianneider Tamayo,Universidad de Chile,1,0
2026-07-11,Liga de Primera 2026,155,Daniel Barrea,Universidad de Concepción,1,0
2026-07-11,Liga de Primera 2026,156,Cristhofer Mesías,Universidad de Concepción,1,0
2026-07-11,Liga de Primera 2026,157,Osvaldo González,Universidad de Concepción,1,0
2026-07-12,Liga de Primera 2026,1,Fernando Zampedri,Universidad Católica,15,2
2026-07-12,Liga de Primera 2026,2,Daniel Castro,Deportes Limache,8,5
2026-07-12,Liga de Primera 2026,3,Justo Giani,Universidad Católica,8,3
2026-07-12,Liga de Primera 2026,4,Javier Correa,Colo-Colo,8,2
2026-07-12,Liga de Primera 2026,5,Sebastián Sáez,Unión La Calera,8,1
2026-07-12,Liga de Primera 2026,6,Nelson Da Silva,Palestino,7,2
2026-07-12,Liga de Primera 2026,7,Lionel Altamirano,Huachipato,6,1
2026-07-12,Liga de Primera 2026,8,Steffan Pino,Cobresal,6,0
2026-07-12,Liga de Primera 2026,9,Jean Meneses,Deportes Limache,5,8
2026-07-12,Liga de Primera 2026,10,Jeisson Vargas,Deportes La Serena,5,5
2026-07-12,Liga de Primera 2026,11,Francisco González,O'Higgins,5,4
2026-07-12,Liga de Primera 2026,12,Maximiliano Romero,Colo-Colo,5,1
2026-07-12,Liga de Primera 2026,13,Eduardo Vargas,Universidad de Chile,5,1
2026-07-12,Liga de Primera 2026,14,Nicolás Johansen,Coquimbo Unido,5,0
2026-07-12,Liga de Primera 2026,15,Kevin Méndez,Unión La Calera,4,6
2026-07-12,Liga de Primera 2026,16,Leonardo Valencia,Deportes Concepción,4,2
2026-07-12,Liga de Primera 2026,17,Thiago Vecino,O'Higgins,4,1
2026-07-12,Liga de Primera 2026,18,Felipe Chamorro,Deportes La Serena,4,0
2026-07-12,Liga de Primera 2026,19,Gonzalo Sosa,Deportes Limache,4,0
2026-07-12,Liga de Primera 2026,20,Ignacio Jeraldino,Ñublense,4,0
2026-07-12,Liga de Primera 2026,21,Clemente Montes,Universidad Católica,3,4
2026-07-12,Liga de Primera 2026,22,Diego Rubio,Deportes La Serena,3,3
2026-07-12,Liga de Primera 2026,23,Giovani Chiaverano,Audax Italiano,3,2
2026-07-12,Liga de Primera 2026,24,Lautaro Pastrán,Colo-Colo,3,2
2026-07-12,Liga de Primera 2026,25,Julián Brea,Cobresal,3,1
2026-07-12,Liga de Primera 2026,26,Alan Medina,Everton,3,1
2026-07-12,Liga de Primera 2026,27,Lucas Soto,Everton,3,1
2026-07-12,Liga de Primera 2026,28,Cris Martínez,Huachipato,3,1
2026-07-12,Liga de Primera 2026,29,Cecilio Waterman,Universidad de Concepción,3,1
2026-07-12,Liga de Primera 2026,30,Franco Troyansky,Audax Italiano,3,0
2026-07-12,Liga de Primera 2026,31,Diego Coelho,Audax Italiano,3,0
2026-07-12,Liga de Primera 2026,32,Alejandro Camargo,Coquimbo Unido,3,0
2026-07-12,Liga de Primera 2026,33,Vicente Álvarez,Deportes Limache,3,0
2026-07-12,Liga de Primera 2026,34,Cristian Palacios,Everton,3,0
2026-07-12,Liga de Primera 2026,35,Maximiliano Gutiérrez,Huachipato,3,0
2026-07-12,Liga de Primera 2026,36,Franco Rami,Ñublense,3,0
2026-07-12,Liga de Primera 2026,37,Arnaldo Castillo,O'Higgins,3,0
2026-07-12,Liga de Primera 2026,38,Matías Palavecino,Universidad Católica,2,5
2026-07-12,Liga de Primera 2026,39,Claudio Aquino,Colo-Colo,2,3
2026-07-12,Liga de Primera 2026,40,Leandro Hernández,Colo-Colo,2,2
2026-07-12,Liga de Primera 2026,41,Cristián Zavala,Coquimbo Unido,2,2
2026-07-12,Liga de Primera 2026,42,Mario Briceño,Huachipato,2,2
2026-07-12,Liga de Primera 2026,43,Gabriel Graciani,Ñublense,2,2
2026-07-12,Liga de Primera 2026,44,César Munder,Palestino,2,2
2026-07-12,Liga de Primera 2026,45,Maximiliano Guerrero,Universidad de Chile,2,2
2026-07-12,Liga de Primera 2026,46,Víctor Méndez,Colo-Colo,2,1
2026-07-12,Liga de Primera 2026,47,Alejandro Azócar,Coquimbo Unido,2,1
2026-07-12,Liga de Primera 2026,48,Yerko González,Deportes Limache,2,1
2026-07-12,Liga de Primera 2026,49,Martín Sarrafiore,O'Higgins,2,1
2026-07-12,Liga de Primera 2026,50,Bryan Carrasco,Palestino,2,1
2026-07-12,Liga de Primera 2026,51,Agustín Nadruz,Cobresal,2,0
2026-07-12,Liga de Primera 2026,52,Franco Frías,Cobresal,2,0
2026-07-12,Liga de Primera 2026,53,Álvaro Madrid,Colo-Colo,2,0
2026-07-12,Liga de Primera 2026,54,Jorge Henríquez,Deportes Concepción,2,0
2026-07-12,Liga de Primera 2026,55,Ignacio Mesías,Deportes Concepción,2,0
2026-07-12,Liga de Primera 2026,56,Nicolás Stefanelli,Deportes La Serena,2,0
2026-07-12,Liga de Primera 2026,57,Gonzalo Escalante,Deportes La Serena,2,0
2026-07-12,Liga de Primera 2026,58,Nicolás Montiel,Everton,2,0
2026-07-12,Liga de Primera 2026,59,Diego Sanhueza,Ñublense,2,0
2026-07-12,Liga de Primera 2026,60,Francisco Montes,Palestino,2,0
2026-07-12,Liga de Primera 2026,61,Gonzalo Tapia,Palestino,2,0
2026-07-12,Liga de Primera 2026,62,Matías Campos López,Unión La Calera,2,0
2026-07-12,Liga de Primera 2026,63,Rodrigo Cáseres,Unión La Calera,2,0
2026-07-12,Liga de Primera 2026,64,Javier Altamirano,Universidad de Chile,2,0
2026-07-12,Liga de Primera 2026,65,Nicolás Ramírez,Universidad de Chile,2,0
2026-07-12,Liga de Primera 2026,66,Luis Rojas,Universidad de Concepción,2,0
2026-07-12,Liga de Primera 2026,67,Jeison Fuentealba,Universidad de Concepción,2,0
2026-07-12,Liga de Primera 2026,68,Bryan Carvallo,Cobresal,1,5
2026-07-12,Liga de Primera 2026,69,Cristián Cuevas,Universidad Católica,1,5
2026-07-12,Liga de Primera 2026,70,Esteban Matus,Audax Italiano,1,3
2026-07-12,Liga de Primera 2026,71,Luis Riveros,Coquimbo Unido,1,3
2026-07-12,Liga de Primera 2026,72,Maximiliano Rodríguez,Huachipato,1,3
2026-07-12,Liga de Primera 2026,73,Julián Fernández,Palestino,1,3
2026-07-12,Liga de Primera 2026,74,Guillermo Pacheco,Cobresal,1,2
2026-07-12,Liga de Primera 2026,75,Marcos Arturia,Deportes Limache,1,2
2026-07-12,Liga de Primera 2026,76,Braian Martínez,Everton,1,2
2026-07-12,Liga de Primera 2026,77,Maicol León,Huachipato,1,2
2026-07-12,Liga de Primera 2026,78,Guillermo Guaiquil,Huachipato,1,2
2026-07-12,Liga de Primera 2026,79,Bryan Rabello,O'Higgins,1,2
2026-07-12,Liga de Primera 2026,80,Ian Garguez,Palestino,1,2
2026-07-12,Liga de Primera 2026,81,Jimmy Martínez,Universidad Católica,1,2
2026-07-12,Liga de Primera 2026,82,Diego Corral,Universidad Católica,1,2
2026-07-12,Liga de Primera 2026,83,Fabián Hormazábal,Universidad de Chile,1,2
2026-07-12,Liga de Primera 2026,84,Agustín Urzi,Universidad de Concepción,1,2
2026-07-12,Liga de Primera 2026,85,Federico Mateos,Audax Italiano,1,1
2026-07-12,Liga de Primera 2026,86,Benjamín Valenzuela,Cobresal,1,1
2026-07-12,Liga de Primera 2026,87,Yastin Cuevas,Colo-Colo,1,1
2026-07-12,Liga de Primera 2026,88,Jeyson Rojas,Colo-Colo,1,1
2026-07-12,Liga de Primera 2026,89,Arturo Vidal,Colo-Colo,1,1
2026-07-12,Liga de Primera 2026,90,Martín Mundaca,Coquimbo Unido,1,1
2026-07-12,Liga de Primera 2026,91,Bruno Gutiérrez,Deportes La Serena,1,1
2026-07-12,Liga de Primera 2026,92,Ángelo Henríquez,Deportes La Serena,1,1
2026-07-12,Liga de Primera 2026,93,Joaquín Montecinos,Deportes Limache,1,1
2026-07-12,Liga de Primera 2026,94,Flavio Moya,Deportes Limache,1,1
2026-07-12,Liga de Primera 2026,95,Nicolás Baeza,Everton,1,1
2026-07-12,Liga de Primera 2026,96,Julián Alfaro,Everton,1,1
2026-07-12,Liga de Primera 2026,97,Nicolás Vargas,Huachipato,1,1
2026-07-12,Liga de Primera 2026,98,Claudio Sepúlveda,Huachipato,1,1
2026-07-12,Liga de Primera 2026,99,Ignacio Tapia,Ñublense,1,1
2026-07-12,Liga de Primera 2026,100,Matías Plaza,Ñublense,1,1
2026-07-12,Liga de Primera 2026,101,Felipe Ogaz,O'Higgins,1,1
2026-07-12,Liga de Primera 2026,102,Martín Maturana,O'Higgins,1,1
2026-07-12,Liga de Primera 2026,103,Sebastián Gallegos,Palestino,1,1
2026-07-12,Liga de Primera 2026,104,Dilan Zúñiga,Palestino,1,1
2026-07-12,Liga de Primera 2026,105,Martín Araya,Palestino,1,1
2026-07-12,Liga de Primera 2026,106,Ronnie Fernández,Palestino,1,1
2026-07-12,Liga de Primera 2026,107,Jason León,Palestino,1,1
2026-07-12,Liga de Primera 2026,108,Agustín Arce,Universidad de Chile,1,1
2026-07-12,Liga de Primera 2026,109,Juan Martín Lucero,Universidad de Chile,1,1
2026-07-12,Liga de Primera 2026,110,Ignacio Vásquez,Universidad de Chile,1,1
2026-07-12,Liga de Primera 2026,111,Antonio Díaz,Universidad de Concepción,1,1
2026-07-12,Liga de Primera 2026,112,Michael Vadulli,Audax Italiano,1,0
2026-07-12,Liga de Primera 2026,113,Rodrigo Cabral,Audax Italiano,1,0
2026-07-12,Liga de Primera 2026,114,Enzo Ferrario,Audax Italiano,1,0
2026-07-12,Liga de Primera 2026,115,Marco Collao,Audax Italiano,1,0
2026-07-12,Liga de Primera 2026,116,Vicente Zenteno,Audax Italiano,1,0
2026-07-12,Liga de Primera 2026,117,José Tiznado,Cobresal,1,0
2026-07-12,Liga de Primera 2026,118,Joaquín Sosa,Colo-Colo,1,0
2026-07-12,Liga de Primera 2026,119,Guido Vadalá,Coquimbo Unido,1,0
2026-07-12,Liga de Primera 2026,120,Sebastián Galani,Coquimbo Unido,1,0
2026-07-12,Liga de Primera 2026,121,Lucas Pratto,Coquimbo Unido,1,0
2026-07-12,Liga de Primera 2026,122,Manuel Fernández,Coquimbo Unido,1,0
2026-07-12,Liga de Primera 2026,123,Pablo Rodríguez,Coquimbo Unido,1,0
2026-07-12,Liga de Primera 2026,124,Fausto Grillo,Deportes Concepción,1,0
2026-07-12,Liga de Primera 2026,125,Joaquín Larrivey,Deportes Concepción,1,0
2026-07-12,Liga de Primera 2026,126,Ariel Cáceres,Deportes Concepción,1,0
2026-07-12,Liga de Primera 2026,127,Mario Sandoval,Deportes Concepción,1,0
2026-07-12,Liga de Primera 2026,128,Aldrix Jara,Deportes Concepción,1,0
2026-07-12,Liga de Primera 2026,129,Ethan Espinoza,Deportes Concepción,1,0
2026-07-12,Liga de Primera 2026,130,Sebastián Díaz,Deportes La Serena,1,0
2026-07-12,Liga de Primera 2026,131,Lucas Alarcón,Deportes La Serena,1,0
2026-07-12,Liga de Primera 2026,132,Matías Marín,Deportes La Serena,1,0
2026-07-12,Liga de Primera 2026,133,César Pinares,Deportes Limache,1,0
2026-07-12,Liga de Primera 2026,134,Misael Llantén,Deportes Limache,1,0
2026-07-12,Liga de Primera 2026,135,César Fuentes,Deportes Limache,1,0
2026-07-12,Liga de Primera 2026,136,Ramón Martínez,Deportes Limache,1,0
2026-07-12,Liga de Primera 2026,137,Santiago Londoño,Everton,1,0
2026-07-12,Liga de Primera 2026,138,Renzo Malanca,Huachipato,1,0
2026-07-12,Liga de Primera 2026,139,Santiago Silva,Huachipato,1,0
2026-07-12,Liga de Primera 2026,140,Kevin Altez,Huachipato,1,0
2026-07-12,Liga de Primera 2026,141,Diego Céspedes,Ñublense,1,0
2026-07-12,Liga de Primera 2026,142,Giovanny Ávalos,Ñublense,1,0
2026-07-12,Liga de Primera 2026,143,Lorenzo Reyes,Ñublense,1,0
2026-07-12,Liga de Primera 2026,144,Lucas Molina,Ñublense,1,0
2026-07-12,Liga de Primera 2026,145,Miguel Brizuela,O'Higgins,1,0
2026-07-12,Liga de Primera 2026,146,Bastián Yáñez,O'Higgins,1,0
2026-07-12,Liga de Primera 2026,147,Vicente Espinoza,Palestino,1,0
2026-07-12,Liga de Primera 2026,148,Bayron Oyarzo,Unión La Calera,1,0
2026-07-12,Liga de Primera 2026,149,Francisco Pozzo,Unión La Calera,1,0
2026-07-12,Liga de Primera 2026,150,Juan Ignacio Díaz,Universidad Católica,1,0
2026-07-12,Liga de Primera 2026,151,Branco Ampuero,Universidad Católica,1,0
2026-07-12,Liga de Primera 2026,152,Juan Rossel,Universidad Católica,1,0
2026-07-12,Liga de Primera 2026,153,Matías Zaldivia,Universidad de Chile,1,0
2026-07-12,Liga de Primera 2026,154,Bianneider Tamayo,Universidad de Chile,1,0
2026-07-12,Liga de Primera 2026,155,Daniel Barrea,Universidad de Concepción,1,0
2026-07-12,Liga de Primera 2026,156,Cristhofer Mesías,Universidad de Concepción,1,0
2026-07-12,Liga de Primera 2026,157,Osvaldo González,Universidad de Concepción,1,0
2026-07-13,Liga de Primera 2026,1,Fernando Zampedri,Universidad Católica,15,2
2026-07-13,Liga de Primera 2026,2,Daniel Castro,Deportes Limache,8,5
2026-07-13,Liga de Primera 2026,3,Justo Giani,Universidad Católica,8,3
2026-07-13,Liga de Primera 2026,4,Javier Correa,Colo-Colo,8,2
2026-07-13,Liga de Primera 2026,5,Sebastián Sáez,Unión La Calera,8,1
2026-07-13,Liga de Primera 2026,6,Nelson Da Silva,Palestino,7,2
2026-07-13,Liga de Primera 2026,7,Lionel Altamirano,Huachipato,6,1
2026-07-13,Liga de Primera 2026,8,Steffan Pino,Cobresal,6,0
2026-07-13,Liga de Primera 2026,9,Jean Meneses,Deportes Limache,5,8
2026-07-13,Liga de Primera 2026,10,Jeisson Vargas,Deportes La Serena,5,5
2026-07-13,Liga de Primera 2026,11,Francisco González,O'Higgins,5,4
2026-07-13,Liga de Primera 2026,12,Maximiliano Romero,Colo-Colo,5,1
2026-07-13,Liga de Primera 2026,13,Eduardo Vargas,Universidad de Chile,5,1
2026-07-13,Liga de Primera 2026,14,Nicolás Johansen,Coquimbo Unido,5,0
2026-07-13,Liga de Primera 2026,15,Kevin Méndez,Unión La Calera,4,6
2026-07-13,Liga de Primera 2026,16,Leonardo Valencia,Deportes Concepción,4,2
2026-07-13,Liga de Primera 2026,17,Thiago Vecino,O'Higgins,4,1
2026-07-13,Liga de Primera 2026,18,Felipe Chamorro,Deportes La Serena,4,0
2026-07-13,Liga de Primera 2026,19,Gonzalo Sosa,Deportes Limache,4,0
2026-07-13,Liga de Primera 2026,20,Ignacio Jeraldino,Ñublense,4,0
2026-07-13,Liga de Primera 2026,21,Clemente Montes,Universidad Católica,3,4
2026-07-13,Liga de Primera 2026,22,Diego Rubio,Deportes La Serena,3,3
2026-07-13,Liga de Primera 2026,23,Giovani Chiaverano,Audax Italiano,3,2
2026-07-13,Liga de Primera 2026,24,Lautaro Pastrán,Colo-Colo,3,2
2026-07-13,Liga de Primera 2026,25,Julián Brea,Cobresal,3,1
2026-07-13,Liga de Primera 2026,26,Alan Medina,Everton,3,1
2026-07-13,Liga de Primera 2026,27,Lucas Soto,Everton,3,1
2026-07-13,Liga de Primera 2026,28,Cris Martínez,Huachipato,3,1
2026-07-13,Liga de Primera 2026,29,Cecilio Waterman,Universidad de Concepción,3,1
2026-07-13,Liga de Primera 2026,30,Franco Troyansky,Audax Italiano,3,0
2026-07-13,Liga de Primera 2026,31,Diego Coelho,Audax Italiano,3,0
2026-07-13,Liga de Primera 2026,32,Alejandro Camargo,Coquimbo Unido,3,0
2026-07-13,Liga de Primera 2026,33,Vicente Álvarez,Deportes Limache,3,0
2026-07-13,Liga de Primera 2026,34,Cristian Palacios,Everton,3,0
2026-07-13,Liga de Primera 2026,35,Maximiliano Gutiérrez,Huachipato,3,0
2026-07-13,Liga de Primera 2026,36,Franco Rami,Ñublense,3,0
2026-07-13,Liga de Primera 2026,37,Arnaldo Castillo,O'Higgins,3,0
2026-07-13,Liga de Primera 2026,38,Matías Palavecino,Universidad Católica,2,5
2026-07-13,Liga de Primera 2026,39,Claudio Aquino,Colo-Colo,2,3
2026-07-13,Liga de Primera 2026,40,Leandro Hernández,Colo-Colo,2,2
2026-07-13,Liga de Primera 2026,41,Cristián Zavala,Coquimbo Unido,2,2
2026-07-13,Liga de Primera 2026,42,Mario Briceño,Huachipato,2,2
2026-07-13,Liga de Primera 2026,43,Gabriel Graciani,Ñublense,2,2
2026-07-13,Liga de Primera 2026,44,César Munder,Palestino,2,2
2026-07-13,Liga de Primera 2026,45,Maximiliano Guerrero,Universidad de Chile,2,2
2026-07-13,Liga de Primera 2026,46,Víctor Méndez,Colo-Colo,2,1
2026-07-13,Liga de Primera 2026,47,Alejandro Azócar,Coquimbo Unido,2,1
2026-07-13,Liga de Primera 2026,48,Yerko González,Deportes Limache,2,1
2026-07-13,Liga de Primera 2026,49,Martín Sarrafiore,O'Higgins,2,1
2026-07-13,Liga de Primera 2026,50,Bryan Carrasco,Palestino,2,1
2026-07-13,Liga de Primera 2026,51,Agustín Nadruz,Cobresal,2,0
2026-07-13,Liga de Primera 2026,52,Franco Frías,Cobresal,2,0
2026-07-13,Liga de Primera 2026,53,Álvaro Madrid,Colo-Colo,2,0
2026-07-13,Liga de Primera 2026,54,Jorge Henríquez,Deportes Concepción,2,0
2026-07-13,Liga de Primera 2026,55,Ignacio Mesías,Deportes Concepción,2,0
2026-07-13,Liga de Primera 2026,56,Nicolás Stefanelli,Deportes La Serena,2,0
2026-07-13,Liga de Primera 2026,57,Gonzalo Escalante,Deportes La Serena,2,0
2026-07-13,Liga de Primera 2026,58,Nicolás Montiel,Everton,2,0
2026-07-13,Liga de Primera 2026,59,Diego Sanhueza,Ñublense,2,0
2026-07-13,Liga de Primera 2026,60,Francisco Montes,Palestino,2,0
2026-07-13,Liga de Primera 2026,61,Gonzalo Tapia,Palestino,2,0
2026-07-13,Liga de Primera 2026,62,Matías Campos López,Unión La Calera,2,0
2026-07-13,Liga de Primera 2026,63,Rodrigo Cáseres,Unión La Calera,2,0
2026-07-13,Liga de Primera 2026,64,Javier Altamirano,Universidad de Chile,2,0
2026-07-13,Liga de Primera 2026,65,Nicolás Ramírez,Universidad de Chile,2,0
2026-07-13,Liga de Primera 2026,66,Luis Rojas,Universidad de Concepción,2,0
2026-07-13,Liga de Primera 2026,67,Jeison Fuentealba,Universidad de Concepción,2,0
2026-07-13,Liga de Primera 2026,68,Bryan Carvallo,Cobresal,1,5
2026-07-13,Liga de Primera 2026,69,Cristián Cuevas,Universidad Católica,1,5
2026-07-13,Liga de Primera 2026,70,Esteban Matus,Audax Italiano,1,3
2026-07-13,Liga de Primera 2026,71,Luis Riveros,Coquimbo Unido,1,3
2026-07-13,Liga de Primera 2026,72,Maximiliano Rodríguez,Huachipato,1,3
2026-07-13,Liga de Primera 2026,73,Julián Fernández,Palestino,1,3
2026-07-13,Liga de Primera 2026,74,Guillermo Pacheco,Cobresal,1,2
2026-07-13,Liga de Primera 2026,75,Marcos Arturia,Deportes Limache,1,2
2026-07-13,Liga de Primera 2026,76,Braian Martínez,Everton,1,2
2026-07-13,Liga de Primera 2026,77,Maicol León,Huachipato,1,2
2026-07-13,Liga de Primera 2026,78,Guillermo Guaiquil,Huachipato,1,2
2026-07-13,Liga de Primera 2026,79,Bryan Rabello,O'Higgins,1,2
2026-07-13,Liga de Primera 2026,80,Ian Garguez,Palestino,1,2
2026-07-13,Liga de Primera 2026,81,Jimmy Martínez,Universidad Católica,1,2
2026-07-13,Liga de Primera 2026,82,Diego Corral,Universidad Católica,1,2
2026-07-13,Liga de Primera 2026,83,Fabián Hormazábal,Universidad de Chile,1,2
2026-07-13,Liga de Primera 2026,84,Agustín Urzi,Universidad de Concepción,1,2
2026-07-13,Liga de Primera 2026,85,Federico Mateos,Audax Italiano,1,1
2026-07-13,Liga de Primera 2026,86,Benjamín Valenzuela,Cobresal,1,1
2026-07-13,Liga de Primera 2026,87,Yastin Cuevas,Colo-Colo,1,1
2026-07-13,Liga de Primera 2026,88,Jeyson Rojas,Colo-Colo,1,1
2026-07-13,Liga de Primera 2026,89,Arturo Vidal,Colo-Colo,1,1
2026-07-13,Liga de Primera 2026,90,Martín Mundaca,Coquimbo Unido,1,1
2026-07-13,Liga de Primera 2026,91,Bruno Gutiérrez,Deportes La Serena,1,1
2026-07-13,Liga de Primera 2026,92,Ángelo Henríquez,Deportes La Serena,1,1
2026-07-13,Liga de Primera 2026,93,Joaquín Montecinos,Deportes Limache,1,1
2026-07-13,Liga de Primera 2026,94,Flavio Moya,Deportes Limache,1,1
2026-07-13,Liga de Primera 2026,95,Nicolás Baeza,Everton,1,1
2026-07-13,Liga de Primera 2026,96,Julián Alfaro,Everton,1,1
2026-07-13,Liga de Primera 2026,97,Nicolás Vargas,Huachipato,1,1
2026-07-13,Liga de Primera 2026,98,Claudio Sepúlveda,Huachipato,1,1
2026-07-13,Liga de Primera 2026,99,Ignacio Tapia,Ñublense,1,1
2026-07-13,Liga de Primera 2026,100,Matías Plaza,Ñublense,1,1
2026-07-13,Liga de Primera 2026,101,Felipe Ogaz,O'Higgins,1,1
2026-07-13,Liga de Primera 2026,102,Martín Maturana,O'Higgins,1,1
2026-07-13,Liga de Primera 2026,103,Sebastián Gallegos,Palestino,1,1
2026-07-13,Liga de Primera 2026,104,Dilan Zúñiga,Palestino,1,1
2026-07-13,Liga de Primera 2026,105,Martín Araya,Palestino,1,1
2026-07-13,Liga de Primera 2026,106,Ronnie Fernández,Palestino,1,1
2026-07-13,Liga de Primera 2026,107,Jason León,Palestino,1,1
2026-07-13,Liga de Primera 2026,108,Agustín Arce,Universidad de Chile,1,1
2026-07-13,Liga de Primera 2026,109,Juan Martín Lucero,Universidad de Chile,1,1
2026-07-13,Liga de Primera 2026,110,Ignacio Vásquez,Universidad de Chile,1,1
2026-07-13,Liga de Primera 2026,111,Antonio Díaz,Universidad de Concepción,1,1
2026-07-13,Liga de Primera 2026,112,Michael Vadulli,Audax Italiano,1,0
2026-07-13,Liga de Primera 2026,113,Rodrigo Cabral,Audax Italiano,1,0
2026-07-13,Liga de Primera 2026,114,Enzo Ferrario,Audax Italiano,1,0
2026-07-13,Liga de Primera 2026,115,Marco Collao,Audax Italiano,1,0
2026-07-13,Liga de Primera 2026,116,Vicente Zenteno,Audax Italiano,1,0
2026-07-13,Liga de Primera 2026,117,José Tiznado,Cobresal,1,0
2026-07-13,Liga de Primera 2026,118,Joaquín Sosa,Colo-Colo,1,0
2026-07-13,Liga de Primera 2026,119,Guido Vadalá,Coquimbo Unido,1,0
2026-07-13,Liga de Primera 2026,120,Sebastián Galani,Coquimbo Unido,1,0
2026-07-13,Liga de Primera 2026,121,Lucas Pratto,Coquimbo Unido,1,0
2026-07-13,Liga de Primera 2026,122,Manuel Fernández,Coquimbo Unido,1,0
2026-07-13,Liga de Primera 2026,123,Pablo Rodríguez,Coquimbo Unido,1,0
2026-07-13,Liga de Primera 2026,124,Fausto Grillo,Deportes Concepción,1,0
2026-07-13,Liga de Primera 2026,125,Joaquín Larrivey,Deportes Concepción,1,0
2026-07-13,Liga de Primera 2026,126,Ariel Cáceres,Deportes Concepción,1,0
2026-07-13,Liga de Primera 2026,127,Mario Sandoval,Deportes Concepción,1,0
2026-07-13,Liga de Primera 2026,128,Aldrix Jara,Deportes Concepción,1,0
2026-07-13,Liga de Primera 2026,129,Ethan Espinoza,Deportes Concepción,1,0
2026-07-13,Liga de Primera 2026,130,Sebastián Díaz,Deportes La Serena,1,0
2026-07-13,Liga de Primera 2026,131,Lucas Alarcón,Deportes La Serena,1,0
2026-07-13,Liga de Primera 2026,132,Matías Marín,Deportes La Serena,1,0
2026-07-13,Liga de Primera 2026,133,César Pinares,Deportes Limache,1,0
2026-07-13,Liga de Primera 2026,134,Misael Llantén,Deportes Limache,1,0
2026-07-13,Liga de Primera 2026,135,César Fuentes,Deportes Limache,1,0
2026-07-13,Liga de Primera 2026,136,Ramón Martínez,Deportes Limache,1,0
2026-07-13,Liga de Primera 2026,137,Santiago Londoño,Everton,1,0
2026-07-13,Liga de Primera 2026,138,Renzo Malanca,Huachipato,1,0
2026-07-13,Liga de Primera 2026,139,Santiago Silva,Huachipato,1,0
2026-07-13,Liga de Primera 2026,140,Kevin Altez,Huachipato,1,0
2026-07-13,Liga de Primera 2026,141,Diego Céspedes,Ñublense,1,0
2026-07-13,Liga de Primera 2026,142,Giovanny Ávalos,Ñublense,1,0
2026-07-13,Liga de Primera 2026,143,Lorenzo Reyes,Ñublense,1,0
2026-07-13,Liga de Primera 2026,144,Lucas Molina,Ñublense,1,0
2026-07-13,Liga de Primera 2026,145,Miguel Brizuela,O'Higgins,1,0
2026-07-13,Liga de Primera 2026,146,Bastián Yáñez,O'Higgins,1,0
2026-07-13,Liga de Primera 2026,147,Vicente Espinoza,Palestino,1,0
2026-07-13,Liga de Primera 2026,148,Bayron Oyarzo,Unión La Calera,1,0
2026-07-13,Liga de Primera 2026,149,Francisco Pozzo,Unión La Calera,1,0
2026-07-13,Liga de Primera 2026,150,Juan Ignacio Díaz,Universidad Católica,1,0
2026-07-13,Liga de Primera 2026,151,Branco Ampuero,Universidad Católica,1,0
2026-07-13,Liga de Primera 2026,152,Juan Rossel,Universidad Católica,1,0
2026-07-13,Liga de Primera 2026,153,Matías Zaldivia,Universidad de Chile,1,0
2026-07-13,Liga de Primera 2026,154,Bianneider Tamayo,Universidad de Chile,1,0
2026-07-13,Liga de Primera 2026,155,Daniel Barrea,Universidad de Concepción,1,0
2026-07-13,Liga de Primera 2026,156,Cristhofer Mesías,Universidad de Concepción,1,0
2026-07-13,Liga de Primera 2026,157,Osvaldo González,Universidad de Concepción,1,0
2026-07-14,Liga de Primera 2026,1,Fernando Zampedri,Universidad Católica,15,2
2026-07-14,Liga de Primera 2026,2,Daniel Castro,Deportes Limache,8,5
2026-07-14,Liga de Primera 2026,3,Justo Giani,Universidad Católica,8,3
2026-07-14,Liga de Primera 2026,4,Javier Correa,Colo-Colo,8,2
2026-07-14,Liga de Primera 2026,5,Sebastián Sáez,Unión La Calera,8,1
2026-07-14,Liga de Primera 2026,6,Nelson Da Silva,Palestino,7,2
2026-07-14,Liga de Primera 2026,7,Lionel Altamirano,Huachipato,6,1
2026-07-14,Liga de Primera 2026,8,Steffan Pino,Cobresal,6,0
2026-07-14,Liga de Primera 2026,9,Jean Meneses,Deportes Limache,5,8
2026-07-14,Liga de Primera 2026,10,Jeisson Vargas,Deportes La Serena,5,5
2026-07-14,Liga de Primera 2026,11,Francisco González,O'Higgins,5,4
2026-07-14,Liga de Primera 2026,12,Maximiliano Romero,Colo-Colo,5,1
2026-07-14,Liga de Primera 2026,13,Eduardo Vargas,Universidad de Chile,5,1
2026-07-14,Liga de Primera 2026,14,Nicolás Johansen,Coquimbo Unido,5,0
2026-07-14,Liga de Primera 2026,15,Kevin Méndez,Unión La Calera,4,6
2026-07-14,Liga de Primera 2026,16,Leonardo Valencia,Deportes Concepción,4,2
2026-07-14,Liga de Primera 2026,17,Thiago Vecino,O'Higgins,4,1
2026-07-14,Liga de Primera 2026,18,Felipe Chamorro,Deportes La Serena,4,0
2026-07-14,Liga de Primera 2026,19,Gonzalo Sosa,Deportes Limache,4,0
2026-07-14,Liga de Primera 2026,20,Ignacio Jeraldino,Ñublense,4,0
2026-07-14,Liga de Primera 2026,21,Clemente Montes,Universidad Católica,3,4
2026-07-14,Liga de Primera 2026,22,Diego Rubio,Deportes La Serena,3,3
2026-07-14,Liga de Primera 2026,23,Giovani Chiaverano,Audax Italiano,3,2
2026-07-14,Liga de Primera 2026,24,Lautaro Pastrán,Colo-Colo,3,2
2026-07-14,Liga de Primera 2026,25,Julián Brea,Cobresal,3,1
2026-07-14,Liga de Primera 2026,26,Alan Medina,Everton,3,1
2026-07-14,Liga de Primera 2026,27,Lucas Soto,Everton,3,1
2026-07-14,Liga de Primera 2026,28,Cris Martínez,Huachipato,3,1
2026-07-14,Liga de Primera 2026,29,Cecilio Waterman,Universidad de Concepción,3,1
2026-07-14,Liga de Primera 2026,30,Franco Troyansky,Audax Italiano,3,0
2026-07-14,Liga de Primera 2026,31,Diego Coelho,Audax Italiano,3,0
2026-07-14,Liga de Primera 2026,32,Alejandro Camargo,Coquimbo Unido,3,0
2026-07-14,Liga de Primera 2026,33,Vicente Álvarez,Deportes Limache,3,0
2026-07-14,Liga de Primera 2026,34,Cristian Palacios,Everton,3,0
2026-07-14,Liga de Primera 2026,35,Maximiliano Gutiérrez,Huachipato,3,0
2026-07-14,Liga de Primera 2026,36,Franco Rami,Ñublense,3,0
2026-07-14,Liga de Primera 2026,37,Arnaldo Castillo,O'Higgins,3,0
2026-07-14,Liga de Primera 2026,38,Matías Palavecino,Universidad Católica,2,5
2026-07-14,Liga de Primera 2026,39,Claudio Aquino,Colo-Colo,2,3
2026-07-14,Liga de Primera 2026,40,Leandro Hernández,Colo-Colo,2,2
2026-07-14,Liga de Primera 2026,41,Cristián Zavala,Coquimbo Unido,2,2
2026-07-14,Liga de Primera 2026,42,Mario Briceño,Huachipato,2,2
2026-07-14,Liga de Primera 2026,43,Gabriel Graciani,Ñublense,2,2
2026-07-14,Liga de Primera 2026,44,César Munder,Palestino,2,2
2026-07-14,Liga de Primera 2026,45,Maximiliano Guerrero,Universidad de Chile,2,2
2026-07-14,Liga de Primera 2026,46,Víctor Méndez,Colo-Colo,2,1
2026-07-14,Liga de Primera 2026,47,Alejandro Azócar,Coquimbo Unido,2,1
2026-07-14,Liga de Primera 2026,48,Yerko González,Deportes Limache,2,1
2026-07-14,Liga de Primera 2026,49,Martín Sarrafiore,O'Higgins,2,1
2026-07-14,Liga de Primera 2026,50,Bryan Carrasco,Palestino,2,1
2026-07-14,Liga de Primera 2026,51,Agustín Nadruz,Cobresal,2,0
2026-07-14,Liga de Primera 2026,52,Franco Frías,Cobresal,2,0
2026-07-14,Liga de Primera 2026,53,Álvaro Madrid,Colo-Colo,2,0
2026-07-14,Liga de Primera 2026,54,Jorge Henríquez,Deportes Concepción,2,0
2026-07-14,Liga de Primera 2026,55,Ignacio Mesías,Deportes Concepción,2,0
2026-07-14,Liga de Primera 2026,56,Nicolás Stefanelli,Deportes La Serena,2,0
2026-07-14,Liga de Primera 2026,57,Gonzalo Escalante,Deportes La Serena,2,0
2026-07-14,Liga de Primera 2026,58,Nicolás Montiel,Everton,2,0
2026-07-14,Liga de Primera 2026,59,Diego Sanhueza,Ñublense,2,0
2026-07-14,Liga de Primera 2026,60,Francisco Montes,Palestino,2,0
2026-07-14,Liga de Primera 2026,61,Gonzalo Tapia,Palestino,2,0
2026-07-14,Liga de Primera 2026,62,Matías Campos López,Unión La Calera,2,0
2026-07-14,Liga de Primera 2026,63,Rodrigo Cáseres,Unión La Calera,2,0
2026-07-14,Liga de Primera 2026,64,Javier Altamirano,Universidad de Chile,2,0
2026-07-14,Liga de Primera 2026,65,Nicolás Ramírez,Universidad de Chile,2,0
2026-07-14,Liga de Primera 2026,66,Luis Rojas,Universidad de Concepción,2,0
2026-07-14,Liga de Primera 2026,67,Jeison Fuentealba,Universidad de Concepción,2,0
2026-07-14,Liga de Primera 2026,68,Bryan Carvallo,Cobresal,1,5
2026-07-14,Liga de Primera 2026,69,Cristián Cuevas,Universidad Católica,1,5
2026-07-14,Liga de Primera 2026,70,Esteban Matus,Audax Italiano,1,3
2026-07-14,Liga de Primera 2026,71,Luis Riveros,Coquimbo Unido,1,3
2026-07-14,Liga de Primera 2026,72,Maximiliano Rodríguez,Huachipato,1,3
2026-07-14,Liga de Primera 2026,73,Julián Fernández,Palestino,1,3
2026-07-14,Liga de Primera 2026,74,Guillermo Pacheco,Cobresal,1,2
2026-07-14,Liga de Primera 2026,75,Marcos Arturia,Deportes Limache,1,2
2026-07-14,Liga de Primera 2026,76,Braian Martínez,Everton,1,2
2026-07-14,Liga de Primera 2026,77,Maicol León,Huachipato,1,2
2026-07-14,Liga de Primera 2026,78,Guillermo Guaiquil,Huachipato,1,2
2026-07-14,Liga de Primera 2026,79,Bryan Rabello,O'Higgins,1,2
2026-07-14,Liga de Primera 2026,80,Ian Garguez,Palestino,1,2
2026-07-14,Liga de Primera 2026,81,Jimmy Martínez,Universidad Católica,1,2
2026-07-14,Liga de Primera 2026,82,Diego Corral,Universidad Católica,1,2
2026-07-14,Liga de Primera 2026,83,Fabián Hormazábal,Universidad de Chile,1,2
2026-07-14,Liga de Primera 2026,84,Agustín Urzi,Universidad de Concepción,1,2
2026-07-14,Liga de Primera 2026,85,Federico Mateos,Audax Italiano,1,1
2026-07-14,Liga de Primera 2026,86,Benjamín Valenzuela,Cobresal,1,1
2026-07-14,Liga de Primera 2026,87,Yastin Cuevas,Colo-Colo,1,1
2026-07-14,Liga de Primera 2026,88,Jeyson Rojas,Colo-Colo,1,1
2026-07-14,Liga de Primera 2026,89,Arturo Vidal,Colo-Colo,1,1
2026-07-14,Liga de Primera 2026,90,Martín Mundaca,Coquimbo Unido,1,1
2026-07-14,Liga de Primera 2026,91,Bruno Gutiérrez,Deportes La Serena,1,1
2026-07-14,Liga de Primera 2026,92,Ángelo Henríquez,Deportes La Serena,1,1
2026-07-14,Liga de Primera 2026,93,Joaquín Montecinos,Deportes Limache,1,1
2026-07-14,Liga de Primera 2026,94,Flavio Moya,Deportes Limache,1,1
2026-07-14,Liga de Primera 2026,95,Nicolás Baeza,Everton,1,1
2026-07-14,Liga de Primera 2026,96,Julián Alfaro,Everton,1,1
2026-07-14,Liga de Primera 2026,97,Nicolás Vargas,Huachipato,1,1
2026-07-14,Liga de Primera 2026,98,Claudio Sepúlveda,Huachipato,1,1
2026-07-14,Liga de Primera 2026,99,Ignacio Tapia,Ñublense,1,1
2026-07-14,Liga de Primera 2026,100,Matías Plaza,Ñublense,1,1
2026-07-14,Liga de Primera 2026,101,Felipe Ogaz,O'Higgins,1,1
2026-07-14,Liga de Primera 2026,102,Martín Maturana,O'Higgins,1,1
2026-07-14,Liga de Primera 2026,103,Sebastián Gallegos,Palestino,1,1
2026-07-14,Liga de Primera 2026,104,Dilan Zúñiga,Palestino,1,1
2026-07-14,Liga de Primera 2026,105,Martín Araya,Palestino,1,1
2026-07-14,Liga de Primera 2026,106,Ronnie Fernández,Palestino,1,1
2026-07-14,Liga de Primera 2026,107,Jason León,Palestino,1,1
2026-07-14,Liga de Primera 2026,108,Agustín Arce,Universidad de Chile,1,1
2026-07-14,Liga de Primera 2026,109,Juan Martín Lucero,Universidad de Chile,1,1
2026-07-14,Liga de Primera 2026,110,Ignacio Vásquez,Universidad de Chile,1,1
2026-07-14,Liga de Primera 2026,111,Antonio Díaz,Universidad de Concepción,1,1
2026-07-14,Liga de Primera 2026,112,Michael Vadulli,Audax Italiano,1,0
2026-07-14,Liga de Primera 2026,113,Rodrigo Cabral,Audax Italiano,1,0
2026-07-14,Liga de Primera 2026,114,Enzo Ferrario,Audax Italiano,1,0
2026-07-14,Liga de Primera 2026,115,Marco Collao,Audax Italiano,1,0
2026-07-14,Liga de Primera 2026,116,Vicente Zenteno,Audax Italiano,1,0
2026-07-14,Liga de Primera 2026,117,José Tiznado,Cobresal,1,0
2026-07-14,Liga de Primera 2026,118,Joaquín Sosa,Colo-Colo,1,0
2026-07-14,Liga de Primera 2026,119,Guido Vadalá,Coquimbo Unido,1,0
2026-07-14,Liga de Primera 2026,120,Sebastián Galani,Coquimbo Unido,1,0
2026-07-14,Liga de Primera 2026,121,Lucas Pratto,Coquimbo Unido,1,0
2026-07-14,Liga de Primera 2026,122,Manuel Fernández,Coquimbo Unido,1,0
2026-07-14,Liga de Primera 2026,123,Pablo Rodríguez,Coquimbo Unido,1,0
2026-07-14,Liga de Primera 2026,124,Fausto Grillo,Deportes Concepción,1,0
2026-07-14,Liga de Primera 2026,125,Joaquín Larrivey,Deportes Concepción,1,0
2026-07-14,Liga de Primera 2026,126,Ariel Cáceres,Deportes Concepción,1,0
2026-07-14,Liga de Primera 2026,127,Mario Sandoval,Deportes Concepción,1,0
2026-07-14,Liga de Primera 2026,128,Aldrix Jara,Deportes Concepción,1,0
2026-07-14,Liga de Primera 2026,129,Ethan Espinoza,Deportes Concepción,1,0
2026-07-14,Liga de Primera 2026,130,Sebastián Díaz,Deportes La Serena,1,0
2026-07-14,Liga de Primera 2026,131,Lucas Alarcón,Deportes La Serena,1,0
2026-07-14,Liga de Primera 2026,132,Matías Marín,Deportes La Serena,1,0
2026-07-14,Liga de Primera 2026,133,César Pinares,Deportes Limache,1,0
2026-07-14,Liga de Primera 2026,134,Misael Llantén,Deportes Limache,1,0
2026-07-14,Liga de Primera 2026,135,César Fuentes,Deportes Limache,1,0
2026-07-14,Liga de Primera 2026,136,Ramón Martínez,Deportes Limache,1,0
2026-07-14,Liga de Primera 2026,137,Santiago Londoño,Everton,1,0
2026-07-14,Liga de Primera 2026,138,Renzo Malanca,Huachipato,1,0
2026-07-14,Liga de Primera 2026,139,Santiago Silva,Huachipato,1,0
2026-07-14,Liga de Primera 2026,140,Kevin Altez,Huachipato,1,0
2026-07-14,Liga de Primera 2026,141,Diego Céspedes,Ñublense,1,0
2026-07-14,Liga de Primera 2026,142,Giovanny Ávalos,Ñublense,1,0
2026-07-14,Liga de Primera 2026,143,Lorenzo Reyes,Ñublense,1,0
2026-07-14,Liga de Primera 2026,144,Lucas Molina,Ñublense,1,0
2026-07-14,Liga de Primera 2026,145,Miguel Brizuela,O'Higgins,1,0
2026-07-14,Liga de Primera 2026,146,Bastián Yáñez,O'Higgins,1,0
2026-07-14,Liga de Primera 2026,147,Vicente Espinoza,Palestino,1,0
2026-07-14,Liga de Primera 2026,148,Bayron Oyarzo,Unión La Calera,1,0
2026-07-14,Liga de Primera 2026,149,Francisco Pozzo,Unión La Calera,1,0
2026-07-14,Liga de Primera 2026,150,Juan Ignacio Díaz,Universidad Católica,1,0
2026-07-14,Liga de Primera 2026,151,Branco Ampuero,Universidad Católica,1,0
2026-07-14,Liga de Primera 2026,152,Juan Rossel,Universidad Católica,1,0
2026-07-14,Liga de Primera 2026,153,Matías Zaldivia,Universidad de Chile,1,0
2026-07-14,Liga de Primera 2026,154,Bianneider Tamayo,Universidad de Chile,1,0
2026-07-14,Liga de Primera 2026,155,Daniel Barrea,Universidad de Concepción,1,0
2026-07-14,Liga de Primera 2026,156,Cristhofer Mesías,Universidad de Concepción,1,0
2026-07-14,Liga de Primera 2026,157,Osvaldo González,Universidad de Concepción,1,0
2026-07-15,Liga de Primera 2026,1,Fernando Zampedri,Universidad Católica,15,2
2026-07-15,Liga de Primera 2026,2,Daniel Castro,Deportes Limache,8,5
2026-07-15,Liga de Primera 2026,3,Justo Giani,Universidad Católica,8,3
2026-07-15,Liga de Primera 2026,4,Javier Correa,Colo-Colo,8,2
2026-07-15,Liga de Primera 2026,5,Sebastián Sáez,Unión La Calera,8,1
2026-07-15,Liga de Primera 2026,6,Nelson Da Silva,Palestino,7,2
2026-07-15,Liga de Primera 2026,7,Lionel Altamirano,Huachipato,6,1
2026-07-15,Liga de Primera 2026,8,Steffan Pino,Cobresal,6,0
2026-07-15,Liga de Primera 2026,9,Jean Meneses,Deportes Limache,5,8
2026-07-15,Liga de Primera 2026,10,Jeisson Vargas,Deportes La Serena,5,5
2026-07-15,Liga de Primera 2026,11,Francisco González,O'Higgins,5,4
2026-07-15,Liga de Primera 2026,12,Maximiliano Romero,Colo-Colo,5,1
2026-07-15,Liga de Primera 2026,13,Eduardo Vargas,Universidad de Chile,5,1
2026-07-15,Liga de Primera 2026,14,Nicolás Johansen,Coquimbo Unido,5,0
2026-07-15,Liga de Primera 2026,15,Kevin Méndez,Unión La Calera,4,6
2026-07-15,Liga de Primera 2026,16,Leonardo Valencia,Deportes Concepción,4,2
2026-07-15,Liga de Primera 2026,17,Thiago Vecino,O'Higgins,4,1
2026-07-15,Liga de Primera 2026,18,Felipe Chamorro,Deportes La Serena,4,0
2026-07-15,Liga de Primera 2026,19,Gonzalo Sosa,Deportes Limache,4,0
2026-07-15,Liga de Primera 2026,20,Ignacio Jeraldino,Ñublense,4,0
2026-07-15,Liga de Primera 2026,21,Clemente Montes,Universidad Católica,3,4
2026-07-15,Liga de Primera 2026,22,Diego Rubio,Deportes La Serena,3,3
2026-07-15,Liga de Primera 2026,23,Giovani Chiaverano,Audax Italiano,3,2
2026-07-15,Liga de Primera 2026,24,Lautaro Pastrán,Colo-Colo,3,2
2026-07-15,Liga de Primera 2026,25,Julián Brea,Cobresal,3,1
2026-07-15,Liga de Primera 2026,26,Alan Medina,Everton,3,1
2026-07-15,Liga de Primera 2026,27,Lucas Soto,Everton,3,1
2026-07-15,Liga de Primera 2026,28,Cris Martínez,Huachipato,3,1
2026-07-15,Liga de Primera 2026,29,Cecilio Waterman,Universidad de Concepción,3,1
2026-07-15,Liga de Primera 2026,30,Franco Troyansky,Audax Italiano,3,0
2026-07-15,Liga de Primera 2026,31,Diego Coelho,Audax Italiano,3,0
2026-07-15,Liga de Primera 2026,32,Alejandro Camargo,Coquimbo Unido,3,0
2026-07-15,Liga de Primera 2026,33,Vicente Álvarez,Deportes Limache,3,0
2026-07-15,Liga de Primera 2026,34,Cristian Palacios,Everton,3,0
2026-07-15,Liga de Primera 2026,35,Maximiliano Gutiérrez,Huachipato,3,0
2026-07-15,Liga de Primera 2026,36,Franco Rami,Ñublense,3,0
2026-07-15,Liga de Primera 2026,37,Arnaldo Castillo,O'Higgins,3,0
2026-07-15,Liga de Primera 2026,38,Matías Palavecino,Universidad Católica,2,5
2026-07-15,Liga de Primera 2026,39,Claudio Aquino,Colo-Colo,2,3
2026-07-15,Liga de Primera 2026,40,Leandro Hernández,Colo-Colo,2,2
2026-07-15,Liga de Primera 2026,41,Cristián Zavala,Coquimbo Unido,2,2
2026-07-15,Liga de Primera 2026,42,Mario Briceño,Huachipato,2,2
2026-07-15,Liga de Primera 2026,43,Gabriel Graciani,Ñublense,2,2
2026-07-15,Liga de Primera 2026,44,César Munder,Palestino,2,2
2026-07-15,Liga de Primera 2026,45,Maximiliano Guerrero,Universidad de Chile,2,2
2026-07-15,Liga de Primera 2026,46,Víctor Méndez,Colo-Colo,2,1
2026-07-15,Liga de Primera 2026,47,Alejandro Azócar,Coquimbo Unido,2,1
2026-07-15,Liga de Primera 2026,48,Yerko González,Deportes Limache,2,1
2026-07-15,Liga de Primera 2026,49,Martín Sarrafiore,O'Higgins,2,1
2026-07-15,Liga de Primera 2026,50,Bryan Carrasco,Palestino,2,1
2026-07-15,Liga de Primera 2026,51,Agustín Nadruz,Cobresal,2,0
2026-07-15,Liga de Primera 2026,52,Franco Frías,Cobresal,2,0
2026-07-15,Liga de Primera 2026,53,Álvaro Madrid,Colo-Colo,2,0
2026-07-15,Liga de Primera 2026,54,Jorge Henríquez,Deportes Concepción,2,0
2026-07-15,Liga de Primera 2026,55,Ignacio Mesías,Deportes Concepción,2,0
2026-07-15,Liga de Primera 2026,56,Nicolás Stefanelli,Deportes La Serena,2,0
2026-07-15,Liga de Primera 2026,57,Gonzalo Escalante,Deportes La Serena,2,0
2026-07-15,Liga de Primera 2026,58,Nicolás Montiel,Everton,2,0
2026-07-15,Liga de Primera 2026,59,Diego Sanhueza,Ñublense,2,0
2026-07-15,Liga de Primera 2026,60,Francisco Montes,Palestino,2,0
2026-07-15,Liga de Primera 2026,61,Gonzalo Tapia,Palestino,2,0
2026-07-15,Liga de Primera 2026,62,Matías Campos López,Unión La Calera,2,0
2026-07-15,Liga de Primera 2026,63,Rodrigo Cáseres,Unión La Calera,2,0
2026-07-15,Liga de Primera 2026,64,Javier Altamirano,Universidad de Chile,2,0
2026-07-15,Liga de Primera 2026,65,Nicolás Ramírez,Universidad de Chile,2,0
2026-07-15,Liga de Primera 2026,66,Luis Rojas,Universidad de Concepción,2,0
2026-07-15,Liga de Primera 2026,67,Jeison Fuentealba,Universidad de Concepción,2,0
2026-07-15,Liga de Primera 2026,68,Bryan Carvallo,Cobresal,1,5
2026-07-15,Liga de Primera 2026,69,Cristián Cuevas,Universidad Católica,1,5
2026-07-15,Liga de Primera 2026,70,Esteban Matus,Audax Italiano,1,3
2026-07-15,Liga de Primera 2026,71,Luis Riveros,Coquimbo Unido,1,3
2026-07-15,Liga de Primera 2026,72,Maximiliano Rodríguez,Huachipato,1,3
2026-07-15,Liga de Primera 2026,73,Julián Fernández,Palestino,1,3
2026-07-15,Liga de Primera 2026,74,Guillermo Pacheco,Cobresal,1,2
2026-07-15,Liga de Primera 2026,75,Marcos Arturia,Deportes Limache,1,2
2026-07-15,Liga de Primera 2026,76,Braian Martínez,Everton,1,2
2026-07-15,Liga de Primera 2026,77,Maicol León,Huachipato,1,2
2026-07-15,Liga de Primera 2026,78,Guillermo Guaiquil,Huachipato,1,2
2026-07-15,Liga de Primera 2026,79,Bryan Rabello,O'Higgins,1,2
2026-07-15,Liga de Primera 2026,80,Ian Garguez,Palestino,1,2
2026-07-15,Liga de Primera 2026,81,Jimmy Martínez,Universidad Católica,1,2
2026-07-15,Liga de Primera 2026,82,Diego Corral,Universidad Católica,1,2
2026-07-15,Liga de Primera 2026,83,Fabián Hormazábal,Universidad de Chile,1,2
2026-07-15,Liga de Primera 2026,84,Agustín Urzi,Universidad de Concepción,1,2
2026-07-15,Liga de Primera 2026,85,Federico Mateos,Audax Italiano,1,1
2026-07-15,Liga de Primera 2026,86,Benjamín Valenzuela,Cobresal,1,1
2026-07-15,Liga de Primera 2026,87,Yastin Cuevas,Colo-Colo,1,1
2026-07-15,Liga de Primera 2026,88,Jeyson Rojas,Colo-Colo,1,1
2026-07-15,Liga de Primera 2026,89,Arturo Vidal,Colo-Colo,1,1
2026-07-15,Liga de Primera 2026,90,Martín Mundaca,Coquimbo Unido,1,1
2026-07-15,Liga de Primera 2026,91,Bruno Gutiérrez,Deportes La Serena,1,1
2026-07-15,Liga de Primera 2026,92,Ángelo Henríquez,Deportes La Serena,1,1
2026-07-15,Liga de Primera 2026,93,Joaquín Montecinos,Deportes Limache,1,1
2026-07-15,Liga de Primera 2026,94,Flavio Moya,Deportes Limache,1,1
2026-07-15,Liga de Primera 2026,95,Nicolás Baeza,Everton,1,1
2026-07-15,Liga de Primera 2026,96,Julián Alfaro,Everton,1,1
2026-07-15,Liga de Primera 2026,97,Nicolás Vargas,Huachipato,1,1
2026-07-15,Liga de Primera 2026,98,Claudio Sepúlveda,Huachipato,1,1
2026-07-15,Liga de Primera 2026,99,Ignacio Tapia,Ñublense,1,1
2026-07-15,Liga de Primera 2026,100,Matías Plaza,Ñublense,1,1
2026-07-15,Liga de Primera 2026,101,Felipe Ogaz,O'Higgins,1,1
2026-07-15,Liga de Primera 2026,102,Martín Maturana,O'Higgins,1,1
2026-07-15,Liga de Primera 2026,103,Sebastián Gallegos,Palestino,1,1
2026-07-15,Liga de Primera 2026,104,Dilan Zúñiga,Palestino,1,1
2026-07-15,Liga de Primera 2026,105,Martín Araya,Palestino,1,1
2026-07-15,Liga de Primera 2026,106,Ronnie Fernández,Palestino,1,1
2026-07-15,Liga de Primera 2026,107,Jason León,Palestino,1,1
2026-07-15,Liga de Primera 2026,108,Agustín Arce,Universidad de Chile,1,1
2026-07-15,Liga de Primera 2026,109,Juan Martín Lucero,Universidad de Chile,1,1
2026-07-15,Liga de Primera 2026,110,Ignacio Vásquez,Universidad de Chile,1,1
2026-07-15,Liga de Primera 2026,111,Antonio Díaz,Universidad de Concepción,1,1
2026-07-15,Liga de Primera 2026,112,Michael Vadulli,Audax Italiano,1,0
2026-07-15,Liga de Primera 2026,113,Rodrigo Cabral,Audax Italiano,1,0
2026-07-15,Liga de Primera 2026,114,Enzo Ferrario,Audax Italiano,1,0
2026-07-15,Liga de Primera 2026,115,Marco Collao,Audax Italiano,1,0
2026-07-15,Liga de Primera 2026,116,Vicente Zenteno,Audax Italiano,1,0
2026-07-15,Liga de Primera 2026,117,José Tiznado,Cobresal,1,0
2026-07-15,Liga de Primera 2026,118,Joaquín Sosa,Colo-Colo,1,0
2026-07-15,Liga de Primera 2026,119,Guido Vadalá,Coquimbo Unido,1,0
2026-07-15,Liga de Primera 2026,120,Sebastián Galani,Coquimbo Unido,1,0
2026-07-15,Liga de Primera 2026,121,Lucas Pratto,Coquimbo Unido,1,0
2026-07-15,Liga de Primera 2026,122,Manuel Fernández,Coquimbo Unido,1,0
2026-07-15,Liga de Primera 2026,123,Pablo Rodríguez,Coquimbo Unido,1,0
2026-07-15,Liga de Primera 2026,124,Fausto Grillo,Deportes Concepción,1,0
2026-07-15,Liga de Primera 2026,125,Joaquín Larrivey,Deportes Concepción,1,0
2026-07-15,Liga de Primera 2026,126,Ariel Cáceres,Deportes Concepción,1,0
2026-07-15,Liga de Primera 2026,127,Mario Sandoval,Deportes Concepción,1,0
2026-07-15,Liga de Primera 2026,128,Aldrix Jara,Deportes Concepción,1,0
2026-07-15,Liga de Primera 2026,129,Ethan Espinoza,Deportes Concepción,1,0
2026-07-15,Liga de Primera 2026,130,Sebastián Díaz,Deportes La Serena,1,0
2026-07-15,Liga de Primera 2026,131,Lucas Alarcón,Deportes La Serena,1,0
2026-07-15,Liga de Primera 2026,132,Matías Marín,Deportes La Serena,1,0
2026-07-15,Liga de Primera 2026,133,César Pinares,Deportes Limache,1,0
2026-07-15,Liga de Primera 2026,134,Misael Llantén,Deportes Limache,1,0
2026-07-15,Liga de Primera 2026,135,César Fuentes,Deportes Limache,1,0
2026-07-15,Liga de Primera 2026,136,Ramón Martínez,Deportes Limache,1,0
2026-07-15,Liga de Primera 2026,137,Santiago Londoño,Everton,1,0
2026-07-15,Liga de Primera 2026,138,Renzo Malanca,Huachipato,1,0
2026-07-15,Liga de Primera 2026,139,Santiago Silva,Huachipato,1,0
2026-07-15,Liga de Primera 2026,140,Kevin Altez,Huachipato,1,0
2026-07-15,Liga de Primera 2026,141,Diego Céspedes,Ñublense,1,0
2026-07-15,Liga de Primera 2026,142,Giovanny Ávalos,Ñublense,1,0
2026-07-15,Liga de Primera 2026,143,Lorenzo Reyes,Ñublense,1,0
2026-07-15,Liga de Primera 2026,144,Lucas Molina,Ñublense,1,0
2026-07-15,Liga de Primera 2026,145,Miguel Brizuela,O'Higgins,1,0
2026-07-15,Liga de Primera 2026,146,Bastián Yáñez,O'Higgins,1,0
2026-07-15,Liga de Primera 2026,147,Vicente Espinoza,Palestino,1,0
2026-07-15,Liga de Primera 2026,148,Bayron Oyarzo,Unión La Calera,1,0
2026-07-15,Liga de Primera 2026,149,Francisco Pozzo,Unión La Calera,1,0
2026-07-15,Liga de Primera 2026,150,Juan Ignacio Díaz,Universidad Católica,1,0
2026-07-15,Liga de Primera 2026,151,Branco Ampuero,Universidad Católica,1,0
2026-07-15,Liga de Primera 2026,152,Juan Rossel,Universidad Católica,1,0
2026-07-15,Liga de Primera 2026,153,Matías Zaldivia,Universidad de Chile,1,0
2026-07-15,Liga de Primera 2026,154,Bianneider Tamayo,Universidad de Chile,1,0
2026-07-15,Liga de Primera 2026,155,Daniel Barrea,Universidad de Concepción,1,0
2026-07-15,Liga de Primera 2026,156,Cristhofer Mesías,Universidad de Concepción,1,0
2026-07-15,Liga de Primera 2026,157,Osvaldo González,Universidad de Concepción,1,0
2026-07-16,Liga de Primera 2026,1,Fernando Zampedri,Universidad Católica,15,2
2026-07-16,Liga de Primera 2026,2,Daniel Castro,Deportes Limache,8,5
2026-07-16,Liga de Primera 2026,3,Justo Giani,Universidad Católica,8,3
2026-07-16,Liga de Primera 2026,4,Javier Correa,Colo-Colo,8,2
2026-07-16,Liga de Primera 2026,5,Sebastián Sáez,Unión La Calera,8,1
2026-07-16,Liga de Primera 2026,6,Nelson Da Silva,Palestino,7,2
2026-07-16,Liga de Primera 2026,7,Lionel Altamirano,Huachipato,6,1
2026-07-16,Liga de Primera 2026,8,Steffan Pino,Cobresal,6,0
2026-07-16,Liga de Primera 2026,9,Jean Meneses,Deportes Limache,5,8
2026-07-16,Liga de Primera 2026,10,Jeisson Vargas,Deportes La Serena,5,5
2026-07-16,Liga de Primera 2026,11,Francisco González,O'Higgins,5,4
2026-07-16,Liga de Primera 2026,12,Maximiliano Romero,Colo-Colo,5,1
2026-07-16,Liga de Primera 2026,13,Eduardo Vargas,Universidad de Chile,5,1
2026-07-16,Liga de Primera 2026,14,Nicolás Johansen,Coquimbo Unido,5,0
2026-07-16,Liga de Primera 2026,15,Kevin Méndez,Unión La Calera,4,6
2026-07-16,Liga de Primera 2026,16,Leonardo Valencia,Deportes Concepción,4,2
2026-07-16,Liga de Primera 2026,17,Thiago Vecino,O'Higgins,4,1
2026-07-16,Liga de Primera 2026,18,Felipe Chamorro,Deportes La Serena,4,0
2026-07-16,Liga de Primera 2026,19,Gonzalo Sosa,Deportes Limache,4,0
2026-07-16,Liga de Primera 2026,20,Ignacio Jeraldino,Ñublense,4,0
2026-07-16,Liga de Primera 2026,21,Clemente Montes,Universidad Católica,3,4
2026-07-16,Liga de Primera 2026,22,Diego Rubio,Deportes La Serena,3,3
2026-07-16,Liga de Primera 2026,23,Giovani Chiaverano,Audax Italiano,3,2
2026-07-16,Liga de Primera 2026,24,Lautaro Pastrán,Colo-Colo,3,2
2026-07-16,Liga de Primera 2026,25,Julián Brea,Cobresal,3,1
2026-07-16,Liga de Primera 2026,26,Alan Medina,Everton,3,1
2026-07-16,Liga de Primera 2026,27,Lucas Soto,Everton,3,1
2026-07-16,Liga de Primera 2026,28,Cris Martínez,Huachipato,3,1
2026-07-16,Liga de Primera 2026,29,Cecilio Waterman,Universidad de Concepción,3,1
2026-07-16,Liga de Primera 2026,30,Franco Troyansky,Audax Italiano,3,0
2026-07-16,Liga de Primera 2026,31,Diego Coelho,Audax Italiano,3,0
2026-07-16,Liga de Primera 2026,32,Alejandro Camargo,Coquimbo Unido,3,0
2026-07-16,Liga de Primera 2026,33,Vicente Álvarez,Deportes Limache,3,0
2026-07-16,Liga de Primera 2026,34,Cristian Palacios,Everton,3,0
2026-07-16,Liga de Primera 2026,35,Maximiliano Gutiérrez,Huachipato,3,0
2026-07-16,Liga de Primera 2026,36,Franco Rami,Ñublense,3,0
2026-07-16,Liga de Primera 2026,37,Arnaldo Castillo,O'Higgins,3,0
2026-07-16,Liga de Primera 2026,38,Matías Palavecino,Universidad Católica,2,5
2026-07-16,Liga de Primera 2026,39,Claudio Aquino,Colo-Colo,2,3
2026-07-16,Liga de Primera 2026,40,Leandro Hernández,Colo-Colo,2,2
2026-07-16,Liga de Primera 2026,41,Cristián Zavala,Coquimbo Unido,2,2
2026-07-16,Liga de Primera 2026,42,Mario Briceño,Huachipato,2,2
2026-07-16,Liga de Primera 2026,43,Gabriel Graciani,Ñublense,2,2
2026-07-16,Liga de Primera 2026,44,César Munder,Palestino,2,2
2026-07-16,Liga de Primera 2026,45,Maximiliano Guerrero,Universidad de Chile,2,2
2026-07-16,Liga de Primera 2026,46,Víctor Méndez,Colo-Colo,2,1
2026-07-16,Liga de Primera 2026,47,Alejandro Azócar,Coquimbo Unido,2,1
2026-07-16,Liga de Primera 2026,48,Yerko González,Deportes Limache,2,1
2026-07-16,Liga de Primera 2026,49,Martín Sarrafiore,O'Higgins,2,1
2026-07-16,Liga de Primera 2026,50,Bryan Carrasco,Palestino,2,1
2026-07-16,Liga de Primera 2026,51,Agustín Nadruz,Cobresal,2,0
2026-07-16,Liga de Primera 2026,52,Franco Frías,Cobresal,2,0
2026-07-16,Liga de Primera 2026,53,Álvaro Madrid,Colo-Colo,2,0
2026-07-16,Liga de Primera 2026,54,Jorge Henríquez,Deportes Concepción,2,0
2026-07-16,Liga de Primera 2026,55,Ignacio Mesías,Deportes Concepción,2,0
2026-07-16,Liga de Primera 2026,56,Nicolás Stefanelli,Deportes La Serena,2,0
2026-07-16,Liga de Primera 2026,57,Gonzalo Escalante,Deportes La Serena,2,0
2026-07-16,Liga de Primera 2026,58,Nicolás Montiel,Everton,2,0
2026-07-16,Liga de Primera 2026,59,Diego Sanhueza,Ñublense,2,0
2026-07-16,Liga de Primera 2026,60,Francisco Montes,Palestino,2,0
2026-07-16,Liga de Primera 2026,61,Gonzalo Tapia,Palestino,2,0
2026-07-16,Liga de Primera 2026,62,Matías Campos López,Unión La Calera,2,0
2026-07-16,Liga de Primera 2026,63,Rodrigo Cáseres,Unión La Calera,2,0
2026-07-16,Liga de Primera 2026,64,Javier Altamirano,Universidad de Chile,2,0
2026-07-16,Liga de Primera 2026,65,Nicolás Ramírez,Universidad de Chile,2,0
2026-07-16,Liga de Primera 2026,66,Luis Rojas,Universidad de Concepción,2,0
2026-07-16,Liga de Primera 2026,67,Jeison Fuentealba,Universidad de Concepción,2,0
2026-07-16,Liga de Primera 2026,68,Bryan Carvallo,Cobresal,1,5
2026-07-16,Liga de Primera 2026,69,Cristián Cuevas,Universidad Católica,1,5
2026-07-16,Liga de Primera 2026,70,Esteban Matus,Audax Italiano,1,3
2026-07-16,Liga de Primera 2026,71,Luis Riveros,Coquimbo Unido,1,3
2026-07-16,Liga de Primera 2026,72,Maximiliano Rodríguez,Huachipato,1,3
2026-07-16,Liga de Primera 2026,73,Julián Fernández,Palestino,1,3
2026-07-16,Liga de Primera 2026,74,Guillermo Pacheco,Cobresal,1,2
2026-07-16,Liga de Primera 2026,75,Marcos Arturia,Deportes Limache,1,2
2026-07-16,Liga de Primera 2026,76,Braian Martínez,Everton,1,2
2026-07-16,Liga de Primera 2026,77,Maicol León,Huachipato,1,2
2026-07-16,Liga de Primera 2026,78,Guillermo Guaiquil,Huachipato,1,2
2026-07-16,Liga de Primera 2026,79,Bryan Rabello,O'Higgins,1,2
2026-07-16,Liga de Primera 2026,80,Ian Garguez,Palestino,1,2
2026-07-16,Liga de Primera 2026,81,Jimmy Martínez,Universidad Católica,1,2
2026-07-16,Liga de Primera 2026,82,Diego Corral,Universidad Católica,1,2
2026-07-16,Liga de Primera 2026,83,Fabián Hormazábal,Universidad de Chile,1,2
2026-07-16,Liga de Primera 2026,84,Agustín Urzi,Universidad de Concepción,1,2
2026-07-16,Liga de Primera 2026,85,Federico Mateos,Audax Italiano,1,1
2026-07-16,Liga de Primera 2026,86,Benjamín Valenzuela,Cobresal,1,1
2026-07-16,Liga de Primera 2026,87,Yastin Cuevas,Colo-Colo,1,1
2026-07-16,Liga de Primera 2026,88,Jeyson Rojas,Colo-Colo,1,1
2026-07-16,Liga de Primera 2026,89,Arturo Vidal,Colo-Colo,1,1
2026-07-16,Liga de Primera 2026,90,Martín Mundaca,Coquimbo Unido,1,1
2026-07-16,Liga de Primera 2026,91,Bruno Gutiérrez,Deportes La Serena,1,1
2026-07-16,Liga de Primera 2026,92,Ángelo Henríquez,Deportes La Serena,1,1
2026-07-16,Liga de Primera 2026,93,Joaquín Montecinos,Deportes Limache,1,1
2026-07-16,Liga de Primera 2026,94,Flavio Moya,Deportes Limache,1,1
2026-07-16,Liga de Primera 2026,95,Nicolás Baeza,Everton,1,1
2026-07-16,Liga de Primera 2026,96,Julián Alfaro,Everton,1,1
2026-07-16,Liga de Primera 2026,97,Nicolás Vargas,Huachipato,1,1
2026-07-16,Liga de Primera 2026,98,Claudio Sepúlveda,Huachipato,1,1
2026-07-16,Liga de Primera 2026,99,Ignacio Tapia,Ñublense,1,1
2026-07-16,Liga de Primera 2026,100,Matías Plaza,Ñublense,1,1
2026-07-16,Liga de Primera 2026,101,Felipe Ogaz,O'Higgins,1,1
2026-07-16,Liga de Primera 2026,102,Martín Maturana,O'Higgins,1,1
2026-07-16,Liga de Primera 2026,103,Sebastián Gallegos,Palestino,1,1
2026-07-16,Liga de Primera 2026,104,Dilan Zúñiga,Palestino,1,1
2026-07-16,Liga de Primera 2026,105,Martín Araya,Palestino,1,1
2026-07-16,Liga de Primera 2026,106,Ronnie Fernández,Palestino,1,1
2026-07-16,Liga de Primera 2026,107,Jason León,Palestino,1,1
2026-07-16,Liga de Primera 2026,108,Agustín Arce,Universidad de Chile,1,1
2026-07-16,Liga de Primera 2026,109,Juan Martín Lucero,Universidad de Chile,1,1
2026-07-16,Liga de Primera 2026,110,Ignacio Vásquez,Universidad de Chile,1,1
2026-07-16,Liga de Primera 2026,111,Antonio Díaz,Universidad de Concepción,1,1
2026-07-16,Liga de Primera 2026,112,Michael Vadulli,Audax Italiano,1,0
2026-07-16,Liga de Primera 2026,113,Rodrigo Cabral,Audax Italiano,1,0
2026-07-16,Liga de Primera 2026,114,Enzo Ferrario,Audax Italiano,1,0
2026-07-16,Liga de Primera 2026,115,Marco Collao,Audax Italiano,1,0
2026-07-16,Liga de Primera 2026,116,Vicente Zenteno,Audax Italiano,1,0
2026-07-16,Liga de Primera 2026,117,José Tiznado,Cobresal,1,0
2026-07-16,Liga de Primera 2026,118,Joaquín Sosa,Colo-Colo,1,0
2026-07-16,Liga de Primera 2026,119,Guido Vadalá,Coquimbo Unido,1,0
2026-07-16,Liga de Primera 2026,120,Sebastián Galani,Coquimbo Unido,1,0
2026-07-16,Liga de Primera 2026,121,Lucas Pratto,Coquimbo Unido,1,0
2026-07-16,Liga de Primera 2026,122,Manuel Fernández,Coquimbo Unido,1,0
2026-07-16,Liga de Primera 2026,123,Pablo Rodríguez,Coquimbo Unido,1,0
2026-07-16,Liga de Primera 2026,124,Fausto Grillo,Deportes Concepción,1,0
2026-07-16,Liga de Primera 2026,125,Joaquín Larrivey,Deportes Concepción,1,0
2026-07-16,Liga de Primera 2026,126,Ariel Cáceres,Deportes Concepción,1,0
2026-07-16,Liga de Primera 2026,127,Mario Sandoval,Deportes Concepción,1,0
2026-07-16,Liga de Primera 2026,128,Aldrix Jara,Deportes Concepción,1,0
2026-07-16,Liga de Primera 2026,129,Ethan Espinoza,Deportes Concepción,1,0
2026-07-16,Liga de Primera 2026,130,Sebastián Díaz,Deportes La Serena,1,0
2026-07-16,Liga de Primera 2026,131,Lucas Alarcón,Deportes La Serena,1,0
2026-07-16,Liga de Primera 2026,132,Matías Marín,Deportes La Serena,1,0
2026-07-16,Liga de Primera 2026,133,César Pinares,Deportes Limache,1,0
2026-07-16,Liga de Primera 2026,134,Misael Llantén,Deportes Limache,1,0
2026-07-16,Liga de Primera 2026,135,César Fuentes,Deportes Limache,1,0
2026-07-16,Liga de Primera 2026,136,Ramón Martínez,Deportes Limache,1,0
2026-07-16,Liga de Primera 2026,137,Santiago Londoño,Everton,1,0
2026-07-16,Liga de Primera 2026,138,Renzo Malanca,Huachipato,1,0
2026-07-16,Liga de Primera 2026,139,Santiago Silva,Huachipato,1,0
2026-07-16,Liga de Primera 2026,140,Kevin Altez,Huachipato,1,0
2026-07-16,Liga de Primera 2026,141,Diego Céspedes,Ñublense,1,0
2026-07-16,Liga de Primera 2026,142,Giovanny Ávalos,Ñublense,1,0
2026-07-16,Liga de Primera 2026,143,Lorenzo Reyes,Ñublense,1,0
2026-07-16,Liga de Primera 2026,144,Lucas Molina,Ñublense,1,0
2026-07-16,Liga de Primera 2026,145,Miguel Brizuela,O'Higgins,1,0
2026-07-16,Liga de Primera 2026,146,Bastián Yáñez,O'Higgins,1,0
2026-07-16,Liga de Primera 2026,147,Vicente Espinoza,Palestino,1,0
2026-07-16,Liga de Primera 2026,148,Bayron Oyarzo,Unión La Calera,1,0
2026-07-16,Liga de Primera 2026,149,Francisco Pozzo,Unión La Calera,1,0
2026-07-16,Liga de Primera 2026,150,Juan Ignacio Díaz,Universidad Católica,1,0
2026-07-16,Liga de Primera 2026,151,Branco Ampuero,Universidad Católica,1,0
2026-07-16,Liga de Primera 2026,152,Juan Rossel,Universidad Católica,1,0
2026-07-16,Liga de Primera 2026,153,Matías Zaldivia,Universidad de Chile,1,0
2026-07-16,Liga de Primera 2026,154,Bianneider Tamayo,Universidad de Chile,1,0
2026-07-16,Liga de Primera 2026,155,Daniel Barrea,Universidad de Concepción,1,0
2026-07-16,Liga de Primera 2026,156,Cristhofer Mesías,Universidad de Concepción,1,0
2026-07-16,Liga de Primera 2026,157,Osvaldo González,Universidad de Concepción,1,0
2026-07-17,Liga de Primera 2026,1,Fernando Zampedri,Universidad Católica,15,2
2026-07-17,Liga de Primera 2026,2,Daniel Castro,Deportes Limache,8,5
2026-07-17,Liga de Primera 2026,3,Justo Giani,Universidad Católica,8,3
2026-07-17,Liga de Primera 2026,4,Javier Correa,Colo-Colo,8,2
2026-07-17,Liga de Primera 2026,5,Sebastián Sáez,Unión La Calera,8,1
2026-07-17,Liga de Primera 2026,6,Nelson Da Silva,Palestino,7,2
2026-07-17,Liga de Primera 2026,7,Lionel Altamirano,Huachipato,6,1
2026-07-17,Liga de Primera 2026,8,Steffan Pino,Cobresal,6,0
2026-07-17,Liga de Primera 2026,9,Jean Meneses,Deportes Limache,5,8
2026-07-17,Liga de Primera 2026,10,Jeisson Vargas,Deportes La Serena,5,5
2026-07-17,Liga de Primera 2026,11,Francisco González,O'Higgins,5,4
2026-07-17,Liga de Primera 2026,12,Maximiliano Romero,Colo-Colo,5,1
2026-07-17,Liga de Primera 2026,13,Eduardo Vargas,Universidad de Chile,5,1
2026-07-17,Liga de Primera 2026,14,Nicolás Johansen,Coquimbo Unido,5,0
2026-07-17,Liga de Primera 2026,15,Kevin Méndez,Unión La Calera,4,6
2026-07-17,Liga de Primera 2026,16,Leonardo Valencia,Deportes Concepción,4,2
2026-07-17,Liga de Primera 2026,17,Thiago Vecino,O'Higgins,4,1
2026-07-17,Liga de Primera 2026,18,Felipe Chamorro,Deportes La Serena,4,0
2026-07-17,Liga de Primera 2026,19,Gonzalo Sosa,Deportes Limache,4,0
2026-07-17,Liga de Primera 2026,20,Ignacio Jeraldino,Ñublense,4,0
2026-07-17,Liga de Primera 2026,21,Clemente Montes,Universidad Católica,3,4
2026-07-17,Liga de Primera 2026,22,Diego Rubio,Deportes La Serena,3,3
2026-07-17,Liga de Primera 2026,23,Giovani Chiaverano,Audax Italiano,3,2
2026-07-17,Liga de Primera 2026,24,Lautaro Pastrán,Colo-Colo,3,2
2026-07-17,Liga de Primera 2026,25,Julián Brea,Cobresal,3,1
2026-07-17,Liga de Primera 2026,26,Alan Medina,Everton,3,1
2026-07-17,Liga de Primera 2026,27,Lucas Soto,Everton,3,1
2026-07-17,Liga de Primera 2026,28,Cris Martínez,Huachipato,3,1
2026-07-17,Liga de Primera 2026,29,Cecilio Waterman,Universidad de Concepción,3,1
2026-07-17,Liga de Primera 2026,30,Franco Troyansky,Audax Italiano,3,0
2026-07-17,Liga de Primera 2026,31,Diego Coelho,Audax Italiano,3,0
2026-07-17,Liga de Primera 2026,32,Alejandro Camargo,Coquimbo Unido,3,0
2026-07-17,Liga de Primera 2026,33,Vicente Álvarez,Deportes Limache,3,0
2026-07-17,Liga de Primera 2026,34,Cristian Palacios,Everton,3,0
2026-07-17,Liga de Primera 2026,35,Maximiliano Gutiérrez,Huachipato,3,0
2026-07-17,Liga de Primera 2026,36,Franco Rami,Ñublense,3,0
2026-07-17,Liga de Primera 2026,37,Arnaldo Castillo,O'Higgins,3,0
2026-07-17,Liga de Primera 2026,38,Matías Palavecino,Universidad Católica,2,5
2026-07-17,Liga de Primera 2026,39,Claudio Aquino,Colo-Colo,2,3
2026-07-17,Liga de Primera 2026,40,Leandro Hernández,Colo-Colo,2,2
2026-07-17,Liga de Primera 2026,41,Cristián Zavala,Coquimbo Unido,2,2
2026-07-17,Liga de Primera 2026,42,Mario Briceño,Huachipato,2,2
2026-07-17,Liga de Primera 2026,43,Gabriel Graciani,Ñublense,2,2
2026-07-17,Liga de Primera 2026,44,César Munder,Palestino,2,2
2026-07-17,Liga de Primera 2026,45,Maximiliano Guerrero,Universidad de Chile,2,2
2026-07-17,Liga de Primera 2026,46,Víctor Méndez,Colo-Colo,2,1
2026-07-17,Liga de Primera 2026,47,Alejandro Azócar,Coquimbo Unido,2,1
2026-07-17,Liga de Primera 2026,48,Yerko González,Deportes Limache,2,1
2026-07-17,Liga de Primera 2026,49,Martín Sarrafiore,O'Higgins,2,1
2026-07-17,Liga de Primera 2026,50,Bryan Carrasco,Palestino,2,1
2026-07-17,Liga de Primera 2026,51,Agustín Nadruz,Cobresal,2,0
2026-07-17,Liga de Primera 2026,52,Franco Frías,Cobresal,2,0
2026-07-17,Liga de Primera 2026,53,Álvaro Madrid,Colo-Colo,2,0
2026-07-17,Liga de Primera 2026,54,Jorge Henríquez,Deportes Concepción,2,0
2026-07-17,Liga de Primera 2026,55,Ignacio Mesías,Deportes Concepción,2,0
2026-07-17,Liga de Primera 2026,56,Nicolás Stefanelli,Deportes La Serena,2,0
2026-07-17,Liga de Primera 2026,57,Gonzalo Escalante,Deportes La Serena,2,0
2026-07-17,Liga de Primera 2026,58,Nicolás Montiel,Everton,2,0
2026-07-17,Liga de Primera 2026,59,Diego Sanhueza,Ñublense,2,0
2026-07-17,Liga de Primera 2026,60,Francisco Montes,Palestino,2,0
2026-07-17,Liga de Primera 2026,61,Gonzalo Tapia,Palestino,2,0
2026-07-17,Liga de Primera 2026,62,Matías Campos López,Unión La Calera,2,0
2026-07-17,Liga de Primera 2026,63,Rodrigo Cáseres,Unión La Calera,2,0
2026-07-17,Liga de Primera 2026,64,Javier Altamirano,Universidad de Chile,2,0
2026-07-17,Liga de Primera 2026,65,Nicolás Ramírez,Universidad de Chile,2,0
2026-07-17,Liga de Primera 2026,66,Luis Rojas,Universidad de Concepción,2,0
2026-07-17,Liga de Primera 2026,67,Jeison Fuentealba,Universidad de Concepción,2,0
2026-07-17,Liga de Primera 2026,68,Bryan Carvallo,Cobresal,1,5
2026-07-17,Liga de Primera 2026,69,Cristián Cuevas,Universidad Católica,1,5
2026-07-17,Liga de Primera 2026,70,Esteban Matus,Audax Italiano,1,3
2026-07-17,Liga de Primera 2026,71,Luis Riveros,Coquimbo Unido,1,3
2026-07-17,Liga de Primera 2026,72,Maximiliano Rodríguez,Huachipato,1,3
2026-07-17,Liga de Primera 2026,73,Julián Fernández,Palestino,1,3
2026-07-17,Liga de Primera 2026,74,Guillermo Pacheco,Cobresal,1,2
2026-07-17,Liga de Primera 2026,75,Marcos Arturia,Deportes Limache,1,2
2026-07-17,Liga de Primera 2026,76,Braian Martínez,Everton,1,2
2026-07-17,Liga de Primera 2026,77,Maicol León,Huachipato,1,2
2026-07-17,Liga de Primera 2026,78,Guillermo Guaiquil,Huachipato,1,2
2026-07-17,Liga de Primera 2026,79,Bryan Rabello,O'Higgins,1,2
2026-07-17,Liga de Primera 2026,80,Ian Garguez,Palestino,1,2
2026-07-17,Liga de Primera 2026,81,Jimmy Martínez,Universidad Católica,1,2
2026-07-17,Liga de Primera 2026,82,Diego Corral,Universidad Católica,1,2
2026-07-17,Liga de Primera 2026,83,Fabián Hormazábal,Universidad de Chile,1,2
2026-07-17,Liga de Primera 2026,84,Agustín Urzi,Universidad de Concepción,1,2
2026-07-17,Liga de Primera 2026,85,Federico Mateos,Audax Italiano,1,1
2026-07-17,Liga de Primera 2026,86,Benjamín Valenzuela,Cobresal,1,1
2026-07-17,Liga de Primera 2026,87,Yastin Cuevas,Colo-Colo,1,1
2026-07-17,Liga de Primera 2026,88,Jeyson Rojas,Colo-Colo,1,1
2026-07-17,Liga de Primera 2026,89,Arturo Vidal,Colo-Colo,1,1
2026-07-17,Liga de Primera 2026,90,Martín Mundaca,Coquimbo Unido,1,1
2026-07-17,Liga de Primera 2026,91,Bruno Gutiérrez,Deportes La Serena,1,1
2026-07-17,Liga de Primera 2026,92,Ángelo Henríquez,Deportes La Serena,1,1
2026-07-17,Liga de Primera 2026,93,Joaquín Montecinos,Deportes Limache,1,1
2026-07-17,Liga de Primera 2026,94,Flavio Moya,Deportes Limache,1,1
2026-07-17,Liga de Primera 2026,95,Nicolás Baeza,Everton,1,1
2026-07-17,Liga de Primera 2026,96,Julián Alfaro,Everton,1,1
2026-07-17,Liga de Primera 2026,97,Nicolás Vargas,Huachipato,1,1
2026-07-17,Liga de Primera 2026,98,Claudio Sepúlveda,Huachipato,1,1
2026-07-17,Liga de Primera 2026,99,Ignacio Tapia,Ñublense,1,1
2026-07-17,Liga de Primera 2026,100,Matías Plaza,Ñublense,1,1
2026-07-17,Liga de Primera 2026,101,Felipe Ogaz,O'Higgins,1,1
2026-07-17,Liga de Primera 2026,102,Martín Maturana,O'Higgins,1,1
2026-07-17,Liga de Primera 2026,103,Sebastián Gallegos,Palestino,1,1
2026-07-17,Liga de Primera 2026,104,Dilan Zúñiga,Palestino,1,1
2026-07-17,Liga de Primera 2026,105,Martín Araya,Palestino,1,1
2026-07-17,Liga de Primera 2026,106,Ronnie Fernández,Palestino,1,1
2026-07-17,Liga de Primera 2026,107,Jason León,Palestino,1,1
2026-07-17,Liga de Primera 2026,108,Agustín Arce,Universidad de Chile,1,1
2026-07-17,Liga de Primera 2026,109,Juan Martín Lucero,Universidad de Chile,1,1
2026-07-17,Liga de Primera 2026,110,Ignacio Vásquez,Universidad de Chile,1,1
2026-07-17,Liga de Primera 2026,111,Antonio Díaz,Universidad de Concepción,1,1
2026-07-17,Liga de Primera 2026,112,Michael Vadulli,Audax Italiano,1,0
2026-07-17,Liga de Primera 2026,113,Rodrigo Cabral,Audax Italiano,1,0
2026-07-17,Liga de Primera 2026,114,Enzo Ferrario,Audax Italiano,1,0
2026-07-17,Liga de Primera 2026,115,Marco Collao,Audax Italiano,1,0
2026-07-17,Liga de Primera 2026,116,Vicente Zenteno,Audax Italiano,1,0
2026-07-17,Liga de Primera 2026,117,José Tiznado,Cobresal,1,0
2026-07-17,Liga de Primera 2026,118,Joaquín Sosa,Colo-Colo,1,0
2026-07-17,Liga de Primera 2026,119,Guido Vadalá,Coquimbo Unido,1,0
2026-07-17,Liga de Primera 2026,120,Sebastián Galani,Coquimbo Unido,1,0
2026-07-17,Liga de Primera 2026,121,Lucas Pratto,Coquimbo Unido,1,0
2026-07-17,Liga de Primera 2026,122,Manuel Fernández,Coquimbo Unido,1,0
2026-07-17,Liga de Primera 2026,123,Pablo Rodríguez,Coquimbo Unido,1,0
2026-07-17,Liga de Primera 2026,124,Fausto Grillo,Deportes Concepción,1,0
2026-07-17,Liga de Primera 2026,125,Joaquín Larrivey,Deportes Concepción,1,0
2026-07-17,Liga de Primera 2026,126,Ariel Cáceres,Deportes Concepción,1,0
2026-07-17,Liga de Primera 2026,127,Mario Sandoval,Deportes Concepción,1,0
2026-07-17,Liga de Primera 2026,128,Aldrix Jara,Deportes Concepción,1,0
2026-07-17,Liga de Primera 2026,129,Ethan Espinoza,Deportes Concepción,1,0
2026-07-17,Liga de Primera 2026,130,Sebastián Díaz,Deportes La Serena,1,0
2026-07-17,Liga de Primera 2026,131,Lucas Alarcón,Deportes La Serena,1,0
2026-07-17,Liga de Primera 2026,132,Matías Marín,Deportes La Serena,1,0
2026-07-17,Liga de Primera 2026,133,César Pinares,Deportes Limache,1,0
2026-07-17,Liga de Primera 2026,134,Misael Llantén,Deportes Limache,1,0
2026-07-17,Liga de Primera 2026,135,César Fuentes,Deportes Limache,1,0
2026-07-17,Liga de Primera 2026,136,Ramón Martínez,Deportes Limache,1,0
2026-07-17,Liga de Primera 2026,137,Santiago Londoño,Everton,1,0
2026-07-17,Liga de Primera 2026,138,Renzo Malanca,Huachipato,1,0
2026-07-17,Liga de Primera 2026,139,Santiago Silva,Huachipato,1,0
2026-07-17,Liga de Primera 2026,140,Kevin Altez,Huachipato,1,0
2026-07-17,Liga de Primera 2026,141,Diego Céspedes,Ñublense,1,0
2026-07-17,Liga de Primera 2026,142,Giovanny Ávalos,Ñublense,1,0
2026-07-17,Liga de Primera 2026,143,Lorenzo Reyes,Ñublense,1,0
2026-07-17,Liga de Primera 2026,144,Lucas Molina,Ñublense,1,0
2026-07-17,Liga de Primera 2026,145,Miguel Brizuela,O'Higgins,1,0
2026-07-17,Liga de Primera 2026,146,Bastián Yáñez,O'Higgins,1,0
2026-07-17,Liga de Primera 2026,147,Vicente Espinoza,Palestino,1,0
2026-07-17,Liga de Primera 2026,148,Bayron Oyarzo,Unión La Calera,1,0
2026-07-17,Liga de Primera 2026,149,Francisco Pozzo,Unión La Calera,1,0
2026-07-17,Liga de Primera 2026,150,Juan Ignacio Díaz,Universidad Católica,1,0
2026-07-17,Liga de Primera 2026,151,Branco Ampuero,Universidad Católica,1,0
2026-07-17,Liga de Primera 2026,152,Juan Rossel,Universidad Católica,1,0
2026-07-17,Liga de Primera 2026,153,Matías Zaldivia,Universidad de Chile,1,0
2026-07-17,Liga de Primera 2026,154,Bianneider Tamayo,Universidad de Chile,1,0
2026-07-17,Liga de Primera 2026,155,Daniel Barrea,Universidad de Concepción,1,0
2026-07-17,Liga de Primera 2026,156,Cristhofer Mesías,Universidad de Concepción,1,0
2026-07-17,Liga de Primera 2026,157,Osvaldo González,Universidad de Concepción,1,0
2026-07-18,Liga de Primera 2026,1,Fernando Zampedri,Universidad Católica,15,2
2026-07-18,Liga de Primera 2026,2,Daniel Castro,Deportes Limache,8,5
2026-07-18,Liga de Primera 2026,3,Justo Giani,Universidad Católica,8,3
2026-07-18,Liga de Primera 2026,4,Javier Correa,Colo-Colo,8,2
2026-07-18,Liga de Primera 2026,5,Sebastián Sáez,Unión La Calera,8,1
2026-07-18,Liga de Primera 2026,6,Nelson Da Silva,Palestino,7,2
2026-07-18,Liga de Primera 2026,7,Lionel Altamirano,Huachipato,6,1
2026-07-18,Liga de Primera 2026,8,Steffan Pino,Cobresal,6,0
2026-07-18,Liga de Primera 2026,9,Jean Meneses,Deportes Limache,5,8
2026-07-18,Liga de Primera 2026,10,Jeisson Vargas,Deportes La Serena,5,5
2026-07-18,Liga de Primera 2026,11,Francisco González,O'Higgins,5,4
2026-07-18,Liga de Primera 2026,12,Maximiliano Romero,Colo-Colo,5,1
2026-07-18,Liga de Primera 2026,13,Eduardo Vargas,Universidad de Chile,5,1
2026-07-18,Liga de Primera 2026,14,Nicolás Johansen,Coquimbo Unido,5,0
2026-07-18,Liga de Primera 2026,15,Kevin Méndez,Unión La Calera,4,6
2026-07-18,Liga de Primera 2026,16,Leonardo Valencia,Deportes Concepción,4,2
2026-07-18,Liga de Primera 2026,17,Thiago Vecino,O'Higgins,4,1
2026-07-18,Liga de Primera 2026,18,Felipe Chamorro,Deportes La Serena,4,0
2026-07-18,Liga de Primera 2026,19,Gonzalo Sosa,Deportes Limache,4,0
2026-07-18,Liga de Primera 2026,20,Ignacio Jeraldino,Ñublense,4,0
2026-07-18,Liga de Primera 2026,21,Clemente Montes,Universidad Católica,3,4
2026-07-18,Liga de Primera 2026,22,Diego Rubio,Deportes La Serena,3,3
2026-07-18,Liga de Primera 2026,23,Giovani Chiaverano,Audax Italiano,3,2
2026-07-18,Liga de Primera 2026,24,Lautaro Pastrán,Colo-Colo,3,2
2026-07-18,Liga de Primera 2026,25,Julián Brea,Cobresal,3,1
2026-07-18,Liga de Primera 2026,26,Alan Medina,Everton,3,1
2026-07-18,Liga de Primera 2026,27,Lucas Soto,Everton,3,1
2026-07-18,Liga de Primera 2026,28,Cris Martínez,Huachipato,3,1
2026-07-18,Liga de Primera 2026,29,Cecilio Waterman,Universidad de Concepción,3,1
2026-07-18,Liga de Primera 2026,30,Franco Troyansky,Audax Italiano,3,0
2026-07-18,Liga de Primera 2026,31,Diego Coelho,Audax Italiano,3,0
2026-07-18,Liga de Primera 2026,32,Alejandro Camargo,Coquimbo Unido,3,0
2026-07-18,Liga de Primera 2026,33,Vicente Álvarez,Deportes Limache,3,0
2026-07-18,Liga de Primera 2026,34,Cristian Palacios,Everton,3,0
2026-07-18,Liga de Primera 2026,35,Maximiliano Gutiérrez,Huachipato,3,0
2026-07-18,Liga de Primera 2026,36,Franco Rami,Ñublense,3,0
2026-07-18,Liga de Primera 2026,37,Arnaldo Castillo,O'Higgins,3,0
2026-07-18,Liga de Primera 2026,38,Matías Palavecino,Universidad Católica,2,5
2026-07-18,Liga de Primera 2026,39,Claudio Aquino,Colo-Colo,2,3
2026-07-18,Liga de Primera 2026,40,Leandro Hernández,Colo-Colo,2,2
2026-07-18,Liga de Primera 2026,41,Cristián Zavala,Coquimbo Unido,2,2
2026-07-18,Liga de Primera 2026,42,Mario Briceño,Huachipato,2,2
2026-07-18,Liga de Primera 2026,43,Gabriel Graciani,Ñublense,2,2
2026-07-18,Liga de Primera 2026,44,César Munder,Palestino,2,2
2026-07-18,Liga de Primera 2026,45,Maximiliano Guerrero,Universidad de Chile,2,2
2026-07-18,Liga de Primera 2026,46,Víctor Méndez,Colo-Colo,2,1
2026-07-18,Liga de Primera 2026,47,Alejandro Azócar,Coquimbo Unido,2,1
2026-07-18,Liga de Primera 2026,48,Yerko González,Deportes Limache,2,1
2026-07-18,Liga de Primera 2026,49,Martín Sarrafiore,O'Higgins,2,1
2026-07-18,Liga de Primera 2026,50,Bryan Carrasco,Palestino,2,1
2026-07-18,Liga de Primera 2026,51,Agustín Nadruz,Cobresal,2,0
2026-07-18,Liga de Primera 2026,52,Franco Frías,Cobresal,2,0
2026-07-18,Liga de Primera 2026,53,Álvaro Madrid,Colo-Colo,2,0
2026-07-18,Liga de Primera 2026,54,Jorge Henríquez,Deportes Concepción,2,0
2026-07-18,Liga de Primera 2026,55,Ignacio Mesías,Deportes Concepción,2,0
2026-07-18,Liga de Primera 2026,56,Nicolás Stefanelli,Deportes La Serena,2,0
2026-07-18,Liga de Primera 2026,57,Gonzalo Escalante,Deportes La Serena,2,0
2026-07-18,Liga de Primera 2026,58,Nicolás Montiel,Everton,2,0
2026-07-18,Liga de Primera 2026,59,Diego Sanhueza,Ñublense,2,0
2026-07-18,Liga de Primera 2026,60,Francisco Montes,Palestino,2,0
2026-07-18,Liga de Primera 2026,61,Gonzalo Tapia,Palestino,2,0
2026-07-18,Liga de Primera 2026,62,Matías Campos López,Unión La Calera,2,0
2026-07-18,Liga de Primera 2026,63,Rodrigo Cáseres,Unión La Calera,2,0
2026-07-18,Liga de Primera 2026,64,Javier Altamirano,Universidad de Chile,2,0
2026-07-18,Liga de Primera 2026,65,Nicolás Ramírez,Universidad de Chile,2,0
2026-07-18,Liga de Primera 2026,66,Luis Rojas,Universidad de Concepción,2,0
2026-07-18,Liga de Primera 2026,67,Jeison Fuentealba,Universidad de Concepción,2,0
2026-07-18,Liga de Primera 2026,68,Bryan Carvallo,Cobresal,1,5
2026-07-18,Liga de Primera 2026,69,Cristián Cuevas,Universidad Católica,1,5
2026-07-18,Liga de Primera 2026,70,Esteban Matus,Audax Italiano,1,3
2026-07-18,Liga de Primera 2026,71,Luis Riveros,Coquimbo Unido,1,3
2026-07-18,Liga de Primera 2026,72,Maximiliano Rodríguez,Huachipato,1,3
2026-07-18,Liga de Primera 2026,73,Julián Fernández,Palestino,1,3
2026-07-18,Liga de Primera 2026,74,Guillermo Pacheco,Cobresal,1,2
2026-07-18,Liga de Primera 2026,75,Marcos Arturia,Deportes Limache,1,2
2026-07-18,Liga de Primera 2026,76,Braian Martínez,Everton,1,2
2026-07-18,Liga de Primera 2026,77,Maicol León,Huachipato,1,2
2026-07-18,Liga de Primera 2026,78,Guillermo Guaiquil,Huachipato,1,2
2026-07-18,Liga de Primera 2026,79,Bryan Rabello,O'Higgins,1,2
2026-07-18,Liga de Primera 2026,80,Ian Garguez,Palestino,1,2
2026-07-18,Liga de Primera 2026,81,Jimmy Martínez,Universidad Católica,1,2
2026-07-18,Liga de Primera 2026,82,Diego Corral,Universidad Católica,1,2
2026-07-18,Liga de Primera 2026,83,Fabián Hormazábal,Universidad de Chile,1,2
2026-07-18,Liga de Primera 2026,84,Agustín Urzi,Universidad de Concepción,1,2
2026-07-18,Liga de Primera 2026,85,Federico Mateos,Audax Italiano,1,1
2026-07-18,Liga de Primera 2026,86,Benjamín Valenzuela,Cobresal,1,1
2026-07-18,Liga de Primera 2026,87,Yastin Cuevas,Colo-Colo,1,1
2026-07-18,Liga de Primera 2026,88,Jeyson Rojas,Colo-Colo,1,1
2026-07-18,Liga de Primera 2026,89,Arturo Vidal,Colo-Colo,1,1
2026-07-18,Liga de Primera 2026,90,Martín Mundaca,Coquimbo Unido,1,1
2026-07-18,Liga de Primera 2026,91,Bruno Gutiérrez,Deportes La Serena,1,1
2026-07-18,Liga de Primera 2026,92,Ángelo Henríquez,Deportes La Serena,1,1
2026-07-18,Liga de Primera 2026,93,Joaquín Montecinos,Deportes Limache,1,1
2026-07-18,Liga de Primera 2026,94,Flavio Moya,Deportes Limache,1,1
2026-07-18,Liga de Primera 2026,95,Nicolás Baeza,Everton,1,1
2026-07-18,Liga de Primera 2026,96,Julián Alfaro,Everton,1,1
2026-07-18,Liga de Primera 2026,97,Nicolás Vargas,Huachipato,1,1
2026-07-18,Liga de Primera 2026,98,Claudio Sepúlveda,Huachipato,1,1
2026-07-18,Liga de Primera 2026,99,Ignacio Tapia,Ñublense,1,1
2026-07-18,Liga de Primera 2026,100,Matías Plaza,Ñublense,1,1
2026-07-18,Liga de Primera 2026,101,Felipe Ogaz,O'Higgins,1,1
2026-07-18,Liga de Primera 2026,102,Martín Maturana,O'Higgins,1,1
2026-07-18,Liga de Primera 2026,103,Sebastián Gallegos,Palestino,1,1
2026-07-18,Liga de Primera 2026,104,Dilan Zúñiga,Palestino,1,1
2026-07-18,Liga de Primera 2026,105,Martín Araya,Palestino,1,1
2026-07-18,Liga de Primera 2026,106,Ronnie Fernández,Palestino,1,1
2026-07-18,Liga de Primera 2026,107,Jason León,Palestino,1,1
2026-07-18,Liga de Primera 2026,108,Agustín Arce,Universidad de Chile,1,1
2026-07-18,Liga de Primera 2026,109,Juan Martín Lucero,Universidad de Chile,1,1
2026-07-18,Liga de Primera 2026,110,Ignacio Vásquez,Universidad de Chile,1,1
2026-07-18,Liga de Primera 2026,111,Antonio Díaz,Universidad de Concepción,1,1
2026-07-18,Liga de Primera 2026,112,Michael Vadulli,Audax Italiano,1,0
2026-07-18,Liga de Primera 2026,113,Rodrigo Cabral,Audax Italiano,1,0
2026-07-18,Liga de Primera 2026,114,Enzo Ferrario,Audax Italiano,1,0
2026-07-18,Liga de Primera 2026,115,Marco Collao,Audax Italiano,1,0
2026-07-18,Liga de Primera 2026,116,Vicente Zenteno,Audax Italiano,1,0
2026-07-18,Liga de Primera 2026,117,José Tiznado,Cobresal,1,0
2026-07-18,Liga de Primera 2026,118,Joaquín Sosa,Colo-Colo,1,0
2026-07-18,Liga de Primera 2026,119,Guido Vadalá,Coquimbo Unido,1,0
2026-07-18,Liga de Primera 2026,120,Sebastián Galani,Coquimbo Unido,1,0
2026-07-18,Liga de Primera 2026,121,Lucas Pratto,Coquimbo Unido,1,0
2026-07-18,Liga de Primera 2026,122,Manuel Fernández,Coquimbo Unido,1,0
2026-07-18,Liga de Primera 2026,123,Pablo Rodríguez,Coquimbo Unido,1,0
2026-07-18,Liga de Primera 2026,124,Fausto Grillo,Deportes Concepción,1,0
2026-07-18,Liga de Primera 2026,125,Joaquín Larrivey,Deportes Concepción,1,0
2026-07-18,Liga de Primera 2026,126,Ariel Cáceres,Deportes Concepción,1,0
2026-07-18,Liga de Primera 2026,127,Mario Sandoval,Deportes Concepción,1,0
2026-07-18,Liga de Primera 2026,128,Aldrix Jara,Deportes Concepción,1,0
2026-07-18,Liga de Primera 2026,129,Ethan Espinoza,Deportes Concepción,1,0
2026-07-18,Liga de Primera 2026,130,Sebastián Díaz,Deportes La Serena,1,0
2026-07-18,Liga de Primera 2026,131,Lucas Alarcón,Deportes La Serena,1,0
2026-07-18,Liga de Primera 2026,132,Matías Marín,Deportes La Serena,1,0
2026-07-18,Liga de Primera 2026,133,César Pinares,Deportes Limache,1,0
2026-07-18,Liga de Primera 2026,134,Misael Llantén,Deportes Limache,1,0
2026-07-18,Liga de Primera 2026,135,César Fuentes,Deportes Limache,1,0
2026-07-18,Liga de Primera 2026,136,Ramón Martínez,Deportes Limache,1,0
2026-07-18,Liga de Primera 2026,137,Santiago Londoño,Everton,1,0
2026-07-18,Liga de Primera 2026,138,Renzo Malanca,Huachipato,1,0
2026-07-18,Liga de Primera 2026,139,Santiago Silva,Huachipato,1,0
2026-07-18,Liga de Primera 2026,140,Kevin Altez,Huachipato,1,0
2026-07-18,Liga de Primera 2026,141,Diego Céspedes,Ñublense,1,0
2026-07-18,Liga de Primera 2026,142,Giovanny Ávalos,Ñublense,1,0
2026-07-18,Liga de Primera 2026,143,Lorenzo Reyes,Ñublense,1,0
2026-07-18,Liga de Primera 2026,144,Lucas Molina,Ñublense,1,0
2026-07-18,Liga de Primera 2026,145,Miguel Brizuela,O'Higgins,1,0
2026-07-18,Liga de Primera 2026,146,Bastián Yáñez,O'Higgins,1,0
2026-07-18,Liga de Primera 2026,147,Vicente Espinoza,Palestino,1,0
2026-07-18,Liga de Primera 2026,148,Bayron Oyarzo,Unión La Calera,1,0
2026-07-18,Liga de Primera 2026,149,Francisco Pozzo,Unión La Calera,1,0
2026-07-18,Liga de Primera 2026,150,Juan Ignacio Díaz,Universidad Católica,1,0
2026-07-18,Liga de Primera 2026,151,Branco Ampuero,Universidad Católica,1,0
2026-07-18,Liga de Primera 2026,152,Juan Rossel,Universidad Católica,1,0
2026-07-18,Liga de Primera 2026,153,Matías Zaldivia,Universidad de Chile,1,0
2026-07-18,Liga de Primera 2026,154,Bianneider Tamayo,Universidad de Chile,1,0
2026-07-18,Liga de Primera 2026,155,Daniel Barrea,Universidad de Concepción,1,0
2026-07-18,Liga de Primera 2026,156,Cristhofer Mesías,Universidad de Concepción,1,0
2026-07-18,Liga de Primera 2026,157,Osvaldo González,Universidad de Concepción,1,0
2026-07-19,Liga de Primera 2026,1,Fernando Zampedri,Universidad Católica,15,2
2026-07-19,Liga de Primera 2026,2,Daniel Castro,Deportes Limache,8,5
2026-07-19,Liga de Primera 2026,3,Justo Giani,Universidad Católica,8,3
2026-07-19,Liga de Primera 2026,4,Javier Correa,Colo-Colo,8,2
2026-07-19,Liga de Primera 2026,5,Sebastián Sáez,Unión La Calera,8,1
2026-07-19,Liga de Primera 2026,6,Nelson Da Silva,Palestino,7,2
2026-07-19,Liga de Primera 2026,7,Lionel Altamirano,Huachipato,6,1
2026-07-19,Liga de Primera 2026,8,Steffan Pino,Cobresal,6,0
2026-07-19,Liga de Primera 2026,9,Jean Meneses,Deportes Limache,5,8
2026-07-19,Liga de Primera 2026,10,Jeisson Vargas,Deportes La Serena,5,5
2026-07-19,Liga de Primera 2026,11,Francisco González,O'Higgins,5,4
2026-07-19,Liga de Primera 2026,12,Maximiliano Romero,Colo-Colo,5,1
2026-07-19,Liga de Primera 2026,13,Eduardo Vargas,Universidad de Chile,5,1
2026-07-19,Liga de Primera 2026,14,Nicolás Johansen,Coquimbo Unido,5,0
2026-07-19,Liga de Primera 2026,15,Kevin Méndez,Unión La Calera,4,6
2026-07-19,Liga de Primera 2026,16,Leonardo Valencia,Deportes Concepción,4,2
2026-07-19,Liga de Primera 2026,17,Thiago Vecino,O'Higgins,4,1
2026-07-19,Liga de Primera 2026,18,Felipe Chamorro,Deportes La Serena,4,0
2026-07-19,Liga de Primera 2026,19,Gonzalo Sosa,Deportes Limache,4,0
2026-07-19,Liga de Primera 2026,20,Ignacio Jeraldino,Ñublense,4,0
2026-07-19,Liga de Primera 2026,21,Clemente Montes,Universidad Católica,3,4
2026-07-19,Liga de Primera 2026,22,Diego Rubio,Deportes La Serena,3,3
2026-07-19,Liga de Primera 2026,23,Giovani Chiaverano,Audax Italiano,3,2
2026-07-19,Liga de Primera 2026,24,Lautaro Pastrán,Colo-Colo,3,2
2026-07-19,Liga de Primera 2026,25,Julián Brea,Cobresal,3,1
2026-07-19,Liga de Primera 2026,26,Alan Medina,Everton,3,1
2026-07-19,Liga de Primera 2026,27,Lucas Soto,Everton,3,1
2026-07-19,Liga de Primera 2026,28,Cris Martínez,Huachipato,3,1
2026-07-19,Liga de Primera 2026,29,Cecilio Waterman,Universidad de Concepción,3,1
2026-07-19,Liga de Primera 2026,30,Franco Troyansky,Audax Italiano,3,0
2026-07-19,Liga de Primera 2026,31,Diego Coelho,Audax Italiano,3,0
2026-07-19,Liga de Primera 2026,32,Alejandro Camargo,Coquimbo Unido,3,0
2026-07-19,Liga de Primera 2026,33,Vicente Álvarez,Deportes Limache,3,0
2026-07-19,Liga de Primera 2026,34,Cristian Palacios,Everton,3,0
2026-07-19,Liga de Primera 2026,35,Maximiliano Gutiérrez,Huachipato,3,0
2026-07-19,Liga de Primera 2026,36,Franco Rami,Ñublense,3,0
2026-07-19,Liga de Primera 2026,37,Arnaldo Castillo,O'Higgins,3,0
2026-07-19,Liga de Primera 2026,38,Matías Palavecino,Universidad Católica,2,5
2026-07-19,Liga de Primera 2026,39,Claudio Aquino,Colo-Colo,2,3
2026-07-19,Liga de Primera 2026,40,Leandro Hernández,Colo-Colo,2,2
2026-07-19,Liga de Primera 2026,41,Cristián Zavala,Coquimbo Unido,2,2
2026-07-19,Liga de Primera 2026,42,Mario Briceño,Huachipato,2,2
2026-07-19,Liga de Primera 2026,43,Gabriel Graciani,Ñublense,2,2
2026-07-19,Liga de Primera 2026,44,César Munder,Palestino,2,2
2026-07-19,Liga de Primera 2026,45,Maximiliano Guerrero,Universidad de Chile,2,2
2026-07-19,Liga de Primera 2026,46,Víctor Méndez,Colo-Colo,2,1
2026-07-19,Liga de Primera 2026,47,Alejandro Azócar,Coquimbo Unido,2,1
2026-07-19,Liga de Primera 2026,48,Yerko González,Deportes Limache,2,1
2026-07-19,Liga de Primera 2026,49,Martín Sarrafiore,O'Higgins,2,1
2026-07-19,Liga de Primera 2026,50,Bryan Carrasco,Palestino,2,1
2026-07-19,Liga de Primera 2026,51,Agustín Nadruz,Cobresal,2,0
2026-07-19,Liga de Primera 2026,52,Franco Frías,Cobresal,2,0
2026-07-19,Liga de Primera 2026,53,Álvaro Madrid,Colo-Colo,2,0
2026-07-19,Liga de Primera 2026,54,Jorge Henríquez,Deportes Concepción,2,0
2026-07-19,Liga de Primera 2026,55,Ignacio Mesías,Deportes Concepción,2,0
2026-07-19,Liga de Primera 2026,56,Nicolás Stefanelli,Deportes La Serena,2,0
2026-07-19,Liga de Primera 2026,57,Gonzalo Escalante,Deportes La Serena,2,0
2026-07-19,Liga de Primera 2026,58,Nicolás Montiel,Everton,2,0
2026-07-19,Liga de Primera 2026,59,Diego Sanhueza,Ñublense,2,0
2026-07-19,Liga de Primera 2026,60,Francisco Montes,Palestino,2,0
2026-07-19,Liga de Primera 2026,61,Gonzalo Tapia,Palestino,2,0
2026-07-19,Liga de Primera 2026,62,Matías Campos López,Unión La Calera,2,0
2026-07-19,Liga de Primera 2026,63,Rodrigo Cáseres,Unión La Calera,2,0
2026-07-19,Liga de Primera 2026,64,Javier Altamirano,Universidad de Chile,2,0
2026-07-19,Liga de Primera 2026,65,Nicolás Ramírez,Universidad de Chile,2,0
2026-07-19,Liga de Primera 2026,66,Luis Rojas,Universidad de Concepción,2,0
2026-07-19,Liga de Primera 2026,67,Jeison Fuentealba,Universidad de Concepción,2,0
2026-07-19,Liga de Primera 2026,68,Bryan Carvallo,Cobresal,1,5
2026-07-19,Liga de Primera 2026,69,Cristián Cuevas,Universidad Católica,1,5
2026-07-19,Liga de Primera 2026,70,Esteban Matus,Audax Italiano,1,3
2026-07-19,Liga de Primera 2026,71,Luis Riveros,Coquimbo Unido,1,3
2026-07-19,Liga de Primera 2026,72,Maximiliano Rodríguez,Huachipato,1,3
2026-07-19,Liga de Primera 2026,73,Julián Fernández,Palestino,1,3
2026-07-19,Liga de Primera 2026,74,Guillermo Pacheco,Cobresal,1,2
2026-07-19,Liga de Primera 2026,75,Marcos Arturia,Deportes Limache,1,2
2026-07-19,Liga de Primera 2026,76,Braian Martínez,Everton,1,2
2026-07-19,Liga de Primera 2026,77,Maicol León,Huachipato,1,2
2026-07-19,Liga de Primera 2026,78,Guillermo Guaiquil,Huachipato,1,2
2026-07-19,Liga de Primera 2026,79,Bryan Rabello,O'Higgins,1,2
2026-07-19,Liga de Primera 2026,80,Ian Garguez,Palestino,1,2
2026-07-19,Liga de Primera 2026,81,Jimmy Martínez,Universidad Católica,1,2
2026-07-19,Liga de Primera 2026,82,Diego Corral,Universidad Católica,1,2
2026-07-19,Liga de Primera 2026,83,Fabián Hormazábal,Universidad de Chile,1,2
2026-07-19,Liga de Primera 2026,84,Agustín Urzi,Universidad de Concepción,1,2
2026-07-19,Liga de Primera 2026,85,Federico Mateos,Audax Italiano,1,1
2026-07-19,Liga de Primera 2026,86,Benjamín Valenzuela,Cobresal,1,1
2026-07-19,Liga de Primera 2026,87,Yastin Cuevas,Colo-Colo,1,1
2026-07-19,Liga de Primera 2026,88,Jeyson Rojas,Colo-Colo,1,1
2026-07-19,Liga de Primera 2026,89,Arturo Vidal,Colo-Colo,1,1
2026-07-19,Liga de Primera 2026,90,Martín Mundaca,Coquimbo Unido,1,1
2026-07-19,Liga de Primera 2026,91,Bruno Gutiérrez,Deportes La Serena,1,1
2026-07-19,Liga de Primera 2026,92,Ángelo Henríquez,Deportes La Serena,1,1
2026-07-19,Liga de Primera 2026,93,Joaquín Montecinos,Deportes Limache,1,1
2026-07-19,Liga de Primera 2026,94,Flavio Moya,Deportes Limache,1,1
2026-07-19,Liga de Primera 2026,95,Nicolás Baeza,Everton,1,1
2026-07-19,Liga de Primera 2026,96,Julián Alfaro,Everton,1,1
2026-07-19,Liga de Primera 2026,97,Nicolás Vargas,Huachipato,1,1
2026-07-19,Liga de Primera 2026,98,Claudio Sepúlveda,Huachipato,1,1
2026-07-19,Liga de Primera 2026,99,Ignacio Tapia,Ñublense,1,1
2026-07-19,Liga de Primera 2026,100,Matías Plaza,Ñublense,1,1
2026-07-19,Liga de Primera 2026,101,Felipe Ogaz,O'Higgins,1,1
2026-07-19,Liga de Primera 2026,102,Martín Maturana,O'Higgins,1,1
2026-07-19,Liga de Primera 2026,103,Sebastián Gallegos,Palestino,1,1
2026-07-19,Liga de Primera 2026,104,Dilan Zúñiga,Palestino,1,1
2026-07-19,Liga de Primera 2026,105,Martín Araya,Palestino,1,1
2026-07-19,Liga de Primera 2026,106,Ronnie Fernández,Palestino,1,1
2026-07-19,Liga de Primera 2026,107,Jason León,Palestino,1,1
2026-07-19,Liga de Primera 2026,108,Agustín Arce,Universidad de Chile,1,1
2026-07-19,Liga de Primera 2026,109,Juan Martín Lucero,Universidad de Chile,1,1
2026-07-19,Liga de Primera 2026,110,Ignacio Vásquez,Universidad de Chile,1,1
2026-07-19,Liga de Primera 2026,111,Antonio Díaz,Universidad de Concepción,1,1
2026-07-19,Liga de Primera 2026,112,Michael Vadulli,Audax Italiano,1,0
2026-07-19,Liga de Primera 2026,113,Rodrigo Cabral,Audax Italiano,1,0
2026-07-19,Liga de Primera 2026,114,Enzo Ferrario,Audax Italiano,1,0
2026-07-19,Liga de Primera 2026,115,Marco Collao,Audax Italiano,1,0
2026-07-19,Liga de Primera 2026,116,Vicente Zenteno,Audax Italiano,1,0
2026-07-19,Liga de Primera 2026,117,José Tiznado,Cobresal,1,0
2026-07-19,Liga de Primera 2026,118,Joaquín Sosa,Colo-Colo,1,0
2026-07-19,Liga de Primera 2026,119,Guido Vadalá,Coquimbo Unido,1,0
2026-07-19,Liga de Primera 2026,120,Sebastián Galani,Coquimbo Unido,1,0
2026-07-19,Liga de Primera 2026,121,Lucas Pratto,Coquimbo Unido,1,0
2026-07-19,Liga de Primera 2026,122,Manuel Fernández,Coquimbo Unido,1,0
2026-07-19,Liga de Primera 2026,123,Pablo Rodríguez,Coquimbo Unido,1,0
2026-07-19,Liga de Primera 2026,124,Fausto Grillo,Deportes Concepción,1,0
2026-07-19,Liga de Primera 2026,125,Joaquín Larrivey,Deportes Concepción,1,0
2026-07-19,Liga de Primera 2026,126,Ariel Cáceres,Deportes Concepción,1,0
2026-07-19,Liga de Primera 2026,127,Mario Sandoval,Deportes Concepción,1,0
2026-07-19,Liga de Primera 2026,128,Aldrix Jara,Deportes Concepción,1,0
2026-07-19,Liga de Primera 2026,129,Ethan Espinoza,Deportes Concepción,1,0
2026-07-19,Liga de Primera 2026,130,Sebastián Díaz,Deportes La Serena,1,0
2026-07-19,Liga de Primera 2026,131,Lucas Alarcón,Deportes La Serena,1,0
2026-07-19,Liga de Primera 2026,132,Matías Marín,Deportes La Serena,1,0
2026-07-19,Liga de Primera 2026,133,César Pinares,Deportes Limache,1,0
2026-07-19,Liga de Primera 2026,134,Misael Llantén,Deportes Limache,1,0
2026-07-19,Liga de Primera 2026,135,César Fuentes,Deportes Limache,1,0
2026-07-19,Liga de Primera 2026,136,Ramón Martínez,Deportes Limache,1,0
2026-07-19,Liga de Primera 2026,137,Santiago Londoño,Everton,1,0
2026-07-19,Liga de Primera 2026,138,Renzo Malanca,Huachipato,1,0
2026-07-19,Liga de Primera 2026,139,Santiago Silva,Huachipato,1,0
2026-07-19,Liga de Primera 2026,140,Kevin Altez,Huachipato,1,0
2026-07-19,Liga de Primera 2026,141,Diego Céspedes,Ñublense,1,0
2026-07-19,Liga de Primera 2026,142,Giovanny Ávalos,Ñublense,1,0
2026-07-19,Liga de Primera 2026,143,Lorenzo Reyes,Ñublense,1,0
2026-07-19,Liga de Primera 2026,144,Lucas Molina,Ñublense,1,0
2026-07-19,Liga de Primera 2026,145,Miguel Brizuela,O'Higgins,1,0
2026-07-19,Liga de Primera 2026,146,Bastián Yáñez,O'Higgins,1,0
2026-07-19,Liga de Primera 2026,147,Vicente Espinoza,Palestino,1,0
2026-07-19,Liga de Primera 2026,148,Bayron Oyarzo,Unión La Calera,1,0
2026-07-19,Liga de Primera 2026,149,Francisco Pozzo,Unión La Calera,1,0
2026-07-19,Liga de Primera 2026,150,Juan Ignacio Díaz,Universidad Católica,1,0
2026-07-19,Liga de Primera 2026,151,Branco Ampuero,Universidad Católica,1,0
2026-07-19,Liga de Primera 2026,152,Juan Rossel,Universidad Católica,1,0
2026-07-19,Liga de Primera 2026,153,Matías Zaldivia,Universidad de Chile,1,0
2026-07-19,Liga de Primera 2026,154,Bianneider Tamayo,Universidad de Chile,1,0
2026-07-19,Liga de Primera 2026,155,Daniel Barrea,Universidad de Concepción,1,0
2026-07-19,Liga de Primera 2026,156,Cristhofer Mesías,Universidad de Concepción,1,0
2026-07-19,Liga de Primera 2026,157,Osvaldo González,Universidad de Concepción,1,0
2026-07-20,Liga de Primera 2026,1,Fernando Zampedri,Universidad Católica,15,2
2026-07-20,Liga de Primera 2026,2,Daniel Castro,Deportes Limache,8,5
2026-07-20,Liga de Primera 2026,3,Justo Giani,Universidad Católica,8,3
2026-07-20,Liga de Primera 2026,4,Javier Correa,Colo-Colo,8,2
2026-07-20,Liga de Primera 2026,5,Sebastián Sáez,Unión La Calera,8,1
2026-07-20,Liga de Primera 2026,6,Nelson Da Silva,Palestino,7,2
2026-07-20,Liga de Primera 2026,7,Lionel Altamirano,Huachipato,6,1
2026-07-20,Liga de Primera 2026,8,Steffan Pino,Cobresal,6,0
2026-07-20,Liga de Primera 2026,9,Jean Meneses,Deportes Limache,5,8
2026-07-20,Liga de Primera 2026,10,Jeisson Vargas,Deportes La Serena,5,5
2026-07-20,Liga de Primera 2026,11,Francisco González,O'Higgins,5,4
2026-07-20,Liga de Primera 2026,12,Maximiliano Romero,Colo-Colo,5,1
2026-07-20,Liga de Primera 2026,13,Eduardo Vargas,Universidad de Chile,5,1
2026-07-20,Liga de Primera 2026,14,Nicolás Johansen,Coquimbo Unido,5,0
2026-07-20,Liga de Primera 2026,15,Kevin Méndez,Unión La Calera,4,6
2026-07-20,Liga de Primera 2026,16,Leonardo Valencia,Deportes Concepción,4,2
2026-07-20,Liga de Primera 2026,17,Thiago Vecino,O'Higgins,4,1
2026-07-20,Liga de Primera 2026,18,Felipe Chamorro,Deportes La Serena,4,0
2026-07-20,Liga de Primera 2026,19,Gonzalo Sosa,Deportes Limache,4,0
2026-07-20,Liga de Primera 2026,20,Ignacio Jeraldino,Ñublense,4,0
2026-07-20,Liga de Primera 2026,21,Clemente Montes,Universidad Católica,3,4
2026-07-20,Liga de Primera 2026,22,Diego Rubio,Deportes La Serena,3,3
2026-07-20,Liga de Primera 2026,23,Giovani Chiaverano,Audax Italiano,3,2
2026-07-20,Liga de Primera 2026,24,Lautaro Pastrán,Colo-Colo,3,2
2026-07-20,Liga de Primera 2026,25,Julián Brea,Cobresal,3,1
2026-07-20,Liga de Primera 2026,26,Alan Medina,Everton,3,1
2026-07-20,Liga de Primera 2026,27,Lucas Soto,Everton,3,1
2026-07-20,Liga de Primera 2026,28,Cris Martínez,Huachipato,3,1
2026-07-20,Liga de Primera 2026,29,Cecilio Waterman,Universidad de Concepción,3,1
2026-07-20,Liga de Primera 2026,30,Franco Troyansky,Audax Italiano,3,0
2026-07-20,Liga de Primera 2026,31,Diego Coelho,Audax Italiano,3,0
2026-07-20,Liga de Primera 2026,32,Alejandro Camargo,Coquimbo Unido,3,0
2026-07-20,Liga de Primera 2026,33,Vicente Álvarez,Deportes Limache,3,0
2026-07-20,Liga de Primera 2026,34,Cristian Palacios,Everton,3,0
2026-07-20,Liga de Primera 2026,35,Maximiliano Gutiérrez,Huachipato,3,0
2026-07-20,Liga de Primera 2026,36,Franco Rami,Ñublense,3,0
2026-07-20,Liga de Primera 2026,37,Arnaldo Castillo,O'Higgins,3,0
2026-07-20,Liga de Primera 2026,38,Matías Palavecino,Universidad Católica,2,5
2026-07-20,Liga de Primera 2026,39,Claudio Aquino,Colo-Colo,2,3
2026-07-20,Liga de Primera 2026,40,Leandro Hernández,Colo-Colo,2,2
2026-07-20,Liga de Primera 2026,41,Cristián Zavala,Coquimbo Unido,2,2
2026-07-20,Liga de Primera 2026,42,Mario Briceño,Huachipato,2,2
2026-07-20,Liga de Primera 2026,43,Gabriel Graciani,Ñublense,2,2
2026-07-20,Liga de Primera 2026,44,César Munder,Palestino,2,2
2026-07-20,Liga de Primera 2026,45,Maximiliano Guerrero,Universidad de Chile,2,2
2026-07-20,Liga de Primera 2026,46,Víctor Méndez,Colo-Colo,2,1
2026-07-20,Liga de Primera 2026,47,Alejandro Azócar,Coquimbo Unido,2,1
2026-07-20,Liga de Primera 2026,48,Yerko González,Deportes Limache,2,1
2026-07-20,Liga de Primera 2026,49,Martín Sarrafiore,O'Higgins,2,1
2026-07-20,Liga de Primera 2026,50,Bryan Carrasco,Palestino,2,1
2026-07-20,Liga de Primera 2026,51,Agustín Nadruz,Cobresal,2,0
2026-07-20,Liga de Primera 2026,52,Franco Frías,Cobresal,2,0
2026-07-20,Liga de Primera 2026,53,Álvaro Madrid,Colo-Colo,2,0
2026-07-20,Liga de Primera 2026,54,Jorge Henríquez,Deportes Concepción,2,0
2026-07-20,Liga de Primera 2026,55,Ignacio Mesías,Deportes Concepción,2,0
2026-07-20,Liga de Primera 2026,56,Nicolás Stefanelli,Deportes La Serena,2,0
2026-07-20,Liga de Primera 2026,57,Gonzalo Escalante,Deportes La Serena,2,0
2026-07-20,Liga de Primera 2026,58,Nicolás Montiel,Everton,2,0
2026-07-20,Liga de Primera 2026,59,Diego Sanhueza,Ñublense,2,0
2026-07-20,Liga de Primera 2026,60,Francisco Montes,Palestino,2,0
2026-07-20,Liga de Primera 2026,61,Gonzalo Tapia,Palestino,2,0
2026-07-20,Liga de Primera 2026,62,Matías Campos López,Unión La Calera,2,0
2026-07-20,Liga de Primera 2026,63,Rodrigo Cáseres,Unión La Calera,2,0
2026-07-20,Liga de Primera 2026,64,Javier Altamirano,Universidad de Chile,2,0
2026-07-20,Liga de Primera 2026,65,Nicolás Ramírez,Universidad de Chile,2,0
2026-07-20,Liga de Primera 2026,66,Luis Rojas,Universidad de Concepción,2,0
2026-07-20,Liga de Primera 2026,67,Jeison Fuentealba,Universidad de Concepción,2,0
2026-07-20,Liga de Primera 2026,68,Bryan Carvallo,Cobresal,1,5
2026-07-20,Liga de Primera 2026,69,Cristián Cuevas,Universidad Católica,1,5
2026-07-20,Liga de Primera 2026,70,Esteban Matus,Audax Italiano,1,3
2026-07-20,Liga de Primera 2026,71,Luis Riveros,Coquimbo Unido,1,3
2026-07-20,Liga de Primera 2026,72,Maximiliano Rodríguez,Huachipato,1,3
2026-07-20,Liga de Primera 2026,73,Julián Fernández,Palestino,1,3
2026-07-20,Liga de Primera 2026,74,Guillermo Pacheco,Cobresal,1,2
2026-07-20,Liga de Primera 2026,75,Marcos Arturia,Deportes Limache,1,2
2026-07-20,Liga de Primera 2026,76,Braian Martínez,Everton,1,2
2026-07-20,Liga de Primera 2026,77,Maicol León,Huachipato,1,2
2026-07-20,Liga de Primera 2026,78,Guillermo Guaiquil,Huachipato,1,2
2026-07-20,Liga de Primera 2026,79,Bryan Rabello,O'Higgins,1,2
2026-07-20,Liga de Primera 2026,80,Ian Garguez,Palestino,1,2
2026-07-20,Liga de Primera 2026,81,Jimmy Martínez,Universidad Católica,1,2
2026-07-20,Liga de Primera 2026,82,Diego Corral,Universidad Católica,1,2
2026-07-20,Liga de Primera 2026,83,Fabián Hormazábal,Universidad de Chile,1,2
2026-07-20,Liga de Primera 2026,84,Agustín Urzi,Universidad de Concepción,1,2
2026-07-20,Liga de Primera 2026,85,Federico Mateos,Audax Italiano,1,1
2026-07-20,Liga de Primera 2026,86,Benjamín Valenzuela,Cobresal,1,1
2026-07-20,Liga de Primera 2026,87,Yastin Cuevas,Colo-Colo,1,1
2026-07-20,Liga de Primera 2026,88,Jeyson Rojas,Colo-Colo,1,1
2026-07-20,Liga de Primera 2026,89,Arturo Vidal,Colo-Colo,1,1
2026-07-20,Liga de Primera 2026,90,Martín Mundaca,Coquimbo Unido,1,1
2026-07-20,Liga de Primera 2026,91,Bruno Gutiérrez,Deportes La Serena,1,1
2026-07-20,Liga de Primera 2026,92,Ángelo Henríquez,Deportes La Serena,1,1
2026-07-20,Liga de Primera 2026,93,Joaquín Montecinos,Deportes Limache,1,1
2026-07-20,Liga de Primera 2026,94,Flavio Moya,Deportes Limache,1,1
2026-07-20,Liga de Primera 2026,95,Nicolás Baeza,Everton,1,1
2026-07-20,Liga de Primera 2026,96,Julián Alfaro,Everton,1,1
2026-07-20,Liga de Primera 2026,97,Nicolás Vargas,Huachipato,1,1
2026-07-20,Liga de Primera 2026,98,Claudio Sepúlveda,Huachipato,1,1
2026-07-20,Liga de Primera 2026,99,Ignacio Tapia,Ñublense,1,1
2026-07-20,Liga de Primera 2026,100,Matías Plaza,Ñublense,1,1
2026-07-20,Liga de Primera 2026,101,Felipe Ogaz,O'Higgins,1,1
2026-07-20,Liga de Primera 2026,102,Martín Maturana,O'Higgins,1,1
2026-07-20,Liga de Primera 2026,103,Sebastián Gallegos,Palestino,1,1
2026-07-20,Liga de Primera 2026,104,Dilan Zúñiga,Palestino,1,1
2026-07-20,Liga de Primera 2026,105,Martín Araya,Palestino,1,1
2026-07-20,Liga de Primera 2026,106,Ronnie Fernández,Palestino,1,1
2026-07-20,Liga de Primera 2026,107,Jason León,Palestino,1,1
2026-07-20,Liga de Primera 2026,108,Agustín Arce,Universidad de Chile,1,1
2026-07-20,Liga de Primera 2026,109,Juan Martín Lucero,Universidad de Chile,1,1
2026-07-20,Liga de Primera 2026,110,Ignacio Vásquez,Universidad de Chile,1,1
2026-07-20,Liga de Primera 2026,111,Antonio Díaz,Universidad de Concepción,1,1
2026-07-20,Liga de Primera 2026,112,Michael Vadulli,Audax Italiano,1,0
2026-07-20,Liga de Primera 2026,113,Rodrigo Cabral,Audax Italiano,1,0
2026-07-20,Liga de Primera 2026,114,Enzo Ferrario,Audax Italiano,1,0
2026-07-20,Liga de Primera 2026,115,Marco Collao,Audax Italiano,1,0
2026-07-20,Liga de Primera 2026,116,Vicente Zenteno,Audax Italiano,1,0
2026-07-20,Liga de Primera 2026,117,José Tiznado,Cobresal,1,0
2026-07-20,Liga de Primera 2026,118,Joaquín Sosa,Colo-Colo,1,0
2026-07-20,Liga de Primera 2026,119,Guido Vadalá,Coquimbo Unido,1,0
2026-07-20,Liga de Primera 2026,120,Sebastián Galani,Coquimbo Unido,1,0
2026-07-20,Liga de Primera 2026,121,Lucas Pratto,Coquimbo Unido,1,0
2026-07-20,Liga de Primera 2026,122,Manuel Fernández,Coquimbo Unido,1,0
2026-07-20,Liga de Primera 2026,123,Pablo Rodríguez,Coquimbo Unido,1,0
2026-07-20,Liga de Primera 2026,124,Fausto Grillo,Deportes Concepción,1,0
2026-07-20,Liga de Primera 2026,125,Joaquín Larrivey,Deportes Concepción,1,0
2026-07-20,Liga de Primera 2026,126,Ariel Cáceres,Deportes Concepción,1,0
2026-07-20,Liga de Primera 2026,127,Mario Sandoval,Deportes Concepción,1,0
2026-07-20,Liga de Primera 2026,128,Aldrix Jara,Deportes Concepción,1,0
2026-07-20,Liga de Primera 2026,129,Ethan Espinoza,Deportes Concepción,1,0
2026-07-20,Liga de Primera 2026,130,Sebastián Díaz,Deportes La Serena,1,0
2026-07-20,Liga de Primera 2026,131,Lucas Alarcón,Deportes La Serena,1,0
2026-07-20,Liga de Primera 2026,132,Matías Marín,Deportes La Serena,1,0
2026-07-20,Liga de Primera 2026,133,César Pinares,Deportes Limache,1,0
2026-07-20,Liga de Primera 2026,134,Misael Llantén,Deportes Limache,1,0
2026-07-20,Liga de Primera 2026,135,César Fuentes,Deportes Limache,1,0
2026-07-20,Liga de Primera 2026,136,Ramón Martínez,Deportes Limache,1,0
2026-07-20,Liga de Primera 2026,137,Santiago Londoño,Everton,1,0
2026-07-20,Liga de Primera 2026,138,Renzo Malanca,Huachipato,1,0
2026-07-20,Liga de Primera 2026,139,Santiago Silva,Huachipato,1,0
2026-07-20,Liga de Primera 2026,140,Kevin Altez,Huachipato,1,0
2026-07-20,Liga de Primera 2026,141,Diego Céspedes,Ñublense,1,0
2026-07-20,Liga de Primera 2026,142,Giovanny Ávalos,Ñublense,1,0
2026-07-20,Liga de Primera 2026,143,Lorenzo Reyes,Ñublense,1,0
2026-07-20,Liga de Primera 2026,144,Lucas Molina,Ñublense,1,0
2026-07-20,Liga de Primera 2026,145,Miguel Brizuela,O'Higgins,1,0
2026-07-20,Liga de Primera 2026,146,Bastián Yáñez,O'Higgins,1,0
2026-07-20,Liga de Primera 2026,147,Vicente Espinoza,Palestino,1,0
2026-07-20,Liga de Primera 2026,148,Bayron Oyarzo,Unión La Calera,1,0
2026-07-20,Liga de Primera 2026,149,Francisco Pozzo,Unión La Calera,1,0
2026-07-20,Liga de Primera 2026,150,Juan Ignacio Díaz,Universidad Católica,1,0
2026-07-20,Liga de Primera 2026,151,Branco Ampuero,Universidad Católica,1,0
2026-07-20,Liga de Primera 2026,152,Juan Rossel,Universidad Católica,1,0
2026-07-20,Liga de Primera 2026,153,Matías Zaldivia,Universidad de Chile,1,0
2026-07-20,Liga de Primera 2026,154,Bianneider Tamayo,Universidad de Chile,1,0
2026-07-20,Liga de Primera 2026,155,Daniel Barrea,Universidad de Concepción,1,0
2026-07-20,Liga de Primera 2026,156,Cristhofer Mesías,Universidad de Concepción,1,0
2026-07-20,Liga de Primera 2026,157,Osvaldo González,Universidad de Concepción,1,0
2026-07-21,Liga de Primera 2026,1,Fernando Zampedri,Universidad Católica,15,2
2026-07-21,Liga de Primera 2026,2,Daniel Castro,Deportes Limache,8,5
2026-07-21,Liga de Primera 2026,3,Justo Giani,Universidad Católica,8,3
2026-07-21,Liga de Primera 2026,4,Javier Correa,Colo-Colo,8,2
2026-07-21,Liga de Primera 2026,5,Sebastián Sáez,Unión La Calera,8,1
2026-07-21,Liga de Primera 2026,6,Nelson Da Silva,Palestino,7,2
2026-07-21,Liga de Primera 2026,7,Lionel Altamirano,Huachipato,6,1
2026-07-21,Liga de Primera 2026,8,Steffan Pino,Cobresal,6,0
2026-07-21,Liga de Primera 2026,9,Jean Meneses,Deportes Limache,5,8
2026-07-21,Liga de Primera 2026,10,Jeisson Vargas,Deportes La Serena,5,5
2026-07-21,Liga de Primera 2026,11,Francisco González,O'Higgins,5,4
2026-07-21,Liga de Primera 2026,12,Maximiliano Romero,Colo-Colo,5,1
2026-07-21,Liga de Primera 2026,13,Eduardo Vargas,Universidad de Chile,5,1
2026-07-21,Liga de Primera 2026,14,Nicolás Johansen,Coquimbo Unido,5,0
2026-07-21,Liga de Primera 2026,15,Kevin Méndez,Unión La Calera,4,6
2026-07-21,Liga de Primera 2026,16,Leonardo Valencia,Deportes Concepción,4,2
2026-07-21,Liga de Primera 2026,17,Thiago Vecino,O'Higgins,4,1
2026-07-21,Liga de Primera 2026,18,Felipe Chamorro,Deportes La Serena,4,0
2026-07-21,Liga de Primera 2026,19,Gonzalo Sosa,Deportes Limache,4,0
2026-07-21,Liga de Primera 2026,20,Ignacio Jeraldino,Ñublense,4,0
2026-07-21,Liga de Primera 2026,21,Clemente Montes,Universidad Católica,3,4
2026-07-21,Liga de Primera 2026,22,Diego Rubio,Deportes La Serena,3,3
2026-07-21,Liga de Primera 2026,23,Giovani Chiaverano,Audax Italiano,3,2
2026-07-21,Liga de Primera 2026,24,Lautaro Pastrán,Colo-Colo,3,2
2026-07-21,Liga de Primera 2026,25,Julián Brea,Cobresal,3,1
2026-07-21,Liga de Primera 2026,26,Alan Medina,Everton,3,1
2026-07-21,Liga de Primera 2026,27,Lucas Soto,Everton,3,1
2026-07-21,Liga de Primera 2026,28,Cris Martínez,Huachipato,3,1
2026-07-21,Liga de Primera 2026,29,Cecilio Waterman,Universidad de Concepción,3,1
2026-07-21,Liga de Primera 2026,30,Franco Troyansky,Audax Italiano,3,0
2026-07-21,Liga de Primera 2026,31,Diego Coelho,Audax Italiano,3,0
2026-07-21,Liga de Primera 2026,32,Alejandro Camargo,Coquimbo Unido,3,0
2026-07-21,Liga de Primera 2026,33,Vicente Álvarez,Deportes Limache,3,0
2026-07-21,Liga de Primera 2026,34,Cristian Palacios,Everton,3,0
2026-07-21,Liga de Primera 2026,35,Maximiliano Gutiérrez,Huachipato,3,0
2026-07-21,Liga de Primera 2026,36,Franco Rami,Ñublense,3,0
2026-07-21,Liga de Primera 2026,37,Arnaldo Castillo,O'Higgins,3,0
2026-07-21,Liga de Primera 2026,38,Matías Palavecino,Universidad Católica,2,5
2026-07-21,Liga de Primera 2026,39,Claudio Aquino,Colo-Colo,2,3
2026-07-21,Liga de Primera 2026,40,Leandro Hernández,Colo-Colo,2,2
2026-07-21,Liga de Primera 2026,41,Cristián Zavala,Coquimbo Unido,2,2
2026-07-21,Liga de Primera 2026,42,Mario Briceño,Huachipato,2,2
2026-07-21,Liga de Primera 2026,43,Gabriel Graciani,Ñublense,2,2
2026-07-21,Liga de Primera 2026,44,César Munder,Palestino,2,2
2026-07-21,Liga de Primera 2026,45,Maximiliano Guerrero,Universidad de Chile,2,2
2026-07-21,Liga de Primera 2026,46,Víctor Méndez,Colo-Colo,2,1
2026-07-21,Liga de Primera 2026,47,Alejandro Azócar,Coquimbo Unido,2,1
2026-07-21,Liga de Primera 2026,48,Yerko González,Deportes Limache,2,1
2026-07-21,Liga de Primera 2026,49,Martín Sarrafiore,O'Higgins,2,1
2026-07-21,Liga de Primera 2026,50,Bryan Carrasco,Palestino,2,1
2026-07-21,Liga de Primera 2026,51,Agustín Nadruz,Cobresal,2,0
2026-07-21,Liga de Primera 2026,52,Franco Frías,Cobresal,2,0
2026-07-21,Liga de Primera 2026,53,Álvaro Madrid,Colo-Colo,2,0
2026-07-21,Liga de Primera 2026,54,Jorge Henríquez,Deportes Concepción,2,0
2026-07-21,Liga de Primera 2026,55,Ignacio Mesías,Deportes Concepción,2,0
2026-07-21,Liga de Primera 2026,56,Nicolás Stefanelli,Deportes La Serena,2,0
2026-07-21,Liga de Primera 2026,57,Gonzalo Escalante,Deportes La Serena,2,0
2026-07-21,Liga de Primera 2026,58,Nicolás Montiel,Everton,2,0
2026-07-21,Liga de Primera 2026,59,Diego Sanhueza,Ñublense,2,0
2026-07-21,Liga de Primera 2026,60,Francisco Montes,Palestino,2,0
2026-07-21,Liga de Primera 2026,61,Gonzalo Tapia,Palestino,2,0
2026-07-21,Liga de Primera 2026,62,Matías Campos López,Unión La Calera,2,0
2026-07-21,Liga de Primera 2026,63,Rodrigo Cáseres,Unión La Calera,2,0
2026-07-21,Liga de Primera 2026,64,Javier Altamirano,Universidad de Chile,2,0
2026-07-21,Liga de Primera 2026,65,Nicolás Ramírez,Universidad de Chile,2,0
2026-07-21,Liga de Primera 2026,66,Luis Rojas,Universidad de Concepción,2,0
2026-07-21,Liga de Primera 2026,67,Jeison Fuentealba,Universidad de Concepción,2,0
2026-07-21,Liga de Primera 2026,68,Bryan Carvallo,Cobresal,1,5
2026-07-21,Liga de Primera 2026,69,Cristián Cuevas,Universidad Católica,1,5
2026-07-21,Liga de Primera 2026,70,Esteban Matus,Audax Italiano,1,3
2026-07-21,Liga de Primera 2026,71,Luis Riveros,Coquimbo Unido,1,3
2026-07-21,Liga de Primera 2026,72,Maximiliano Rodríguez,Huachipato,1,3
2026-07-21,Liga de Primera 2026,73,Julián Fernández,Palestino,1,3
2026-07-21,Liga de Primera 2026,74,Guillermo Pacheco,Cobresal,1,2
2026-07-21,Liga de Primera 2026,75,Marcos Arturia,Deportes Limache,1,2
2026-07-21,Liga de Primera 2026,76,Braian Martínez,Everton,1,2
2026-07-21,Liga de Primera 2026,77,Maicol León,Huachipato,1,2
2026-07-21,Liga de Primera 2026,78,Guillermo Guaiquil,Huachipato,1,2
2026-07-21,Liga de Primera 2026,79,Bryan Rabello,O'Higgins,1,2
2026-07-21,Liga de Primera 2026,80,Ian Garguez,Palestino,1,2
2026-07-21,Liga de Primera 2026,81,Jimmy Martínez,Universidad Católica,1,2
2026-07-21,Liga de Primera 2026,82,Diego Corral,Universidad Católica,1,2
2026-07-21,Liga de Primera 2026,83,Fabián Hormazábal,Universidad de Chile,1,2
2026-07-21,Liga de Primera 2026,84,Agustín Urzi,Universidad de Concepción,1,2
2026-07-21,Liga de Primera 2026,85,Federico Mateos,Audax Italiano,1,1
2026-07-21,Liga de Primera 2026,86,Benjamín Valenzuela,Cobresal,1,1
2026-07-21,Liga de Primera 2026,87,Yastin Cuevas,Colo-Colo,1,1
2026-07-21,Liga de Primera 2026,88,Jeyson Rojas,Colo-Colo,1,1
2026-07-21,Liga de Primera 2026,89,Arturo Vidal,Colo-Colo,1,1
2026-07-21,Liga de Primera 2026,90,Martín Mundaca,Coquimbo Unido,1,1
2026-07-21,Liga de Primera 2026,91,Bruno Gutiérrez,Deportes La Serena,1,1
2026-07-21,Liga de Primera 2026,92,Ángelo Henríquez,Deportes La Serena,1,1
2026-07-21,Liga de Primera 2026,93,Joaquín Montecinos,Deportes Limache,1,1
2026-07-21,Liga de Primera 2026,94,Flavio Moya,Deportes Limache,1,1
2026-07-21,Liga de Primera 2026,95,Nicolás Baeza,Everton,1,1
2026-07-21,Liga de Primera 2026,96,Julián Alfaro,Everton,1,1
2026-07-21,Liga de Primera 2026,97,Nicolás Vargas,Huachipato,1,1
2026-07-21,Liga de Primera 2026,98,Claudio Sepúlveda,Huachipato,1,1
2026-07-21,Liga de Primera 2026,99,Ignacio Tapia,Ñublense,1,1
2026-07-21,Liga de Primera 2026,100,Matías Plaza,Ñublense,1,1
2026-07-21,Liga de Primera 2026,101,Felipe Ogaz,O'Higgins,1,1
2026-07-21,Liga de Primera 2026,102,Martín Maturana,O'Higgins,1,1
2026-07-21,Liga de Primera 2026,103,Sebastián Gallegos,Palestino,1,1
2026-07-21,Liga de Primera 2026,104,Dilan Zúñiga,Palestino,1,1
2026-07-21,Liga de Primera 2026,105,Martín Araya,Palestino,1,1
2026-07-21,Liga de Primera 2026,106,Ronnie Fernández,Palestino,1,1
2026-07-21,Liga de Primera 2026,107,Jason León,Palestino,1,1
2026-07-21,Liga de Primera 2026,108,Agustín Arce,Universidad de Chile,1,1
2026-07-21,Liga de Primera 2026,109,Juan Martín Lucero,Universidad de Chile,1,1
2026-07-21,Liga de Primera 2026,110,Ignacio Vásquez,Universidad de Chile,1,1
2026-07-21,Liga de Primera 2026,111,Antonio Díaz,Universidad de Concepción,1,1
2026-07-21,Liga de Primera 2026,112,Michael Vadulli,Audax Italiano,1,0
2026-07-21,Liga de Primera 2026,113,Rodrigo Cabral,Audax Italiano,1,0
2026-07-21,Liga de Primera 2026,114,Enzo Ferrario,Audax Italiano,1,0
2026-07-21,Liga de Primera 2026,115,Marco Collao,Audax Italiano,1,0
2026-07-21,Liga de Primera 2026,116,Vicente Zenteno,Audax Italiano,1,0
2026-07-21,Liga de Primera 2026,117,José Tiznado,Cobresal,1,0
2026-07-21,Liga de Primera 2026,118,Joaquín Sosa,Colo-Colo,1,0
2026-07-21,Liga de Primera 2026,119,Guido Vadalá,Coquimbo Unido,1,0
2026-07-21,Liga de Primera 2026,120,Sebastián Galani,Coquimbo Unido,1,0
2026-07-21,Liga de Primera 2026,121,Lucas Pratto,Coquimbo Unido,1,0
2026-07-21,Liga de Primera 2026,122,Manuel Fernández,Coquimbo Unido,1,0
2026-07-21,Liga de Primera 2026,123,Pablo Rodríguez,Coquimbo Unido,1,0
2026-07-21,Liga de Primera 2026,124,Fausto Grillo,Deportes Concepción,1,0
2026-07-21,Liga de Primera 2026,125,Joaquín Larrivey,Deportes Concepción,1,0
2026-07-21,Liga de Primera 2026,126,Ariel Cáceres,Deportes Concepción,1,0
2026-07-21,Liga de Primera 2026,127,Mario Sandoval,Deportes Concepción,1,0
2026-07-21,Liga de Primera 2026,128,Aldrix Jara,Deportes Concepción,1,0
2026-07-21,Liga de Primera 2026,129,Ethan Espinoza,Deportes Concepción,1,0
2026-07-21,Liga de Primera 2026,130,Sebastián Díaz,Deportes La Serena,1,0
2026-07-21,Liga de Primera 2026,131,Lucas Alarcón,Deportes La Serena,1,0
2026-07-21,Liga de Primera 2026,132,Matías Marín,Deportes La Serena,1,0
2026-07-21,Liga de Primera 2026,133,César Pinares,Deportes Limache,1,0
2026-07-21,Liga de Primera 2026,134,Misael Llantén,Deportes Limache,1,0
2026-07-21,Liga de Primera 2026,135,César Fuentes,Deportes Limache,1,0
2026-07-21,Liga de Primera 2026,136,Ramón Martínez,Deportes Limache,1,0
2026-07-21,Liga de Primera 2026,137,Santiago Londoño,Everton,1,0
2026-07-21,Liga de Primera 2026,138,Renzo Malanca,Huachipato,1,0
2026-07-21,Liga de Primera 2026,139,Santiago Silva,Huachipato,1,0
2026-07-21,Liga de Primera 2026,140,Kevin Altez,Huachipato,1,0
2026-07-21,Liga de Primera 2026,141,Diego Céspedes,Ñublense,1,0
2026-07-21,Liga de Primera 2026,142,Giovanny Ávalos,Ñublense,1,0
2026-07-21,Liga de Primera 2026,143,Lorenzo Reyes,Ñublense,1,0
2026-07-21,Liga de Primera 2026,144,Lucas Molina,Ñublense,1,0
2026-07-21,Liga de Primera 2026,145,Miguel Brizuela,O'Higgins,1,0
2026-07-21,Liga de Primera 2026,146,Bastián Yáñez,O'Higgins,1,0
2026-07-21,Liga de Primera 2026,147,Vicente Espinoza,Palestino,1,0
2026-07-21,Liga de Primera 2026,148,Bayron Oyarzo,Unión La Calera,1,0
2026-07-21,Liga de Primera 2026,149,Francisco Pozzo,Unión La Calera,1,0
2026-07-21,Liga de Primera 2026,150,Juan Ignacio Díaz,Universidad Católica,1,0
2026-07-21,Liga de Primera 2026,151,Branco Ampuero,Universidad Católica,1,0
2026-07-21,Liga de Primera 2026,152,Juan Rossel,Universidad Católica,1,0
2026-07-21,Liga de Primera 2026,153,Matías Zaldivia,Universidad de Chile,1,0
2026-07-21,Liga de Primera 2026,154,Bianneider Tamayo,Universidad de Chile,1,0
2026-07-21,Liga de Primera 2026,155,Daniel Barrea,Universidad de Concepción,1,0
2026-07-21,Liga de Primera 2026,156,Cristhofer Mesías,Universidad de Concepción,1,0
2026-07-21,Liga de Primera 2026,157,Osvaldo González,Universidad de Concepción,1,0
2026-07-22,Liga de Primera 2026,1,Fernando Zampedri,Universidad Católica,15,2
2026-07-22,Liga de Primera 2026,2,Daniel Castro,Deportes Limache,8,5
2026-07-22,Liga de Primera 2026,3,Justo Giani,Universidad Católica,8,3
2026-07-22,Liga de Primera 2026,4,Javier Correa,Colo-Colo,8,2
2026-07-22,Liga de Primera 2026,5,Sebastián Sáez,Unión La Calera,8,1
2026-07-22,Liga de Primera 2026,6,Nelson Da Silva,Palestino,7,2
2026-07-22,Liga de Primera 2026,7,Lionel Altamirano,Huachipato,6,1
2026-07-22,Liga de Primera 2026,8,Steffan Pino,Cobresal,6,0
2026-07-22,Liga de Primera 2026,9,Jean Meneses,Deportes Limache,5,8
2026-07-22,Liga de Primera 2026,10,Jeisson Vargas,Deportes La Serena,5,5
2026-07-22,Liga de Primera 2026,11,Francisco González,O'Higgins,5,4
2026-07-22,Liga de Primera 2026,12,Maximiliano Romero,Colo-Colo,5,1
2026-07-22,Liga de Primera 2026,13,Eduardo Vargas,Universidad de Chile,5,1
2026-07-22,Liga de Primera 2026,14,Nicolás Johansen,Coquimbo Unido,5,0
2026-07-22,Liga de Primera 2026,15,Kevin Méndez,Unión La Calera,4,6
2026-07-22,Liga de Primera 2026,16,Leonardo Valencia,Deportes Concepción,4,2
2026-07-22,Liga de Primera 2026,17,Thiago Vecino,O'Higgins,4,1
2026-07-22,Liga de Primera 2026,18,Felipe Chamorro,Deportes La Serena,4,0
2026-07-22,Liga de Primera 2026,19,Gonzalo Sosa,Deportes Limache,4,0
2026-07-22,Liga de Primera 2026,20,Ignacio Jeraldino,Ñublense,4,0
2026-07-22,Liga de Primera 2026,21,Clemente Montes,Universidad Católica,3,4
2026-07-22,Liga de Primera 2026,22,Diego Rubio,Deportes La Serena,3,3
2026-07-22,Liga de Primera 2026,23,Giovani Chiaverano,Audax Italiano,3,2
2026-07-22,Liga de Primera 2026,24,Lautaro Pastrán,Colo-Colo,3,2
2026-07-22,Liga de Primera 2026,25,Julián Brea,Cobresal,3,1
2026-07-22,Liga de Primera 2026,26,Alan Medina,Everton,3,1
2026-07-22,Liga de Primera 2026,27,Lucas Soto,Everton,3,1
2026-07-22,Liga de Primera 2026,28,Cris Martínez,Huachipato,3,1
2026-07-22,Liga de Primera 2026,29,Cecilio Waterman,Universidad de Concepción,3,1
2026-07-22,Liga de Primera 2026,30,Franco Troyansky,Audax Italiano,3,0
2026-07-22,Liga de Primera 2026,31,Diego Coelho,Audax Italiano,3,0
2026-07-22,Liga de Primera 2026,32,Alejandro Camargo,Coquimbo Unido,3,0
2026-07-22,Liga de Primera 2026,33,Vicente Álvarez,Deportes Limache,3,0
2026-07-22,Liga de Primera 2026,34,Cristian Palacios,Everton,3,0
2026-07-22,Liga de Primera 2026,35,Maximiliano Gutiérrez,Huachipato,3,0
2026-07-22,Liga de Primera 2026,36,Franco Rami,Ñublense,3,0
2026-07-22,Liga de Primera 2026,37,Arnaldo Castillo,O'Higgins,3,0
2026-07-22,Liga de Primera 2026,38,Matías Palavecino,Universidad Católica,2,5
2026-07-22,Liga de Primera 2026,39,Claudio Aquino,Colo-Colo,2,3
2026-07-22,Liga de Primera 2026,40,Leandro Hernández,Colo-Colo,2,2
2026-07-22,Liga de Primera 2026,41,Cristián Zavala,Coquimbo Unido,2,2
2026-07-22,Liga de Primera 2026,42,Mario Briceño,Huachipato,2,2
2026-07-22,Liga de Primera 2026,43,Gabriel Graciani,Ñublense,2,2
2026-07-22,Liga de Primera 2026,44,César Munder,Palestino,2,2
2026-07-22,Liga de Primera 2026,45,Maximiliano Guerrero,Universidad de Chile,2,2
2026-07-22,Liga de Primera 2026,46,Víctor Méndez,Colo-Colo,2,1
2026-07-22,Liga de Primera 2026,47,Alejandro Azócar,Coquimbo Unido,2,1
2026-07-22,Liga de Primera 2026,48,Yerko González,Deportes Limache,2,1
2026-07-22,Liga de Primera 2026,49,Martín Sarrafiore,O'Higgins,2,1
2026-07-22,Liga de Primera 2026,50,Bryan Carrasco,Palestino,2,1
2026-07-22,Liga de Primera 2026,51,Agustín Nadruz,Cobresal,2,0
2026-07-22,Liga de Primera 2026,52,Franco Frías,Cobresal,2,0
2026-07-22,Liga de Primera 2026,53,Álvaro Madrid,Colo-Colo,2,0
2026-07-22,Liga de Primera 2026,54,Jorge Henríquez,Deportes Concepción,2,0
2026-07-22,Liga de Primera 2026,55,Ignacio Mesías,Deportes Concepción,2,0
2026-07-22,Liga de Primera 2026,56,Nicolás Stefanelli,Deportes La Serena,2,0
2026-07-22,Liga de Primera 2026,57,Gonzalo Escalante,Deportes La Serena,2,0
2026-07-22,Liga de Primera 2026,58,Nicolás Montiel,Everton,2,0
2026-07-22,Liga de Primera 2026,59,Diego Sanhueza,Ñublense,2,0
2026-07-22,Liga de Primera 2026,60,Francisco Montes,Palestino,2,0
2026-07-22,Liga de Primera 2026,61,Gonzalo Tapia,Palestino,2,0
2026-07-22,Liga de Primera 2026,62,Matías Campos López,Unión La Calera,2,0
2026-07-22,Liga de Primera 2026,63,Rodrigo Cáseres,Unión La Calera,2,0
2026-07-22,Liga de Primera 2026,64,Javier Altamirano,Universidad de Chile,2,0
2026-07-22,Liga de Primera 2026,65,Nicolás Ramírez,Universidad de Chile,2,0
2026-07-22,Liga de Primera 2026,66,Luis Rojas,Universidad de Concepción,2,0
2026-07-22,Liga de Primera 2026,67,Jeison Fuentealba,Universidad de Concepción,2,0
2026-07-22,Liga de Primera 2026,68,Bryan Carvallo,Cobresal,1,5
2026-07-22,Liga de Primera 2026,69,Cristián Cuevas,Universidad Católica,1,5
2026-07-22,Liga de Primera 2026,70,Esteban Matus,Audax Italiano,1,3
2026-07-22,Liga de Primera 2026,71,Luis Riveros,Coquimbo Unido,1,3
2026-07-22,Liga de Primera 2026,72,Maximiliano Rodríguez,Huachipato,1,3
2026-07-22,Liga de Primera 2026,73,Julián Fernández,Palestino,1,3
2026-07-22,Liga de Primera 2026,74,Guillermo Pacheco,Cobresal,1,2
2026-07-22,Liga de Primera 2026,75,Marcos Arturia,Deportes Limache,1,2
2026-07-22,Liga de Primera 2026,76,Braian Martínez,Everton,1,2
2026-07-22,Liga de Primera 2026,77,Maicol León,Huachipato,1,2
2026-07-22,Liga de Primera 2026,78,Guillermo Guaiquil,Huachipato,1,2
2026-07-22,Liga de Primera 2026,79,Bryan Rabello,O'Higgins,1,2
2026-07-22,Liga de Primera 2026,80,Ian Garguez,Palestino,1,2
2026-07-22,Liga de Primera 2026,81,Jimmy Martínez,Universidad Católica,1,2
2026-07-22,Liga de Primera 2026,82,Diego Corral,Universidad Católica,1,2
2026-07-22,Liga de Primera 2026,83,Fabián Hormazábal,Universidad de Chile,1,2
2026-07-22,Liga de Primera 2026,84,Agustín Urzi,Universidad de Concepción,1,2
2026-07-22,Liga de Primera 2026,85,Federico Mateos,Audax Italiano,1,1
2026-07-22,Liga de Primera 2026,86,Benjamín Valenzuela,Cobresal,1,1
2026-07-22,Liga de Primera 2026,87,Yastin Cuevas,Colo-Colo,1,1
2026-07-22,Liga de Primera 2026,88,Jeyson Rojas,Colo-Colo,1,1
2026-07-22,Liga de Primera 2026,89,Arturo Vidal,Colo-Colo,1,1
2026-07-22,Liga de Primera 2026,90,Martín Mundaca,Coquimbo Unido,1,1
2026-07-22,Liga de Primera 2026,91,Bruno Gutiérrez,Deportes La Serena,1,1
2026-07-22,Liga de Primera 2026,92,Ángelo Henríquez,Deportes La Serena,1,1
2026-07-22,Liga de Primera 2026,93,Joaquín Montecinos,Deportes Limache,1,1
2026-07-22,Liga de Primera 2026,94,Flavio Moya,Deportes Limache,1,1
2026-07-22,Liga de Primera 2026,95,Nicolás Baeza,Everton,1,1
2026-07-22,Liga de Primera 2026,96,Julián Alfaro,Everton,1,1
2026-07-22,Liga de Primera 2026,97,Nicolás Vargas,Huachipato,1,1
2026-07-22,Liga de Primera 2026,98,Claudio Sepúlveda,Huachipato,1,1
2026-07-22,Liga de Primera 2026,99,Ignacio Tapia,Ñublense,1,1
2026-07-22,Liga de Primera 2026,100,Matías Plaza,Ñublense,1,1
2026-07-22,Liga de Primera 2026,101,Felipe Ogaz,O'Higgins,1,1
2026-07-22,Liga de Primera 2026,102,Martín Maturana,O'Higgins,1,1
2026-07-22,Liga de Primera 2026,103,Sebastián Gallegos,Palestino,1,1
2026-07-22,Liga de Primera 2026,104,Dilan Zúñiga,Palestino,1,1
2026-07-22,Liga de Primera 2026,105,Martín Araya,Palestino,1,1
2026-07-22,Liga de Primera 2026,106,Ronnie Fernández,Palestino,1,1
2026-07-22,Liga de Primera 2026,107,Jason León,Palestino,1,1
2026-07-22,Liga de Primera 2026,108,Agustín Arce,Universidad de Chile,1,1
2026-07-22,Liga de Primera 2026,109,Juan Martín Lucero,Universidad de Chile,1,1
2026-07-22,Liga de Primera 2026,110,Ignacio Vásquez,Universidad de Chile,1,1
2026-07-22,Liga de Primera 2026,111,Antonio Díaz,Universidad de Concepción,1,1
2026-07-22,Liga de Primera 2026,112,Michael Vadulli,Audax Italiano,1,0
2026-07-22,Liga de Primera 2026,113,Rodrigo Cabral,Audax Italiano,1,0
2026-07-22,Liga de Primera 2026,114,Enzo Ferrario,Audax Italiano,1,0
2026-07-22,Liga de Primera 2026,115,Marco Collao,Audax Italiano,1,0
2026-07-22,Liga de Primera 2026,116,Vicente Zenteno,Audax Italiano,1,0
2026-07-22,Liga de Primera 2026,117,José Tiznado,Cobresal,1,0
2026-07-22,Liga de Primera 2026,118,Joaquín Sosa,Colo-Colo,1,0
2026-07-22,Liga de Primera 2026,119,Guido Vadalá,Coquimbo Unido,1,0
2026-07-22,Liga de Primera 2026,120,Sebastián Galani,Coquimbo Unido,1,0
2026-07-22,Liga de Primera 2026,121,Lucas Pratto,Coquimbo Unido,1,0
2026-07-22,Liga de Primera 2026,122,Manuel Fernández,Coquimbo Unido,1,0
2026-07-22,Liga de Primera 2026,123,Pablo Rodríguez,Coquimbo Unido,1,0
2026-07-22,Liga de Primera 2026,124,Fausto Grillo,Deportes Concepción,1,0
2026-07-22,Liga de Primera 2026,125,Joaquín Larrivey,Deportes Concepción,1,0
2026-07-22,Liga de Primera 2026,126,Ariel Cáceres,Deportes Concepción,1,0
2026-07-22,Liga de Primera 2026,127,Mario Sandoval,Deportes Concepción,1,0
2026-07-22,Liga de Primera 2026,128,Aldrix Jara,Deportes Concepción,1,0
2026-07-22,Liga de Primera 2026,129,Ethan Espinoza,Deportes Concepción,1,0
2026-07-22,Liga de Primera 2026,130,Sebastián Díaz,Deportes La Serena,1,0
2026-07-22,Liga de Primera 2026,131,Lucas Alarcón,Deportes La Serena,1,0
2026-07-22,Liga de Primera 2026,132,Matías Marín,Deportes La Serena,1,0
2026-07-22,Liga de Primera 2026,133,César Pinares,Deportes Limache,1,0
2026-07-22,Liga de Primera 2026,134,Misael Llantén,Deportes Limache,1,0
2026-07-22,Liga de Primera 2026,135,César Fuentes,Deportes Limache,1,0
2026-07-22,Liga de Primera 2026,136,Ramón Martínez,Deportes Limache,1,0
2026-07-22,Liga de Primera 2026,137,Santiago Londoño,Everton,1,0
2026-07-22,Liga de Primera 2026,138,Renzo Malanca,Huachipato,1,0
2026-07-22,Liga de Primera 2026,139,Santiago Silva,Huachipato,1,0
2026-07-22,Liga de Primera 2026,140,Kevin Altez,Huachipato,1,0
2026-07-22,Liga de Primera 2026,141,Diego Céspedes,Ñublense,1,0
2026-07-22,Liga de Primera 2026,142,Giovanny Ávalos,Ñublense,1,0
2026-07-22,Liga de Primera 2026,143,Lorenzo Reyes,Ñublense,1,0
2026-07-22,Liga de Primera 2026,144,Lucas Molina,Ñublense,1,0
2026-07-22,Liga de Primera 2026,145,Miguel Brizuela,O'Higgins,1,0
2026-07-22,Liga de Primera 2026,146,Bastián Yáñez,O'Higgins,1,0
2026-07-22,Liga de Primera 2026,147,Vicente Espinoza,Palestino,1,0
2026-07-22,Liga de Primera 2026,148,Bayron Oyarzo,Unión La Calera,1,0
2026-07-22,Liga de Primera 2026,149,Francisco Pozzo,Unión La Calera,1,0
2026-07-22,Liga de Primera 2026,150,Juan Ignacio Díaz,Universidad Católica,1,0
2026-07-22,Liga de Primera 2026,151,Branco Ampuero,Universidad Católica,1,0
2026-07-22,Liga de Primera 2026,152,Juan Rossel,Universidad Católica,1,0
2026-07-22,Liga de Primera 2026,153,Matías Zaldivia,Universidad de Chile,1,0
2026-07-22,Liga de Primera 2026,154,Bianneider Tamayo,Universidad de Chile,1,0
2026-07-22,Liga de Primera 2026,155,Daniel Barrea,Universidad de Concepción,1,0
2026-07-22,Liga de Primera 2026,156,Cristhofer Mesías,Universidad de Concepción,1,0
2026-07-22,Liga de Primera 2026,157,Osvaldo González,Universidad de Concepción,1,0
2026-07-23,Liga de Primera 2026,1,Fernando Zampedri,Universidad Católica,15,2
2026-07-23,Liga de Primera 2026,2,Daniel Castro,Deportes Limache,8,5
2026-07-23,Liga de Primera 2026,3,Justo Giani,Universidad Católica,8,3
2026-07-23,Liga de Primera 2026,4,Javier Correa,Colo-Colo,8,2
2026-07-23,Liga de Primera 2026,5,Sebastián Sáez,Unión La Calera,8,1
2026-07-23,Liga de Primera 2026,6,Nelson Da Silva,Palestino,7,2
2026-07-23,Liga de Primera 2026,7,Lionel Altamirano,Huachipato,6,1
2026-07-23,Liga de Primera 2026,8,Steffan Pino,Cobresal,6,0
2026-07-23,Liga de Primera 2026,9,Jean Meneses,Deportes Limache,5,8
2026-07-23,Liga de Primera 2026,10,Jeisson Vargas,Deportes La Serena,5,5
2026-07-23,Liga de Primera 2026,11,Francisco González,O'Higgins,5,4
2026-07-23,Liga de Primera 2026,12,Maximiliano Romero,Colo-Colo,5,1
2026-07-23,Liga de Primera 2026,13,Eduardo Vargas,Universidad de Chile,5,1
2026-07-23,Liga de Primera 2026,14,Nicolás Johansen,Coquimbo Unido,5,0
2026-07-23,Liga de Primera 2026,15,Kevin Méndez,Unión La Calera,4,6
2026-07-23,Liga de Primera 2026,16,Leonardo Valencia,Deportes Concepción,4,2
2026-07-23,Liga de Primera 2026,17,Thiago Vecino,O'Higgins,4,1
2026-07-23,Liga de Primera 2026,18,Felipe Chamorro,Deportes La Serena,4,0
2026-07-23,Liga de Primera 2026,19,Gonzalo Sosa,Deportes Limache,4,0
2026-07-23,Liga de Primera 2026,20,Ignacio Jeraldino,Ñublense,4,0
2026-07-23,Liga de Primera 2026,21,Clemente Montes,Universidad Católica,3,4
2026-07-23,Liga de Primera 2026,22,Diego Rubio,Deportes La Serena,3,3
2026-07-23,Liga de Primera 2026,23,Giovani Chiaverano,Audax Italiano,3,2
2026-07-23,Liga de Primera 2026,24,Lautaro Pastrán,Colo-Colo,3,2
2026-07-23,Liga de Primera 2026,25,Julián Brea,Cobresal,3,1
2026-07-23,Liga de Primera 2026,26,Alan Medina,Everton,3,1
2026-07-23,Liga de Primera 2026,27,Lucas Soto,Everton,3,1
2026-07-23,Liga de Primera 2026,28,Cris Martínez,Huachipato,3,1
2026-07-23,Liga de Primera 2026,29,Cecilio Waterman,Universidad de Concepción,3,1
2026-07-23,Liga de Primera 2026,30,Franco Troyansky,Audax Italiano,3,0
2026-07-23,Liga de Primera 2026,31,Diego Coelho,Audax Italiano,3,0
2026-07-23,Liga de Primera 2026,32,Alejandro Camargo,Coquimbo Unido,3,0
2026-07-23,Liga de Primera 2026,33,Vicente Álvarez,Deportes Limache,3,0
2026-07-23,Liga de Primera 2026,34,Cristian Palacios,Everton,3,0
2026-07-23,Liga de Primera 2026,35,Maximiliano Gutiérrez,Huachipato,3,0
2026-07-23,Liga de Primera 2026,36,Franco Rami,Ñublense,3,0
2026-07-23,Liga de Primera 2026,37,Arnaldo Castillo,O'Higgins,3,0
2026-07-23,Liga de Primera 2026,38,Matías Palavecino,Universidad Católica,2,5
2026-07-23,Liga de Primera 2026,39,Claudio Aquino,Colo-Colo,2,3
2026-07-23,Liga de Primera 2026,40,Leandro Hernández,Colo-Colo,2,2
2026-07-23,Liga de Primera 2026,41,Cristián Zavala,Coquimbo Unido,2,2
2026-07-23,Liga de Primera 2026,42,Mario Briceño,Huachipato,2,2
2026-07-23,Liga de Primera 2026,43,Gabriel Graciani,Ñublense,2,2
2026-07-23,Liga de Primera 2026,44,César Munder,Palestino,2,2
2026-07-23,Liga de Primera 2026,45,Maximiliano Guerrero,Universidad de Chile,2,2
2026-07-23,Liga de Primera 2026,46,Víctor Méndez,Colo-Colo,2,1
2026-07-23,Liga de Primera 2026,47,Alejandro Azócar,Coquimbo Unido,2,1
2026-07-23,Liga de Primera 2026,48,Yerko González,Deportes Limache,2,1
2026-07-23,Liga de Primera 2026,49,Martín Sarrafiore,O'Higgins,2,1
2026-07-23,Liga de Primera 2026,50,Bryan Carrasco,Palestino,2,1
2026-07-23,Liga de Primera 2026,51,Agustín Nadruz,Cobresal,2,0
2026-07-23,Liga de Primera 2026,52,Franco Frías,Cobresal,2,0
2026-07-23,Liga de Primera 2026,53,Álvaro Madrid,Colo-Colo,2,0
2026-07-23,Liga de Primera 2026,54,Jorge Henríquez,Deportes Concepción,2,0
2026-07-23,Liga de Primera 2026,55,Ignacio Mesías,Deportes Concepción,2,0
2026-07-23,Liga de Primera 2026,56,Nicolás Stefanelli,Deportes La Serena,2,0
2026-07-23,Liga de Primera 2026,57,Gonzalo Escalante,Deportes La Serena,2,0
2026-07-23,Liga de Primera 2026,58,Nicolás Montiel,Everton,2,0
2026-07-23,Liga de Primera 2026,59,Diego Sanhueza,Ñublense,2,0
2026-07-23,Liga de Primera 2026,60,Francisco Montes,Palestino,2,0
2026-07-23,Liga de Primera 2026,61,Gonzalo Tapia,Palestino,2,0
2026-07-23,Liga de Primera 2026,62,Matías Campos López,Unión La Calera,2,0
2026-07-23,Liga de Primera 2026,63,Rodrigo Cáseres,Unión La Calera,2,0
2026-07-23,Liga de Primera 2026,64,Javier Altamirano,Universidad de Chile,2,0
2026-07-23,Liga de Primera 2026,65,Nicolás Ramírez,Universidad de Chile,2,0
2026-07-23,Liga de Primera 2026,66,Luis Rojas,Universidad de Concepción,2,0
2026-07-23,Liga de Primera 2026,67,Jeison Fuentealba,Universidad de Concepción,2,0
2026-07-23,Liga de Primera 2026,68,Bryan Carvallo,Cobresal,1,5
2026-07-23,Liga de Primera 2026,69,Cristián Cuevas,Universidad Católica,1,5
2026-07-23,Liga de Primera 2026,70,Esteban Matus,Audax Italiano,1,3
2026-07-23,Liga de Primera 2026,71,Luis Riveros,Coquimbo Unido,1,3
2026-07-23,Liga de Primera 2026,72,Maximiliano Rodríguez,Huachipato,1,3
2026-07-23,Liga de Primera 2026,73,Julián Fernández,Palestino,1,3
2026-07-23,Liga de Primera 2026,74,Guillermo Pacheco,Cobresal,1,2
2026-07-23,Liga de Primera 2026,75,Marcos Arturia,Deportes Limache,1,2
2026-07-23,Liga de Primera 2026,76,Braian Martínez,Everton,1,2
2026-07-23,Liga de Primera 2026,77,Maicol León,Huachipato,1,2
2026-07-23,Liga de Primera 2026,78,Guillermo Guaiquil,Huachipato,1,2
2026-07-23,Liga de Primera 2026,79,Bryan Rabello,O'Higgins,1,2
2026-07-23,Liga de Primera 2026,80,Ian Garguez,Palestino,1,2
2026-07-23,Liga de Primera 2026,81,Jimmy Martínez,Universidad Católica,1,2
2026-07-23,Liga de Primera 2026,82,Diego Corral,Universidad Católica,1,2
2026-07-23,Liga de Primera 2026,83,Fabián Hormazábal,Universidad de Chile,1,2
2026-07-23,Liga de Primera 2026,84,Agustín Urzi,Universidad de Concepción,1,2
2026-07-23,Liga de Primera 2026,85,Federico Mateos,Audax Italiano,1,1
2026-07-23,Liga de Primera 2026,86,Benjamín Valenzuela,Cobresal,1,1
2026-07-23,Liga de Primera 2026,87,Yastin Cuevas,Colo-Colo,1,1
2026-07-23,Liga de Primera 2026,88,Jeyson Rojas,Colo-Colo,1,1
2026-07-23,Liga de Primera 2026,89,Arturo Vidal,Colo-Colo,1,1
2026-07-23,Liga de Primera 2026,90,Martín Mundaca,Coquimbo Unido,1,1
2026-07-23,Liga de Primera 2026,91,Bruno Gutiérrez,Deportes La Serena,1,1
2026-07-23,Liga de Primera 2026,92,Ángelo Henríquez,Deportes La Serena,1,1
2026-07-23,Liga de Primera 2026,93,Joaquín Montecinos,Deportes Limache,1,1
2026-07-23,Liga de Primera 2026,94,Flavio Moya,Deportes Limache,1,1
2026-07-23,Liga de Primera 2026,95,Nicolás Baeza,Everton,1,1
2026-07-23,Liga de Primera 2026,96,Julián Alfaro,Everton,1,1
2026-07-23,Liga de Primera 2026,97,Nicolás Vargas,Huachipato,1,1
2026-07-23,Liga de Primera 2026,98,Claudio Sepúlveda,Huachipato,1,1
2026-07-23,Liga de Primera 2026,99,Ignacio Tapia,Ñublense,1,1
2026-07-23,Liga de Primera 2026,100,Matías Plaza,Ñublense,1,1
2026-07-23,Liga de Primera 2026,101,Felipe Ogaz,O'Higgins,1,1
2026-07-23,Liga de Primera 2026,102,Martín Maturana,O'Higgins,1,1
2026-07-23,Liga de Primera 2026,103,Sebastián Gallegos,Palestino,1,1
2026-07-23,Liga de Primera 2026,104,Dilan Zúñiga,Palestino,1,1
2026-07-23,Liga de Primera 2026,105,Martín Araya,Palestino,1,1
2026-07-23,Liga de Primera 2026,106,Ronnie Fernández,Palestino,1,1
2026-07-23,Liga de Primera 2026,107,Jason León,Palestino,1,1
2026-07-23,Liga de Primera 2026,108,Agustín Arce,Universidad de Chile,1,1
2026-07-23,Liga de Primera 2026,109,Juan Martín Lucero,Universidad de Chile,1,1
2026-07-23,Liga de Primera 2026,110,Ignacio Vásquez,Universidad de Chile,1,1
2026-07-23,Liga de Primera 2026,111,Antonio Díaz,Universidad de Concepción,1,1
2026-07-23,Liga de Primera 2026,112,Michael Vadulli,Audax Italiano,1,0
2026-07-23,Liga de Primera 2026,113,Rodrigo Cabral,Audax Italiano,1,0
2026-07-23,Liga de Primera 2026,114,Enzo Ferrario,Audax Italiano,1,0
2026-07-23,Liga de Primera 2026,115,Marco Collao,Audax Italiano,1,0
2026-07-23,Liga de Primera 2026,116,Vicente Zenteno,Audax Italiano,1,0
2026-07-23,Liga de Primera 2026,117,José Tiznado,Cobresal,1,0
2026-07-23,Liga de Primera 2026,118,Joaquín Sosa,Colo-Colo,1,0
2026-07-23,Liga de Primera 2026,119,Guido Vadalá,Coquimbo Unido,1,0
2026-07-23,Liga de Primera 2026,120,Sebastián Galani,Coquimbo Unido,1,0
2026-07-23,Liga de Primera 2026,121,Lucas Pratto,Coquimbo Unido,1,0
2026-07-23,Liga de Primera 2026,122,Manuel Fernández,Coquimbo Unido,1,0
2026-07-23,Liga de Primera 2026,123,Pablo Rodríguez,Coquimbo Unido,1,0
2026-07-23,Liga de Primera 2026,124,Fausto Grillo,Deportes Concepción,1,0
2026-07-23,Liga de Primera 2026,125,Joaquín Larrivey,Deportes Concepción,1,0
2026-07-23,Liga de Primera 2026,126,Ariel Cáceres,Deportes Concepción,1,0
2026-07-23,Liga de Primera 2026,127,Mario Sandoval,Deportes Concepción,1,0
2026-07-23,Liga de Primera 2026,128,Aldrix Jara,Deportes Concepción,1,0
2026-07-23,Liga de Primera 2026,129,Ethan Espinoza,Deportes Concepción,1,0
2026-07-23,Liga de Primera 2026,130,Sebastián Díaz,Deportes La Serena,1,0
2026-07-23,Liga de Primera 2026,131,Lucas Alarcón,Deportes La Serena,1,0
2026-07-23,Liga de Primera 2026,132,Matías Marín,Deportes La Serena,1,0
2026-07-23,Liga de Primera 2026,133,César Pinares,Deportes Limache,1,0
2026-07-23,Liga de Primera 2026,134,Misael Llantén,Deportes Limache,1,0
2026-07-23,Liga de Primera 2026,135,César Fuentes,Deportes Limache,1,0
2026-07-23,Liga de Primera 2026,136,Ramón Martínez,Deportes Limache,1,0
2026-07-23,Liga de Primera 2026,137,Santiago Londoño,Everton,1,0
2026-07-23,Liga de Primera 2026,138,Renzo Malanca,Huachipato,1,0
2026-07-23,Liga de Primera 2026,139,Santiago Silva,Huachipato,1,0
2026-07-23,Liga de Primera 2026,140,Kevin Altez,Huachipato,1,0
2026-07-23,Liga de Primera 2026,141,Diego Céspedes,Ñublense,1,0
2026-07-23,Liga de Primera 2026,142,Giovanny Ávalos,Ñublense,1,0
2026-07-23,Liga de Primera 2026,143,Lorenzo Reyes,Ñublense,1,0
2026-07-23,Liga de Primera 2026,144,Lucas Molina,Ñublense,1,0
2026-07-23,Liga de Primera 2026,145,Miguel Brizuela,O'Higgins,1,0
2026-07-23,Liga de Primera 2026,146,Bastián Yáñez,O'Higgins,1,0
2026-07-23,Liga de Primera 2026,147,Vicente Espinoza,Palestino,1,0
2026-07-23,Liga de Primera 2026,148,Bayron Oyarzo,Unión La Calera,1,0
2026-07-23,Liga de Primera 2026,149,Francisco Pozzo,Unión La Calera,1,0
2026-07-23,Liga de Primera 2026,150,Juan Ignacio Díaz,Universidad Católica,1,0
2026-07-23,Liga de Primera 2026,151,Branco Ampuero,Universidad Católica,1,0
2026-07-23,Liga de Primera 2026,152,Juan Rossel,Universidad Católica,1,0
2026-07-23,Liga de Primera 2026,153,Matías Zaldivia,Universidad de Chile,1,0
2026-07-23,Liga de Primera 2026,154,Bianneider Tamayo,Universidad de Chile,1,0
2026-07-23,Liga de Primera 2026,155,Daniel Barrea,Universidad de Concepción,1,0
2026-07-23,Liga de Primera 2026,156,Cristhofer Mesías,Universidad de Concepción,1,0
2026-07-23,Liga de Primera 2026,157,Osvaldo González,Universidad de Concepción,1,0
2026-07-24,Liga de Primera 2026,1,Fernando Zampedri,Universidad Católica,15,2
2026-07-24,Liga de Primera 2026,2,Daniel Castro,Deportes Limache,8,5
2026-07-24,Liga de Primera 2026,3,Justo Giani,Universidad Católica,8,3
2026-07-24,Liga de Primera 2026,4,Javier Correa,Colo-Colo,8,2
2026-07-24,Liga de Primera 2026,5,Sebastián Sáez,Unión La Calera,8,1
2026-07-24,Liga de Primera 2026,6,Nelson Da Silva,Palestino,7,2
2026-07-24,Liga de Primera 2026,7,Lionel Altamirano,Huachipato,6,1
2026-07-24,Liga de Primera 2026,8,Steffan Pino,Cobresal,6,0
2026-07-24,Liga de Primera 2026,9,Jean Meneses,Deportes Limache,5,8
2026-07-24,Liga de Primera 2026,10,Jeisson Vargas,Deportes La Serena,5,5
2026-07-24,Liga de Primera 2026,11,Francisco González,O'Higgins,5,4
2026-07-24,Liga de Primera 2026,12,Maximiliano Romero,Colo-Colo,5,1
2026-07-24,Liga de Primera 2026,13,Eduardo Vargas,Universidad de Chile,5,1
2026-07-24,Liga de Primera 2026,14,Nicolás Johansen,Coquimbo Unido,5,0
2026-07-24,Liga de Primera 2026,15,Kevin Méndez,Unión La Calera,4,6
2026-07-24,Liga de Primera 2026,16,Leonardo Valencia,Deportes Concepción,4,2
2026-07-24,Liga de Primera 2026,17,Thiago Vecino,O'Higgins,4,1
2026-07-24,Liga de Primera 2026,18,Felipe Chamorro,Deportes La Serena,4,0
2026-07-24,Liga de Primera 2026,19,Gonzalo Sosa,Deportes Limache,4,0
2026-07-24,Liga de Primera 2026,20,Ignacio Jeraldino,Ñublense,4,0
2026-07-24,Liga de Primera 2026,21,Clemente Montes,Universidad Católica,3,4
2026-07-24,Liga de Primera 2026,22,Diego Rubio,Deportes La Serena,3,3
2026-07-24,Liga de Primera 2026,23,Giovani Chiaverano,Audax Italiano,3,2
2026-07-24,Liga de Primera 2026,24,Lautaro Pastrán,Colo-Colo,3,2
2026-07-24,Liga de Primera 2026,25,Julián Brea,Cobresal,3,1
2026-07-24,Liga de Primera 2026,26,Alan Medina,Everton,3,1
2026-07-24,Liga de Primera 2026,27,Lucas Soto,Everton,3,1
2026-07-24,Liga de Primera 2026,28,Cris Martínez,Huachipato,3,1
2026-07-24,Liga de Primera 2026,29,Cecilio Waterman,Universidad de Concepción,3,1
2026-07-24,Liga de Primera 2026,30,Franco Troyansky,Audax Italiano,3,0
2026-07-24,Liga de Primera 2026,31,Diego Coelho,Audax Italiano,3,0
2026-07-24,Liga de Primera 2026,32,Alejandro Camargo,Coquimbo Unido,3,0
2026-07-24,Liga de Primera 2026,33,Vicente Álvarez,Deportes Limache,3,0
2026-07-24,Liga de Primera 2026,34,Cristian Palacios,Everton,3,0
2026-07-24,Liga de Primera 2026,35,Maximiliano Gutiérrez,Huachipato,3,0
2026-07-24,Liga de Primera 2026,36,Franco Rami,Ñublense,3,0
2026-07-24,Liga de Primera 2026,37,Arnaldo Castillo,O'Higgins,3,0
2026-07-24,Liga de Primera 2026,38,Matías Palavecino,Universidad Católica,2,5
2026-07-24,Liga de Primera 2026,39,Claudio Aquino,Colo-Colo,2,3
2026-07-24,Liga de Primera 2026,40,Leandro Hernández,Colo-Colo,2,2
2026-07-24,Liga de Primera 2026,41,Cristián Zavala,Coquimbo Unido,2,2
2026-07-24,Liga de Primera 2026,42,Mario Briceño,Huachipato,2,2
2026-07-24,Liga de Primera 2026,43,Gabriel Graciani,Ñublense,2,2
2026-07-24,Liga de Primera 2026,44,César Munder,Palestino,2,2
2026-07-24,Liga de Primera 2026,45,Maximiliano Guerrero,Universidad de Chile,2,2
2026-07-24,Liga de Primera 2026,46,Víctor Méndez,Colo-Colo,2,1
2026-07-24,Liga de Primera 2026,47,Alejandro Azócar,Coquimbo Unido,2,1
2026-07-24,Liga de Primera 2026,48,Yerko González,Deportes Limache,2,1
2026-07-24,Liga de Primera 2026,49,Martín Sarrafiore,O'Higgins,2,1
2026-07-24,Liga de Primera 2026,50,Bryan Carrasco,Palestino,2,1
2026-07-24,Liga de Primera 2026,51,Agustín Nadruz,Cobresal,2,0
2026-07-24,Liga de Primera 2026,52,Franco Frías,Cobresal,2,0
2026-07-24,Liga de Primera 2026,53,Álvaro Madrid,Colo-Colo,2,0
2026-07-24,Liga de Primera 2026,54,Jorge Henríquez,Deportes Concepción,2,0
2026-07-24,Liga de Primera 2026,55,Ignacio Mesías,Deportes Concepción,2,0
2026-07-24,Liga de Primera 2026,56,Nicolás Stefanelli,Deportes La Serena,2,0
2026-07-24,Liga de Primera 2026,57,Gonzalo Escalante,Deportes La Serena,2,0
2026-07-24,Liga de Primera 2026,58,Nicolás Montiel,Everton,2,0
2026-07-24,Liga de Primera 2026,59,Diego Sanhueza,Ñublense,2,0
2026-07-24,Liga de Primera 2026,60,Francisco Montes,Palestino,2,0
2026-07-24,Liga de Primera 2026,61,Gonzalo Tapia,Palestino,2,0
2026-07-24,Liga de Primera 2026,62,Matías Campos López,Unión La Calera,2,0
2026-07-24,Liga de Primera 2026,63,Rodrigo Cáseres,Unión La Calera,2,0
2026-07-24,Liga de Primera 2026,64,Javier Altamirano,Universidad de Chile,2,0
2026-07-24,Liga de Primera 2026,65,Nicolás Ramírez,Universidad de Chile,2,0
2026-07-24,Liga de Primera 2026,66,Luis Rojas,Universidad de Concepción,2,0
2026-07-24,Liga de Primera 2026,67,Jeison Fuentealba,Universidad de Concepción,2,0
2026-07-24,Liga de Primera 2026,68,Bryan Carvallo,Cobresal,1,5
2026-07-24,Liga de Primera 2026,69,Cristián Cuevas,Universidad Católica,1,5
2026-07-24,Liga de Primera 2026,70,Esteban Matus,Audax Italiano,1,3
2026-07-24,Liga de Primera 2026,71,Luis Riveros,Coquimbo Unido,1,3
2026-07-24,Liga de Primera 2026,72,Maximiliano Rodríguez,Huachipato,1,3
2026-07-24,Liga de Primera 2026,73,Julián Fernández,Palestino,1,3
2026-07-24,Liga de Primera 2026,74,Guillermo Pacheco,Cobresal,1,2
2026-07-24,Liga de Primera 2026,75,Marcos Arturia,Deportes Limache,1,2
2026-07-24,Liga de Primera 2026,76,Braian Martínez,Everton,1,2
2026-07-24,Liga de Primera 2026,77,Maicol León,Huachipato,1,2
2026-07-24,Liga de Primera 2026,78,Guillermo Guaiquil,Huachipato,1,2
2026-07-24,Liga de Primera 2026,79,Bryan Rabello,O'Higgins,1,2
2026-07-24,Liga de Primera 2026,80,Ian Garguez,Palestino,1,2
2026-07-24,Liga de Primera 2026,81,Jimmy Martínez,Universidad Católica,1,2
2026-07-24,Liga de Primera 2026,82,Diego Corral,Universidad Católica,1,2
2026-07-24,Liga de Primera 2026,83,Fabián Hormazábal,Universidad de Chile,1,2
2026-07-24,Liga de Primera 2026,84,Agustín Urzi,Universidad de Concepción,1,2
2026-07-24,Liga de Primera 2026,85,Federico Mateos,Audax Italiano,1,1
2026-07-24,Liga de Primera 2026,86,Benjamín Valenzuela,Cobresal,1,1
2026-07-24,Liga de Primera 2026,87,Yastin Cuevas,Colo-Colo,1,1
2026-07-24,Liga de Primera 2026,88,Jeyson Rojas,Colo-Colo,1,1
2026-07-24,Liga de Primera 2026,89,Arturo Vidal,Colo-Colo,1,1
2026-07-24,Liga de Primera 2026,90,Martín Mundaca,Coquimbo Unido,1,1
2026-07-24,Liga de Primera 2026,91,Bruno Gutiérrez,Deportes La Serena,1,1
2026-07-24,Liga de Primera 2026,92,Ángelo Henríquez,Deportes La Serena,1,1
2026-07-24,Liga de Primera 2026,93,Joaquín Montecinos,Deportes Limache,1,1
2026-07-24,Liga de Primera 2026,94,Flavio Moya,Deportes Limache,1,1
2026-07-24,Liga de Primera 2026,95,Nicolás Baeza,Everton,1,1
2026-07-24,Liga de Primera 2026,96,Julián Alfaro,Everton,1,1
2026-07-24,Liga de Primera 2026,97,Nicolás Vargas,Huachipato,1,1
2026-07-24,Liga de Primera 2026,98,Claudio Sepúlveda,Huachipato,1,1
2026-07-24,Liga de Primera 2026,99,Ignacio Tapia,Ñublense,1,1
2026-07-24,Liga de Primera 2026,100,Matías Plaza,Ñublense,1,1
2026-07-24,Liga de Primera 2026,101,Felipe Ogaz,O'Higgins,1,1
2026-07-24,Liga de Primera 2026,102,Martín Maturana,O'Higgins,1,1
2026-07-24,Liga de Primera 2026,103,Sebastián Gallegos,Palestino,1,1
2026-07-24,Liga de Primera 2026,104,Dilan Zúñiga,Palestino,1,1
2026-07-24,Liga de Primera 2026,105,Martín Araya,Palestino,1,1
2026-07-24,Liga de Primera 2026,106,Ronnie Fernández,Palestino,1,1
2026-07-24,Liga de Primera 2026,107,Jason León,Palestino,1,1
2026-07-24,Liga de Primera 2026,108,Agustín Arce,Universidad de Chile,1,1
2026-07-24,Liga de Primera 2026,109,Juan Martín Lucero,Universidad de Chile,1,1
2026-07-24,Liga de Primera 2026,110,Ignacio Vásquez,Universidad de Chile,1,1
2026-07-24,Liga de Primera 2026,111,Antonio Díaz,Universidad de Concepción,1,1
2026-07-24,Liga de Primera 2026,112,Michael Vadulli,Audax Italiano,1,0
2026-07-24,Liga de Primera 2026,113,Rodrigo Cabral,Audax Italiano,1,0
2026-07-24,Liga de Primera 2026,114,Enzo Ferrario,Audax Italiano,1,0
2026-07-24,Liga de Primera 2026,115,Marco Collao,Audax Italiano,1,0
2026-07-24,Liga de Primera 2026,116,Vicente Zenteno,Audax Italiano,1,0
2026-07-24,Liga de Primera 2026,117,José Tiznado,Cobresal,1,0
2026-07-24,Liga de Primera 2026,118,Joaquín Sosa,Colo-Colo,1,0
2026-07-24,Liga de Primera 2026,119,Guido Vadalá,Coquimbo Unido,1,0
2026-07-24,Liga de Primera 2026,120,Sebastián Galani,Coquimbo Unido,1,0
2026-07-24,Liga de Primera 2026,121,Lucas Pratto,Coquimbo Unido,1,0
2026-07-24,Liga de Primera 2026,122,Manuel Fernández,Coquimbo Unido,1,0
2026-07-24,Liga de Primera 2026,123,Pablo Rodríguez,Coquimbo Unido,1,0
2026-07-24,Liga de Primera 2026,124,Fausto Grillo,Deportes Concepción,1,0
2026-07-24,Liga de Primera 2026,125,Joaquín Larrivey,Deportes Concepción,1,0
2026-07-24,Liga de Primera 2026,126,Ariel Cáceres,Deportes Concepción,1,0
2026-07-24,Liga de Primera 2026,127,Mario Sandoval,Deportes Concepción,1,0
2026-07-24,Liga de Primera 2026,128,Aldrix Jara,Deportes Concepción,1,0
2026-07-24,Liga de Primera 2026,129,Ethan Espinoza,Deportes Concepción,1,0
2026-07-24,Liga de Primera 2026,130,Sebastián Díaz,Deportes La Serena,1,0
2026-07-24,Liga de Primera 2026,131,Lucas Alarcón,Deportes La Serena,1,0
2026-07-24,Liga de Primera 2026,132,Matías Marín,Deportes La Serena,1,0
2026-07-24,Liga de Primera 2026,133,César Pinares,Deportes Limache,1,0
2026-07-24,Liga de Primera 2026,134,Misael Llantén,Deportes Limache,1,0
2026-07-24,Liga de Primera 2026,135,César Fuentes,Deportes Limache,1,0
2026-07-24,Liga de Primera 2026,136,Ramón Martínez,Deportes Limache,1,0
2026-07-24,Liga de Primera 2026,137,Santiago Londoño,Everton,1,0
2026-07-24,Liga de Primera 2026,138,Renzo Malanca,Huachipato,1,0
2026-07-24,Liga de Primera 2026,139,Santiago Silva,Huachipato,1,0
2026-07-24,Liga de Primera 2026,140,Kevin Altez,Huachipato,1,0
2026-07-24,Liga de Primera 2026,141,Diego Céspedes,Ñublense,1,0
2026-07-24,Liga de Primera 2026,142,Giovanny Ávalos,Ñublense,1,0
2026-07-24,Liga de Primera 2026,143,Lorenzo Reyes,Ñublense,1,0
2026-07-24,Liga de Primera 2026,144,Lucas Molina,Ñublense,1,0
2026-07-24,Liga de Primera 2026,145,Miguel Brizuela,O'Higgins,1,0
2026-07-24,Liga de Primera 2026,146,Bastián Yáñez,O'Higgins,1,0
2026-07-24,Liga de Primera 2026,147,Vicente Espinoza,Palestino,1,0
2026-07-24,Liga de Primera 2026,148,Bayron Oyarzo,Unión La Calera,1,0
2026-07-24,Liga de Primera 2026,149,Francisco Pozzo,Unión La Calera,1,0
2026-07-24,Liga de Primera 2026,150,Juan Ignacio Díaz,Universidad Católica,1,0
2026-07-24,Liga de Primera 2026,151,Branco Ampuero,Universidad Católica,1,0
2026-07-24,Liga de Primera 2026,152,Juan Rossel,Universidad Católica,1,0
2026-07-24,Liga de Primera 2026,153,Matías Zaldivia,Universidad de Chile,1,0
2026-07-24,Liga de Primera 2026,154,Bianneider Tamayo,Universidad de Chile,1,0
2026-07-24,Liga de Primera 2026,155,Daniel Barrea,Universidad de Concepción,1,0
2026-07-24,Liga de Primera 2026,156,Cristhofer Mesías,Universidad de Concepción,1,0
2026-07-24,Liga de Primera 2026,157,Osvaldo González,Universidad de Concepción,1,0
2026-07-25,Liga de Primera 2026,1,Fernando Zampedri,Universidad Católica,15,2
2026-07-25,Liga de Primera 2026,2,Daniel Castro,Deportes Limache,9,5
2026-07-25,Liga de Primera 2026,3,Justo Giani,Universidad Católica,8,3
2026-07-25,Liga de Primera 2026,4,Javier Correa,Colo-Colo,8,2
2026-07-25,Liga de Primera 2026,5,Sebastián Sáez,Unión La Calera,8,1
2026-07-25,Liga de Primera 2026,6,Nelson Da Silva,Palestino,7,2
2026-07-25,Liga de Primera 2026,7,Lionel Altamirano,Huachipato,6,1
2026-07-25,Liga de Primera 2026,8,Steffan Pino,Cobresal,6,0
2026-07-25,Liga de Primera 2026,9,Jean Meneses,Deportes Limache,5,8
2026-07-25,Liga de Primera 2026,10,Jeisson Vargas,Deportes La Serena,5,5
2026-07-25,Liga de Primera 2026,11,Francisco González,O'Higgins,5,4
2026-07-25,Liga de Primera 2026,12,Maximiliano Romero,Colo-Colo,5,1
2026-07-25,Liga de Primera 2026,13,Eduardo Vargas,Universidad de Chile,5,1
2026-07-25,Liga de Primera 2026,14,Nicolás Johansen,Coquimbo Unido,5,0
2026-07-25,Liga de Primera 2026,15,Kevin Méndez,Unión La Calera,4,6
2026-07-25,Liga de Primera 2026,16,Leonardo Valencia,Deportes Concepción,4,2
2026-07-25,Liga de Primera 2026,17,Thiago Vecino,O'Higgins,4,1
2026-07-25,Liga de Primera 2026,18,Felipe Chamorro,Deportes La Serena,4,0
2026-07-25,Liga de Primera 2026,19,Gonzalo Sosa,Deportes Limache,4,0
2026-07-25,Liga de Primera 2026,20,Ignacio Jeraldino,Ñublense,4,0
2026-07-25,Liga de Primera 2026,21,Clemente Montes,Universidad Católica,3,4
2026-07-25,Liga de Primera 2026,22,Diego Rubio,Deportes La Serena,3,3
2026-07-25,Liga de Primera 2026,23,Giovani Chiaverano,Audax Italiano,3,2
2026-07-25,Liga de Primera 2026,24,Lautaro Pastrán,Colo-Colo,3,2
2026-07-25,Liga de Primera 2026,25,Julián Brea,Cobresal,3,1
2026-07-25,Liga de Primera 2026,26,Alan Medina,Everton,3,1
2026-07-25,Liga de Primera 2026,27,Lucas Soto,Everton,3,1
2026-07-25,Liga de Primera 2026,28,Cris Martínez,Huachipato,3,1
2026-07-25,Liga de Primera 2026,29,Cecilio Waterman,Universidad de Concepción,3,1
2026-07-25,Liga de Primera 2026,30,Franco Troyansky,Audax Italiano,3,0
2026-07-25,Liga de Primera 2026,31,Diego Coelho,Audax Italiano,3,0
2026-07-25,Liga de Primera 2026,32,Álvaro Madrid,Colo-Colo,3,0
2026-07-25,Liga de Primera 2026,33,Alejandro Camargo,Coquimbo Unido,3,0
2026-07-25,Liga de Primera 2026,34,Vicente Álvarez,Deportes Limache,3,0
2026-07-25,Liga de Primera 2026,35,Cristian Palacios,Everton,3,0
2026-07-25,Liga de Primera 2026,36,Maximiliano Gutiérrez,Huachipato,3,0
2026-07-25,Liga de Primera 2026,37,Franco Rami,Ñublense,3,0
2026-07-25,Liga de Primera 2026,38,Arnaldo Castillo,O'Higgins,3,0
2026-07-25,Liga de Primera 2026,39,Matías Palavecino,Universidad Católica,2,5
2026-07-25,Liga de Primera 2026,40,Claudio Aquino,Colo-Colo,2,3
2026-07-25,Liga de Primera 2026,41,Leandro Hernández,Colo-Colo,2,3
2026-07-25,Liga de Primera 2026,42,Cristián Zavala,Coquimbo Unido,2,2
2026-07-25,Liga de Primera 2026,43,Mario Briceño,Huachipato,2,2
2026-07-25,Liga de Primera 2026,44,Gabriel Graciani,Ñublense,2,2
2026-07-25,Liga de Primera 2026,45,César Munder,Palestino,2,2
2026-07-25,Liga de Primera 2026,46,Maximiliano Guerrero,Universidad de Chile,2,2
2026-07-25,Liga de Primera 2026,47,Víctor Méndez,Colo-Colo,2,1
2026-07-25,Liga de Primera 2026,48,Jeyson Rojas,Colo-Colo,2,1
2026-07-25,Liga de Primera 2026,49,Alejandro Azócar,Coquimbo Unido,2,1
2026-07-25,Liga de Primera 2026,50,Yerko González,Deportes Limache,2,1
2026-07-25,Liga de Primera 2026,51,Martín Sarrafiore,O'Higgins,2,1
2026-07-25,Liga de Primera 2026,52,Bryan Carrasco,Palestino,2,1
2026-07-25,Liga de Primera 2026,53,Agustín Nadruz,Cobresal,2,0
2026-07-25,Liga de Primera 2026,54,Franco Frías,Cobresal,2,0
2026-07-25,Liga de Primera 2026,55,Jorge Henríquez,Deportes Concepción,2,0
2026-07-25,Liga de Primera 2026,56,Ignacio Mesías,Deportes Concepción,2,0
2026-07-25,Liga de Primera 2026,57,Nicolás Stefanelli,Deportes La Serena,2,0
2026-07-25,Liga de Primera 2026,58,Gonzalo Escalante,Deportes La Serena,2,0
2026-07-25,Liga de Primera 2026,59,Nicolás Montiel,Everton,2,0
2026-07-25,Liga de Primera 2026,60,Diego Sanhueza,Ñublense,2,0
2026-07-25,Liga de Primera 2026,61,Francisco Montes,Palestino,2,0
2026-07-25,Liga de Primera 2026,62,Gonzalo Tapia,Palestino,2,0
2026-07-25,Liga de Primera 2026,63,Matías Campos López,Unión La Calera,2,0
2026-07-25,Liga de Primera 2026,64,Rodrigo Cáseres,Unión La Calera,2,0
2026-07-25,Liga de Primera 2026,65,Javier Altamirano,Universidad de Chile,2,0
2026-07-25,Liga de Primera 2026,66,Nicolás Ramírez,Universidad de Chile,2,0
2026-07-25,Liga de Primera 2026,67,Luis Rojas,Universidad de Concepción,2,0
2026-07-25,Liga de Primera 2026,68,Jeison Fuentealba,Universidad de Concepción,2,0
2026-07-25,Liga de Primera 2026,69,Bryan Carvallo,Cobresal,1,5
2026-07-25,Liga de Primera 2026,70,Cristián Cuevas,Universidad Católica,1,5
2026-07-25,Liga de Primera 2026,71,Esteban Matus,Audax Italiano,1,3
2026-07-25,Liga de Primera 2026,72,Luis Riveros,Coquimbo Unido,1,3
2026-07-25,Liga de Primera 2026,73,Maximiliano Rodríguez,Huachipato,1,3
2026-07-25,Liga de Primera 2026,74,Julián Fernández,Palestino,1,3
2026-07-25,Liga de Primera 2026,75,Guillermo Pacheco,Cobresal,1,2
2026-07-25,Liga de Primera 2026,76,Marcos Arturia,Deportes Limache,1,2
2026-07-25,Liga de Primera 2026,77,Braian Martínez,Everton,1,2
2026-07-25,Liga de Primera 2026,78,Maicol León,Huachipato,1,2
2026-07-25,Liga de Primera 2026,79,Guillermo Guaiquil,Huachipato,1,2
2026-07-25,Liga de Primera 2026,80,Bryan Rabello,O'Higgins,1,2
2026-07-25,Liga de Primera 2026,81,Ian Garguez,Palestino,1,2
2026-07-25,Liga de Primera 2026,82,Jimmy Martínez,Universidad Católica,1,2
2026-07-25,Liga de Primera 2026,83,Diego Corral,Universidad Católica,1,2
2026-07-25,Liga de Primera 2026,84,Fabián Hormazábal,Universidad de Chile,1,2
2026-07-25,Liga de Primera 2026,85,Agustín Urzi,Universidad de Concepción,1,2
2026-07-25,Liga de Primera 2026,86,Federico Mateos,Audax Italiano,1,1
2026-07-25,Liga de Primera 2026,87,Benjamín Valenzuela,Cobresal,1,1
2026-07-25,Liga de Primera 2026,88,Yastin Cuevas,Colo-Colo,1,1
2026-07-25,Liga de Primera 2026,89,Arturo Vidal,Colo-Colo,1,1
2026-07-25,Liga de Primera 2026,90,Martín Mundaca,Coquimbo Unido,1,1
2026-07-25,Liga de Primera 2026,91,Bruno Gutiérrez,Deportes La Serena,1,1
2026-07-25,Liga de Primera 2026,92,Ángelo Henríquez,Deportes La Serena,1,1
2026-07-25,Liga de Primera 2026,93,Joaquín Montecinos,Deportes Limache,1,1
2026-07-25,Liga de Primera 2026,94,Flavio Moya,Deportes Limache,1,1
2026-07-25,Liga de Primera 2026,95,Nicolás Baeza,Everton,1,1
2026-07-25,Liga de Primera 2026,96,Julián Alfaro,Everton,1,1
2026-07-25,Liga de Primera 2026,97,Nicolás Vargas,Huachipato,1,1
2026-07-25,Liga de Primera 2026,98,Claudio Sepúlveda,Huachipato,1,1
2026-07-25,Liga de Primera 2026,99,Ignacio Tapia,Ñublense,1,1
2026-07-25,Liga de Primera 2026,100,Matías Plaza,Ñublense,1,1
2026-07-25,Liga de Primera 2026,101,Felipe Ogaz,O'Higgins,1,1
2026-07-25,Liga de Primera 2026,102,Martín Maturana,O'Higgins,1,1
2026-07-25,Liga de Primera 2026,103,Sebastián Gallegos,Palestino,1,1
2026-07-25,Liga de Primera 2026,104,Dilan Zúñiga,Palestino,1,1
2026-07-25,Liga de Primera 2026,105,Martín Araya,Palestino,1,1
2026-07-25,Liga de Primera 2026,106,Ronnie Fernández,Palestino,1,1
2026-07-25,Liga de Primera 2026,107,Jason León,Palestino,1,1
2026-07-25,Liga de Primera 2026,108,Agustín Arce,Universidad de Chile,1,1
2026-07-25,Liga de Primera 2026,109,Juan Martín Lucero,Universidad de Chile,1,1
2026-07-25,Liga de Primera 2026,110,Ignacio Vásquez,Universidad de Chile,1,1
2026-07-25,Liga de Primera 2026,111,Antonio Díaz,Universidad de Concepción,1,1
2026-07-25,Liga de Primera 2026,112,Michael Vadulli,Audax Italiano,1,0
2026-07-25,Liga de Primera 2026,113,Rodrigo Cabral,Audax Italiano,1,0
2026-07-25,Liga de Primera 2026,114,Enzo Ferrario,Audax Italiano,1,0
2026-07-25,Liga de Primera 2026,115,Marco Collao,Audax Italiano,1,0
2026-07-25,Liga de Primera 2026,116,Vicente Zenteno,Audax Italiano,1,0
2026-07-25,Liga de Primera 2026,117,José Tiznado,Cobresal,1,0
2026-07-25,Liga de Primera 2026,118,Joaquín Sosa,Colo-Colo,1,0
2026-07-25,Liga de Primera 2026,119,Felipe Raipán,Colo-Colo,1,0
2026-07-25,Liga de Primera 2026,120,Guido Vadalá,Coquimbo Unido,1,0
2026-07-25,Liga de Primera 2026,121,Sebastián Galani,Coquimbo Unido,1,0
2026-07-25,Liga de Primera 2026,122,Lucas Pratto,Coquimbo Unido,1,0
2026-07-25,Liga de Primera 2026,123,Manuel Fernández,Coquimbo Unido,1,0
2026-07-25,Liga de Primera 2026,124,Pablo Rodríguez,Coquimbo Unido,1,0
2026-07-25,Liga de Primera 2026,125,Fausto Grillo,Deportes Concepción,1,0
2026-07-25,Liga de Primera 2026,126,Joaquín Larrivey,Deportes Concepción,1,0
2026-07-25,Liga de Primera 2026,127,Ariel Cáceres,Deportes Concepción,1,0
2026-07-25,Liga de Primera 2026,128,Mario Sandoval,Deportes Concepción,1,0
2026-07-25,Liga de Primera 2026,129,Aldrix Jara,Deportes Concepción,1,0
2026-07-25,Liga de Primera 2026,130,Ethan Espinoza,Deportes Concepción,1,0
2026-07-25,Liga de Primera 2026,131,Sebastián Díaz,Deportes La Serena,1,0
2026-07-25,Liga de Primera 2026,132,Lucas Alarcón,Deportes La Serena,1,0
2026-07-25,Liga de Primera 2026,133,Matías Marín,Deportes La Serena,1,0
2026-07-25,Liga de Primera 2026,134,César Pinares,Deportes Limache,1,0
2026-07-25,Liga de Primera 2026,135,Misael Llantén,Deportes Limache,1,0
2026-07-25,Liga de Primera 2026,136,César Fuentes,Deportes Limache,1,0
2026-07-25,Liga de Primera 2026,137,Ramón Martínez,Deportes Limache,1,0
2026-07-25,Liga de Primera 2026,138,Santiago Londoño,Everton,1,0
2026-07-25,Liga de Primera 2026,139,Renzo Malanca,Huachipato,1,0
2026-07-25,Liga de Primera 2026,140,Santiago Silva,Huachipato,1,0
2026-07-25,Liga de Primera 2026,141,Kevin Altez,Huachipato,1,0
2026-07-25,Liga de Primera 2026,142,Diego Céspedes,Ñublense,1,0
2026-07-25,Liga de Primera 2026,143,Giovanny Ávalos,Ñublense,1,0
2026-07-25,Liga de Primera 2026,144,Lorenzo Reyes,Ñublense,1,0
2026-07-25,Liga de Primera 2026,145,Lucas Molina,Ñublense,1,0
2026-07-25,Liga de Primera 2026,146,Miguel Brizuela,O'Higgins,1,0
2026-07-25,Liga de Primera 2026,147,Bastián Yáñez,O'Higgins,1,0
2026-07-25,Liga de Primera 2026,148,Vicente Espinoza,Palestino,1,0
2026-07-25,Liga de Primera 2026,149,Bayron Oyarzo,Unión La Calera,1,0
2026-07-25,Liga de Primera 2026,150,Francisco Pozzo,Unión La Calera,1,0
2026-07-25,Liga de Primera 2026,151,Juan Ignacio Díaz,Universidad Católica,1,0
2026-07-25,Liga de Primera 2026,152,Branco Ampuero,Universidad Católica,1,0
2026-07-25,Liga de Primera 2026,153,Juan Rossel,Universidad Católica,1,0
2026-07-25,Liga de Primera 2026,154,Matías Zaldivia,Universidad de Chile,1,0
2026-07-25,Liga de Primera 2026,155,Bianneider Tamayo,Universidad de Chile,1,0
2026-07-25,Liga de Primera 2026,156,Daniel Barrea,Universidad de Concepción,1,0
2026-07-25,Liga de Primera 2026,157,Cristhofer Mesías,Universidad de Concepción,1,0
2026-07-25,Liga de Primera 2026,158,Osvaldo González,Universidad de Concepción,1,0
2026-07-26,Liga de Primera 2026,1,Fernando Zampedri,Universidad Católica,17,2
2026-07-26,Liga de Primera 2026,2,Daniel Castro,Deportes Limache,9,5
2026-07-26,Liga de Primera 2026,3,Justo Giani,Universidad Católica,8,3
2026-07-26,Liga de Primera 2026,4,Javier Correa,Colo-Colo,8,2
2026-07-26,Liga de Primera 2026,5,Sebastián Sáez,Unión La Calera,8,1
2026-07-26,Liga de Primera 2026,6,Nelson Da Silva,Palestino,7,2
2026-07-26,Liga de Primera 2026,7,Lionel Altamirano,Huachipato,7,1
2026-07-26,Liga de Primera 2026,8,Steffan Pino,Cobresal,7,0
2026-07-26,Liga de Primera 2026,9,Jean Meneses,Deportes Limache,5,8
2026-07-26,Liga de Primera 2026,10,Jeisson Vargas,Deportes La Serena,5,6
2026-07-26,Liga de Primera 2026,11,Francisco González,O'Higgins,5,4
2026-07-26,Liga de Primera 2026,12,Maximiliano Romero,Colo-Colo,5,1
2026-07-26,Liga de Primera 2026,13,Eduardo Vargas,Universidad de Chile,5,1
2026-07-26,Liga de Primera 2026,14,Nicolás Johansen,Coquimbo Unido,5,0
2026-07-26,Liga de Primera 2026,15,Kevin Méndez,Unión La Calera,4,6
2026-07-26,Liga de Primera 2026,16,Leonardo Valencia,Deportes Concepción,4,2
2026-07-26,Liga de Primera 2026,17,Julián Brea,Cobresal,4,1
2026-07-26,Liga de Primera 2026,18,Thiago Vecino,O'Higgins,4,1
2026-07-26,Liga de Primera 2026,19,Felipe Chamorro,Deportes La Serena,4,0
2026-07-26,Liga de Primera 2026,20,Gonzalo Sosa,Deportes Limache,4,0
2026-07-26,Liga de Primera 2026,21,Ignacio Jeraldino,Ñublense,4,0
2026-07-26,Liga de Primera 2026,22,Clemente Montes,Universidad Católica,3,4
2026-07-26,Liga de Primera 2026,23,Diego Rubio,Deportes La Serena,3,3
2026-07-26,Liga de Primera 2026,24,Giovani Chiaverano,Audax Italiano,3,2
2026-07-26,Liga de Primera 2026,25,Lautaro Pastrán,Colo-Colo,3,2
2026-07-26,Liga de Primera 2026,26,Alan Medina,Everton,3,1
2026-07-26,Liga de Primera 2026,27,Lucas Soto,Everton,3,1
2026-07-26,Liga de Primera 2026,28,Cris Martínez,Huachipato,3,1
2026-07-26,Liga de Primera 2026,29,Cecilio Waterman,Universidad de Concepción,3,1
2026-07-26,Liga de Primera 2026,30,Franco Troyansky,Audax Italiano,3,0
2026-07-26,Liga de Primera 2026,31,Diego Coelho,Audax Italiano,3,0
2026-07-26,Liga de Primera 2026,32,Álvaro Madrid,Colo-Colo,3,0
2026-07-26,Liga de Primera 2026,33,Alejandro Camargo,Coquimbo Unido,3,0
2026-07-26,Liga de Primera 2026,34,Vicente Álvarez,Deportes Limache,3,0
2026-07-26,Liga de Primera 2026,35,Cristian Palacios,Everton,3,0
2026-07-26,Liga de Primera 2026,36,Maximiliano Gutiérrez,Huachipato,3,0
2026-07-26,Liga de Primera 2026,37,Franco Rami,Ñublense,3,0
2026-07-26,Liga de Primera 2026,38,Arnaldo Castillo,O'Higgins,3,0
2026-07-26,Liga de Primera 2026,39,Matías Palavecino,Universidad Católica,2,5
2026-07-26,Liga de Primera 2026,40,Claudio Aquino,Colo-Colo,2,3
2026-07-26,Liga de Primera 2026,41,Leandro Hernández,Colo-Colo,2,3
2026-07-26,Liga de Primera 2026,42,Maximiliano Rodríguez,Huachipato,2,3
2026-07-26,Liga de Primera 2026,43,Cristián Zavala,Coquimbo Unido,2,2
2026-07-26,Liga de Primera 2026,44,Mario Briceño,Huachipato,2,2
2026-07-26,Liga de Primera 2026,45,Gabriel Graciani,Ñublense,2,2
2026-07-26,Liga de Primera 2026,46,César Munder,Palestino,2,2
2026-07-26,Liga de Primera 2026,47,Maximiliano Guerrero,Universidad de Chile,2,2
2026-07-26,Liga de Primera 2026,48,Víctor Méndez,Colo-Colo,2,1
2026-07-26,Liga de Primera 2026,49,Jeyson Rojas,Colo-Colo,2,1
2026-07-26,Liga de Primera 2026,50,Alejandro Azócar,Coquimbo Unido,2,1
2026-07-26,Liga de Primera 2026,51,Gonzalo Figueroa,Deportes La Serena,2,1
2026-07-26,Liga de Primera 2026,52,Yerko González,Deportes Limache,2,1
2026-07-26,Liga de Primera 2026,53,Martín Sarrafiore,O'Higgins,2,1
2026-07-26,Liga de Primera 2026,54,Bryan Carrasco,Palestino,2,1
2026-07-26,Liga de Primera 2026,55,Agustín Nadruz,Cobresal,2,0
2026-07-26,Liga de Primera 2026,56,Franco Frías,Cobresal,2,0
2026-07-26,Liga de Primera 2026,57,Jorge Henríquez,Deportes Concepción,2,0
2026-07-26,Liga de Primera 2026,58,Ignacio Mesías,Deportes Concepción,2,0
2026-07-26,Liga de Primera 2026,59,Nicolás Stefanelli,Deportes La Serena,2,0
2026-07-26,Liga de Primera 2026,60,Gonzalo Escalante,Deportes La Serena,2,0
2026-07-26,Liga de Primera 2026,61,Matías Marín,Deportes La Serena,2,0
2026-07-26,Liga de Primera 2026,62,Nicolás Montiel,Everton,2,0
2026-07-26,Liga de Primera 2026,63,Diego Sanhueza,Ñublense,2,0
2026-07-26,Liga de Primera 2026,64,Francisco Montes,Palestino,2,0
2026-07-26,Liga de Primera 2026,65,Gonzalo Tapia,Palestino,2,0
2026-07-26,Liga de Primera 2026,66,Matías Campos López,Unión La Calera,2,0
2026-07-26,Liga de Primera 2026,67,Rodrigo Cáseres,Unión La Calera,2,0
2026-07-26,Liga de Primera 2026,68,Javier Altamirano,Universidad de Chile,2,0
2026-07-26,Liga de Primera 2026,69,Nicolás Ramírez,Universidad de Chile,2,0
2026-07-26,Liga de Primera 2026,70,Luis Rojas,Universidad de Concepción,2,0
2026-07-26,Liga de Primera 2026,71,Jeison Fuentealba,Universidad de Concepción,2,0
2026-07-26,Liga de Primera 2026,72,Bryan Carvallo,Cobresal,1,5
2026-07-26,Liga de Primera 2026,73,Cristián Cuevas,Universidad Católica,1,5
2026-07-26,Liga de Primera 2026,74,Esteban Matus,Audax Italiano,1,3
2026-07-26,Liga de Primera 2026,75,Luis Riveros,Coquimbo Unido,1,3
2026-07-26,Liga de Primera 2026,76,Julián Fernández,Palestino,1,3
2026-07-26,Liga de Primera 2026,77,Guillermo Pacheco,Cobresal,1,2
2026-07-26,Liga de Primera 2026,78,Marcos Arturia,Deportes Limache,1,2
2026-07-26,Liga de Primera 2026,79,Braian Martínez,Everton,1,2
2026-07-26,Liga de Primera 2026,80,Maicol León,Huachipato,1,2
2026-07-26,Liga de Primera 2026,81,Guillermo Guaiquil,Huachipato,1,2
2026-07-26,Liga de Primera 2026,82,Bryan Rabello,O'Higgins,1,2
2026-07-26,Liga de Primera 2026,83,Ian Garguez,Palestino,1,2
2026-07-26,Liga de Primera 2026,84,Jimmy Martínez,Universidad Católica,1,2
2026-07-26,Liga de Primera 2026,85,Diego Corral,Universidad Católica,1,2
2026-07-26,Liga de Primera 2026,86,Fabián Hormazábal,Universidad de Chile,1,2
2026-07-26,Liga de Primera 2026,87,Agustín Urzi,Universidad de Concepción,1,2
2026-07-26,Liga de Primera 2026,88,Federico Mateos,Audax Italiano,1,1
2026-07-26,Liga de Primera 2026,89,Benjamín Valenzuela,Cobresal,1,1
2026-07-26,Liga de Primera 2026,90,Yastin Cuevas,Colo-Colo,1,1
2026-07-26,Liga de Primera 2026,91,Arturo Vidal,Colo-Colo,1,1
2026-07-26,Liga de Primera 2026,92,Martín Mundaca,Coquimbo Unido,1,1
2026-07-26,Liga de Primera 2026,93,Bruno Gutiérrez,Deportes La Serena,1,1
2026-07-26,Liga de Primera 2026,94,Ángelo Henríquez,Deportes La Serena,1,1
2026-07-26,Liga de Primera 2026,95,Lucas Alarcón,Deportes La Serena,1,1
2026-07-26,Liga de Primera 2026,96,Joaquín Montecinos,Deportes Limache,1,1
2026-07-26,Liga de Primera 2026,97,Flavio Moya,Deportes Limache,1,1
2026-07-26,Liga de Primera 2026,98,Nicolás Baeza,Everton,1,1
2026-07-26,Liga de Primera 2026,99,Julián Alfaro,Everton,1,1
2026-07-26,Liga de Primera 2026,100,Nicolás Vargas,Huachipato,1,1
2026-07-26,Liga de Primera 2026,101,Claudio Sepúlveda,Huachipato,1,1
2026-07-26,Liga de Primera 2026,102,Ignacio Tapia,Ñublense,1,1
2026-07-26,Liga de Primera 2026,103,Matías Plaza,Ñublense,1,1
2026-07-26,Liga de Primera 2026,104,Felipe Ogaz,O'Higgins,1,1
2026-07-26,Liga de Primera 2026,105,Martín Maturana,O'Higgins,1,1
2026-07-26,Liga de Primera 2026,106,Sebastián Gallegos,Palestino,1,1
2026-07-26,Liga de Primera 2026,107,Dilan Zúñiga,Palestino,1,1
2026-07-26,Liga de Primera 2026,108,Martín Araya,Palestino,1,1
2026-07-26,Liga de Primera 2026,109,Ronnie Fernández,Palestino,1,1
2026-07-26,Liga de Primera 2026,110,Jason León,Palestino,1,1
2026-07-26,Liga de Primera 2026,111,Juan Ignacio Díaz,Universidad Católica,1,1
2026-07-26,Liga de Primera 2026,112,Agustín Arce,Universidad de Chile,1,1
2026-07-26,Liga de Primera 2026,113,Juan Martín Lucero,Universidad de Chile,1,1
2026-07-26,Liga de Primera 2026,114,Ignacio Vásquez,Universidad de Chile,1,1
2026-07-26,Liga de Primera 2026,115,Antonio Díaz,Universidad de Concepción,1,1
2026-07-26,Liga de Primera 2026,116,Michael Vadulli,Audax Italiano,1,0
2026-07-26,Liga de Primera 2026,117,Rodrigo Cabral,Audax Italiano,1,0
2026-07-26,Liga de Primera 2026,118,Enzo Ferrario,Audax Italiano,1,0
2026-07-26,Liga de Primera 2026,119,Marco Collao,Audax Italiano,1,0
2026-07-26,Liga de Primera 2026,120,Vicente Zenteno,Audax Italiano,1,0
2026-07-26,Liga de Primera 2026,121,José Tiznado,Cobresal,1,0
2026-07-26,Liga de Primera 2026,122,Joaquín Sosa,Colo-Colo,1,0
2026-07-26,Liga de Primera 2026,123,Felipe Raipán,Colo-Colo,1,0
2026-07-26,Liga de Primera 2026,124,Guido Vadalá,Coquimbo Unido,1,0
2026-07-26,Liga de Primera 2026,125,Sebastián Galani,Coquimbo Unido,1,0
2026-07-26,Liga de Primera 2026,126,Lucas Pratto,Coquimbo Unido,1,0
2026-07-26,Liga de Primera 2026,127,Manuel Fernández,Coquimbo Unido,1,0
2026-07-26,Liga de Primera 2026,128,Pablo Rodríguez,Coquimbo Unido,1,0
2026-07-26,Liga de Primera 2026,129,Fausto Grillo,Deportes Concepción,1,0
2026-07-26,Liga de Primera 2026,130,Joaquín Larrivey,Deportes Concepción,1,0
2026-07-26,Liga de Primera 2026,131,Ariel Cáceres,Deportes Concepción,1,0
2026-07-26,Liga de Primera 2026,132,Mario Sandoval,Deportes Concepción,1,0
2026-07-26,Liga de Primera 2026,133,Aldrix Jara,Deportes Concepción,1,0
2026-07-26,Liga de Primera 2026,134,Ethan Espinoza,Deportes Concepción,1,0
2026-07-26,Liga de Primera 2026,135,Sebastián Díaz,Deportes La Serena,1,0
2026-07-26,Liga de Primera 2026,136,César Pinares,Deportes Limache,1,0
2026-07-26,Liga de Primera 2026,137,Misael Llantén,Deportes Limache,1,0
2026-07-26,Liga de Primera 2026,138,César Fuentes,Deportes Limache,1,0
2026-07-26,Liga de Primera 2026,139,Ramón Martínez,Deportes Limache,1,0
2026-07-26,Liga de Primera 2026,140,Santiago Londoño,Everton,1,0
2026-07-26,Liga de Primera 2026,141,Rafael Caroca,Huachipato,1,0
2026-07-26,Liga de Primera 2026,142,Renzo Malanca,Huachipato,1,0
2026-07-26,Liga de Primera 2026,143,Santiago Silva,Huachipato,1,0
2026-07-26,Liga de Primera 2026,144,Kevin Altez,Huachipato,1,0
2026-07-26,Liga de Primera 2026,145,Diego Céspedes,Ñublense,1,0
2026-07-26,Liga de Primera 2026,146,Giovanny Ávalos,Ñublense,1,0
2026-07-26,Liga de Primera 2026,147,Lorenzo Reyes,Ñublense,1,0
2026-07-26,Liga de Primera 2026,148,Lucas Molina,Ñublense,1,0
2026-07-26,Liga de Primera 2026,149,Miguel Brizuela,O'Higgins,1,0
2026-07-26,Liga de Primera 2026,150,Bastián Yáñez,O'Higgins,1,0
2026-07-26,Liga de Primera 2026,151,Vicente Espinoza,Palestino,1,0
2026-07-26,Liga de Primera 2026,152,Bayron Oyarzo,Unión La Calera,1,0
2026-07-26,Liga de Primera 2026,153,Francisco Pozzo,Unión La Calera,1,0
2026-07-26,Liga de Primera 2026,154,Branco Ampuero,Universidad Católica,1,0
2026-07-26,Liga de Primera 2026,155,Juan Francisco Rossel,Universidad Católica,1,0
2026-07-26,Liga de Primera 2026,156,Eugenio Mena,Universidad Católica,1,0
2026-07-26,Liga de Primera 2026,157,Matías Zaldivia,Universidad de Chile,1,0
2026-07-26,Liga de Primera 2026,158,Bianneider Tamayo,Universidad de Chile,1,0
2026-07-26,Liga de Primera 2026,159,Daniel Barrea,Universidad de Concepción,1,0
2026-07-26,Liga de Primera 2026,160,Cristhofer Mesías,Universidad de Concepción,1,0
2026-07-26,Liga de Primera 2026,161,Osvaldo González,Universidad de Concepción,1,0
2026-07-27,Liga de Primera 2026,1,Fernando Zampedri,Universidad Católica,17,2
2026-07-27,Liga de Primera 2026,2,Daniel Castro,Deportes Limache,9,5
2026-07-27,Liga de Primera 2026,3,Justo Giani,Universidad Católica,8,3
2026-07-27,Liga de Primera 2026,4,Javier Correa,Colo-Colo,8,2
2026-07-27,Liga de Primera 2026,5,Sebastián Sáez,Unión La Calera,8,1
2026-07-27,Liga de Primera 2026,6,Nelson Da Silva,Palestino,7,2
2026-07-27,Liga de Primera 2026,7,Lionel Altamirano,Huachipato,7,1
2026-07-27,Liga de Primera 2026,8,Steffan Pino,Cobresal,7,0
2026-07-27,Liga de Primera 2026,9,Eduardo Vargas,Universidad de Chile,6,2
2026-07-27,Liga de Primera 2026,10,Jean Meneses,Deportes Limache,5,8
2026-07-27,Liga de Primera 2026,11,Jeisson Vargas,Deportes La Serena,5,6
2026-07-27,Liga de Primera 2026,12,Francisco González,O'Higgins,5,4
2026-07-27,Liga de Primera 2026,13,Joaquín Larrivey,Deportes Concepción,5,2
2026-07-27,Liga de Primera 2026,14,Maximiliano Romero,Colo-Colo,5,1
2026-07-27,Liga de Primera 2026,15,Nicolás Johansen,Coquimbo Unido,5,0
2026-07-27,Liga de Primera 2026,16,Kevin Méndez,Unión La Calera,4,6
2026-07-27,Liga de Primera 2026,17,Julián Brea,Cobresal,4,1
2026-07-27,Liga de Primera 2026,18,Thiago Vecino,O'Higgins,4,1
2026-07-27,Liga de Primera 2026,19,Felipe Chamorro,Deportes La Serena,4,0
2026-07-27,Liga de Primera 2026,20,Gonzalo Sosa,Deportes Limache,4,0
2026-07-27,Liga de Primera 2026,21,Ignacio Jeraldino,Ñublense,4,0
2026-07-27,Liga de Primera 2026,22,Clemente Montes,Universidad Católica,3,4
2026-07-27,Liga de Primera 2026,23,Diego Rubio,Deportes La Serena,3,3
2026-07-27,Liga de Primera 2026,24,Giovani Chiaverano,Audax Italiano,3,2
2026-07-27,Liga de Primera 2026,25,Lautaro Pastrán,Colo-Colo,3,2
2026-07-27,Liga de Primera 2026,26,Alan Medina,Everton,3,1
2026-07-27,Liga de Primera 2026,27,Lucas Soto,Everton,3,1
2026-07-27,Liga de Primera 2026,28,Cris Martínez,Huachipato,3,1
2026-07-27,Liga de Primera 2026,29,Cecilio Waterman,Universidad de Concepción,3,1
2026-07-27,Liga de Primera 2026,30,Franco Troyansky,Audax Italiano,3,0
2026-07-27,Liga de Primera 2026,31,Diego Coelho,Audax Italiano,3,0
2026-07-27,Liga de Primera 2026,32,Álvaro Madrid,Colo-Colo,3,0
2026-07-27,Liga de Primera 2026,33,Alejandro Camargo,Coquimbo Unido,3,0
2026-07-27,Liga de Primera 2026,34,Vicente Álvarez,Deportes Limache,3,0
2026-07-27,Liga de Primera 2026,35,Cristian Palacios,Everton,3,0
2026-07-27,Liga de Primera 2026,36,Maximiliano Gutiérrez,Huachipato,3,0
2026-07-27,Liga de Primera 2026,37,Franco Rami,Ñublense,3,0
2026-07-27,Liga de Primera 2026,38,Arnaldo Castillo,O'Higgins,3,0
2026-07-27,Liga de Primera 2026,39,Matías Palavecino,Universidad Católica,2,5
2026-07-27,Liga de Primera 2026,40,Claudio Aquino,Colo-Colo,2,3
2026-07-27,Liga de Primera 2026,41,Leandro Hernández,Colo-Colo,2,3
2026-07-27,Liga de Primera 2026,42,Maximiliano Rodríguez,Huachipato,2,3
2026-07-27,Liga de Primera 2026,43,Cristián Zavala,Coquimbo Unido,2,2
2026-07-27,Liga de Primera 2026,44,Mario Briceño,Huachipato,2,2
2026-07-27,Liga de Primera 2026,45,Gabriel Graciani,Ñublense,2,2
2026-07-27,Liga de Primera 2026,46,César Munder,Palestino,2,2
2026-07-27,Liga de Primera 2026,47,Maximiliano Guerrero,Universidad de Chile,2,2
2026-07-27,Liga de Primera 2026,48,Federico Mateos,Audax Italiano,2,1
2026-07-27,Liga de Primera 2026,49,Víctor Méndez,Colo-Colo,2,1
2026-07-27,Liga de Primera 2026,50,Jeyson Rojas,Colo-Colo,2,1
2026-07-27,Liga de Primera 2026,51,Alejandro Azócar,Coquimbo Unido,2,1
2026-07-27,Liga de Primera 2026,52,Gonzalo Figueroa,Deportes La Serena,2,1
2026-07-27,Liga de Primera 2026,53,Yerko González,Deportes Limache,2,1
2026-07-27,Liga de Primera 2026,54,Martín Sarrafiore,O'Higgins,2,1
2026-07-27,Liga de Primera 2026,55,Bryan Carrasco,Palestino,2,1
2026-07-27,Liga de Primera 2026,56,Agustín Arce,Universidad de Chile,2,1
2026-07-27,Liga de Primera 2026,57,Agustín Nadruz,Cobresal,2,0
2026-07-27,Liga de Primera 2026,58,Franco Frías,Cobresal,2,0
2026-07-27,Liga de Primera 2026,59,Jorge Henríquez,Deportes Concepción,2,0
2026-07-27,Liga de Primera 2026,60,Ignacio Mesías,Deportes Concepción,2,0
2026-07-27,Liga de Primera 2026,61,Mario Sandoval,Deportes Concepción,2,0
2026-07-27,Liga de Primera 2026,62,Nicolás Stefanelli,Deportes La Serena,2,0
2026-07-27,Liga de Primera 2026,63,Gonzalo Escalante,Deportes La Serena,2,0
2026-07-27,Liga de Primera 2026,64,Matías Marín,Deportes La Serena,2,0
2026-07-27,Liga de Primera 2026,65,Nicolás Montiel,Everton,2,0
2026-07-27,Liga de Primera 2026,66,Diego Sanhueza,Ñublense,2,0
2026-07-27,Liga de Primera 2026,67,Lucas Molina,Ñublense,2,0
2026-07-27,Liga de Primera 2026,68,Francisco Montes,Palestino,2,0
2026-07-27,Liga de Primera 2026,69,Gonzalo Tapia,Palestino,2,0
2026-07-27,Liga de Primera 2026,70,Matías Campos López,Unión La Calera,2,0
2026-07-27,Liga de Primera 2026,71,Rodrigo Cáseres,Unión La Calera,2,0
2026-07-27,Liga de Primera 2026,72,Javier Altamirano,Universidad de Chile,2,0
2026-07-27,Liga de Primera 2026,73,Nicolás Ramírez,Universidad de Chile,2,0
2026-07-27,Liga de Primera 2026,74,Luis Rojas,Universidad de Concepción,2,0
2026-07-27,Liga de Primera 2026,75,Jeison Fuentealba,Universidad de Concepción,2,0
2026-07-27,Liga de Primera 2026,76,Bryan Carvallo,Cobresal,1,5
2026-07-27,Liga de Primera 2026,77,Cristián Cuevas,Universidad Católica,1,5
2026-07-27,Liga de Primera 2026,78,Esteban Matus,Audax Italiano,1,4
2026-07-27,Liga de Primera 2026,79,Luis Riveros,Coquimbo Unido,1,3
2026-07-27,Liga de Primera 2026,80,Matías Plaza,Ñublense,1,3
2026-07-27,Liga de Primera 2026,81,Julián Fernández,Palestino,1,3
2026-07-27,Liga de Primera 2026,82,Guillermo Pacheco,Cobresal,1,2
2026-07-27,Liga de Primera 2026,83,Marcos Arturia,Deportes Limache,1,2
2026-07-27,Liga de Primera 2026,84,Braian Martínez,Everton,1,2
2026-07-27,Liga de Primera 2026,85,Maicol León,Huachipato,1,2
2026-07-27,Liga de Primera 2026,86,Guillermo Guaiquil,Huachipato,1,2
2026-07-27,Liga de Primera 2026,87,Bryan Rabello,O'Higgins,1,2
2026-07-27,Liga de Primera 2026,88,Ian Garguez,Palestino,1,2
2026-07-27,Liga de Primera 2026,89,Jimmy Martínez,Universidad Católica,1,2
2026-07-27,Liga de Primera 2026,90,Diego Corral,Universidad Católica,1,2
2026-07-27,Liga de Primera 2026,91,Fabián Hormazábal,Universidad de Chile,1,2
2026-07-27,Liga de Primera 2026,92,Agustín Urzi,Universidad de Concepción,1,2
2026-07-27,Liga de Primera 2026,93,Benjamín Valenzuela,Cobresal,1,1
2026-07-27,Liga de Primera 2026,94,Yastin Cuevas,Colo-Colo,1,1
2026-07-27,Liga de Primera 2026,95,Arturo Vidal,Colo-Colo,1,1
2026-07-27,Liga de Primera 2026,96,Martín Mundaca,Coquimbo Unido,1,1
2026-07-27,Liga de Primera 2026,97,Leonardo Valencia,Deportes Concepción,1,1
2026-07-27,Liga de Primera 2026,98,Bruno Gutiérrez,Deportes La Serena,1,1
2026-07-27,Liga de Primera 2026,99,Ángelo Henríquez,Deportes La Serena,1,1
2026-07-27,Liga de Primera 2026,100,Lucas Alarcón,Deportes La Serena,1,1
2026-07-27,Liga de Primera 2026,101,Joaquín Montecinos,Deportes Limache,1,1
2026-07-27,Liga de Primera 2026,102,Flavio Moya,Deportes Limache,1,1
2026-07-27,Liga de Primera 2026,103,Nicolás Baeza,Everton,1,1
2026-07-27,Liga de Primera 2026,104,Julián Alfaro,Everton,1,1
2026-07-27,Liga de Primera 2026,105,Nicolás Vargas,Huachipato,1,1
2026-07-27,Liga de Primera 2026,106,Claudio Sepúlveda,Huachipato,1,1
2026-07-27,Liga de Primera 2026,107,Ignacio Tapia,Ñublense,1,1
2026-07-27,Liga de Primera 2026,108,Felipe Ogaz,O'Higgins,1,1
2026-07-27,Liga de Primera 2026,109,Martín Maturana,O'Higgins,1,1
2026-07-27,Liga de Primera 2026,110,Sebastián Gallegos,Palestino,1,1
2026-07-27,Liga de Primera 2026,111,Dilan Zúñiga,Palestino,1,1
2026-07-27,Liga de Primera 2026,112,Martín Araya,Palestino,1,1
2026-07-27,Liga de Primera 2026,113,Ronnie Fernández,Palestino,1,1
2026-07-27,Liga de Primera 2026,114,Jason León,Palestino,1,1
2026-07-27,Liga de Primera 2026,115,Juan Ignacio Díaz,Universidad Católica,1,1
2026-07-27,Liga de Primera 2026,116,Juan Martín Lucero,Universidad de Chile,1,1
2026-07-27,Liga de Primera 2026,117,Ignacio Vásquez,Universidad de Chile,1,1
2026-07-27,Liga de Primera 2026,118,Antonio Díaz,Universidad de Concepción,1,1
2026-07-27,Liga de Primera 2026,119,Michael Vadulli,Audax Italiano,1,0
2026-07-27,Liga de Primera 2026,120,Rodrigo Cabral,Audax Italiano,1,0
2026-07-27,Liga de Primera 2026,121,Enzo Ferrario,Audax Italiano,1,0
2026-07-27,Liga de Primera 2026,122,Marco Collao,Audax Italiano,1,0
2026-07-27,Liga de Primera 2026,123,Vicente Zenteno,Audax Italiano,1,0
2026-07-27,Liga de Primera 2026,124,José Tiznado,Cobresal,1,0
2026-07-27,Liga de Primera 2026,125,Joaquín Sosa,Colo-Colo,1,0
2026-07-27,Liga de Primera 2026,126,Felipe Raipán,Colo-Colo,1,0
2026-07-27,Liga de Primera 2026,127,Guido Vadalá,Coquimbo Unido,1,0
2026-07-27,Liga de Primera 2026,128,Sebastián Galani,Coquimbo Unido,1,0
2026-07-27,Liga de Primera 2026,129,Lucas Pratto,Coquimbo Unido,1,0
2026-07-27,Liga de Primera 2026,130,Manuel Fernández,Coquimbo Unido,1,0
2026-07-27,Liga de Primera 2026,131,Pablo Rodríguez,Coquimbo Unido,1,0
2026-07-27,Liga de Primera 2026,132,Fausto Grillo,Deportes Concepción,1,0
2026-07-27,Liga de Primera 2026,133,Ariel Cáceres,Deportes Concepción,1,0
2026-07-27,Liga de Primera 2026,134,Aldrix Jara,Deportes Concepción,1,0
2026-07-27,Liga de Primera 2026,135,Ethan Espinoza,Deportes Concepción,1,0
2026-07-27,Liga de Primera 2026,136,Sebastián Díaz,Deportes La Serena,1,0
2026-07-27,Liga de Primera 2026,137,César Pinares,Deportes Limache,1,0
2026-07-27,Liga de Primera 2026,138,Misael Llantén,Deportes Limache,1,0
2026-07-27,Liga de Primera 2026,139,César Fuentes,Deportes Limache,1,0
2026-07-27,Liga de Primera 2026,140,Ramón Martínez,Deportes Limache,1,0
2026-07-27,Liga de Primera 2026,141,Santiago Londoño,Everton,1,0
2026-07-27,Liga de Primera 2026,142,Rafael Caroca,Huachipato,1,0
2026-07-27,Liga de Primera 2026,143,Renzo Malanca,Huachipato,1,0
2026-07-27,Liga de Primera 2026,144,Santiago Silva,Huachipato,1,0
2026-07-27,Liga de Primera 2026,145,Kevin Altez,Huachipato,1,0
2026-07-27,Liga de Primera 2026,146,Diego Céspedes,Ñublense,1,0
2026-07-27,Liga de Primera 2026,147,Giovanny Ávalos,Ñublense,1,0
2026-07-27,Liga de Primera 2026,148,Lorenzo Reyes,Ñublense,1,0
2026-07-27,Liga de Primera 2026,149,Sebastián Valencia,Ñublense,1,0
2026-07-27,Liga de Primera 2026,150,Miguel Brizuela,O'Higgins,1,0
2026-07-27,Liga de Primera 2026,151,Bastián Yáñez,O'Higgins,1,0
2026-07-27,Liga de Primera 2026,152,Vicente Espinoza,Palestino,1,0
2026-07-27,Liga de Primera 2026,153,Bayron Oyarzo,Unión La Calera,1,0
2026-07-27,Liga de Primera 2026,154,Francisco Pozzo,Unión La Calera,1,0
2026-07-27,Liga de Primera 2026,155,Branco Ampuero,Universidad Católica,1,0
2026-07-27,Liga de Primera 2026,156,Juan Francisco Rossel,Universidad Católica,1,0
2026-07-27,Liga de Primera 2026,157,Eugenio Mena,Universidad Católica,1,0
2026-07-27,Liga de Primera 2026,158,Matías Zaldivia,Universidad de Chile,1,0
2026-07-27,Liga de Primera 2026,159,Bianneider Tamayo,Universidad de Chile,1,0
2026-07-27,Liga de Primera 2026,160,Daniel Barrea,Universidad de Concepción,1,0
2026-07-27,Liga de Primera 2026,161,Cristhofer Mesías,Universidad de Concepción,1,0
2026-07-27,Liga de Primera 2026,162,Osvaldo González,Universidad de Concepción,1,0
2026-07-28,Liga de Primera 2026,1,Fernando Zampedri,Universidad Católica,17,2
2026-07-28,Liga de Primera 2026,2,Daniel Castro,Deportes Limache,9,5
2026-07-28,Liga de Primera 2026,3,Justo Giani,Universidad Católica,8,3
2026-07-28,Liga de Primera 2026,4,Javier Correa,Colo-Colo,8,2
2026-07-28,Liga de Primera 2026,5,Sebastián Sáez,Unión La Calera,8,1
2026-07-28,Liga de Primera 2026,6,Nelson Da Silva,Palestino,7,2
2026-07-28,Liga de Primera 2026,7,Lionel Altamirano,Huachipato,7,1
2026-07-28,Liga de Primera 2026,8,Steffan Pino,Cobresal,7,0
2026-07-28,Liga de Primera 2026,9,Eduardo Vargas,Universidad de Chile,6,2
2026-07-28,Liga de Primera 2026,10,Jean Meneses,Deportes Limache,5,8
2026-07-28,Liga de Primera 2026,11,Jeisson Vargas,Deportes La Serena,5,6
2026-07-28,Liga de Primera 2026,12,Francisco González,O'Higgins,5,4
2026-07-28,Liga de Primera 2026,13,Joaquín Larrivey,Deportes Concepción,5,2
2026-07-28,Liga de Primera 2026,14,Maximiliano Romero,Colo-Colo,5,1
2026-07-28,Liga de Primera 2026,15,Nicolás Johansen,Coquimbo Unido,5,0
2026-07-28,Liga de Primera 2026,16,Kevin Méndez,Unión La Calera,4,6
2026-07-28,Liga de Primera 2026,17,Julián Brea,Cobresal,4,1
2026-07-28,Liga de Primera 2026,18,Thiago Vecino,O'Higgins,4,1
2026-07-28,Liga de Primera 2026,19,Felipe Chamorro,Deportes La Serena,4,0
2026-07-28,Liga de Primera 2026,20,Gonzalo Sosa,Deportes Limache,4,0
2026-07-28,Liga de Primera 2026,21,Ignacio Jeraldino,Ñublense,4,0
2026-07-28,Liga de Primera 2026,22,Clemente Montes,Universidad Católica,3,4
2026-07-28,Liga de Primera 2026,23,Diego Rubio,Deportes La Serena,3,3
2026-07-28,Liga de Primera 2026,24,Giovani Chiaverano,Audax Italiano,3,2
2026-07-28,Liga de Primera 2026,25,Lautaro Pastrán,Colo-Colo,3,2
2026-07-28,Liga de Primera 2026,26,Alan Medina,Everton,3,1
2026-07-28,Liga de Primera 2026,27,Lucas Soto,Everton,3,1
2026-07-28,Liga de Primera 2026,28,Cris Martínez,Huachipato,3,1
2026-07-28,Liga de Primera 2026,29,Cecilio Waterman,Universidad de Concepción,3,1
2026-07-28,Liga de Primera 2026,30,Franco Troyansky,Audax Italiano,3,0
2026-07-28,Liga de Primera 2026,31,Diego Coelho,Audax Italiano,3,0
2026-07-28,Liga de Primera 2026,32,Álvaro Madrid,Colo-Colo,3,0
2026-07-28,Liga de Primera 2026,33,Alejandro Camargo,Coquimbo Unido,3,0
2026-07-28,Liga de Primera 2026,34,Vicente Álvarez,Deportes Limache,3,0
2026-07-28,Liga de Primera 2026,35,Cristian Palacios,Everton,3,0
2026-07-28,Liga de Primera 2026,36,Nicolás Montiel,Everton,3,0
2026-07-28,Liga de Primera 2026,37,Maximiliano Gutiérrez,Huachipato,3,0
2026-07-28,Liga de Primera 2026,38,Franco Rami,Ñublense,3,0
2026-07-28,Liga de Primera 2026,39,Arnaldo Castillo,O'Higgins,3,0
2026-07-28,Liga de Primera 2026,40,Matías Palavecino,Universidad Católica,2,5
2026-07-28,Liga de Primera 2026,41,Claudio Aquino,Colo-Colo,2,3
2026-07-28,Liga de Primera 2026,42,Leandro Hernández,Colo-Colo,2,3
2026-07-28,Liga de Primera 2026,43,Maximiliano Rodríguez,Huachipato,2,3
2026-07-28,Liga de Primera 2026,44,Cristián Zavala,Coquimbo Unido,2,2
2026-07-28,Liga de Primera 2026,45,Mario Briceño,Huachipato,2,2
2026-07-28,Liga de Primera 2026,46,Gabriel Graciani,Ñublense,2,2
2026-07-28,Liga de Primera 2026,47,César Munder,Palestino,2,2
2026-07-28,Liga de Primera 2026,48,Maximiliano Guerrero,Universidad de Chile,2,2
2026-07-28,Liga de Primera 2026,49,Federico Mateos,Audax Italiano,2,1
2026-07-28,Liga de Primera 2026,50,Víctor Méndez,Colo-Colo,2,1
2026-07-28,Liga de Primera 2026,51,Jeyson Rojas,Colo-Colo,2,1
2026-07-28,Liga de Primera 2026,52,Alejandro Azócar,Coquimbo Unido,2,1
2026-07-28,Liga de Primera 2026,53,Gonzalo Figueroa,Deportes La Serena,2,1
2026-07-28,Liga de Primera 2026,54,Yerko González,Deportes Limache,2,1
2026-07-28,Liga de Primera 2026,55,Martín Sarrafiore,O'Higgins,2,1
2026-07-28,Liga de Primera 2026,56,Bryan Carrasco,Palestino,2,1
2026-07-28,Liga de Primera 2026,57,Agustín Arce,Universidad de Chile,2,1
2026-07-28,Liga de Primera 2026,58,Agustín Nadruz,Cobresal,2,0
2026-07-28,Liga de Primera 2026,59,Franco Frías,Cobresal,2,0
2026-07-28,Liga de Primera 2026,60,Jorge Henríquez,Deportes Concepción,2,0
2026-07-28,Liga de Primera 2026,61,Ignacio Mesías,Deportes Concepción,2,0
2026-07-28,Liga de Primera 2026,62,Mario Sandoval,Deportes Concepción,2,0
2026-07-28,Liga de Primera 2026,63,Nicolás Stefanelli,Deportes La Serena,2,0
2026-07-28,Liga de Primera 2026,64,Gonzalo Escalante,Deportes La Serena,2,0
2026-07-28,Liga de Primera 2026,65,Matías Marín,Deportes La Serena,2,0
2026-07-28,Liga de Primera 2026,66,Diego Sanhueza,Ñublense,2,0
2026-07-28,Liga de Primera 2026,67,Lucas Molina,Ñublense,2,0
2026-07-28,Liga de Primera 2026,68,Francisco Montes,Palestino,2,0
2026-07-28,Liga de Primera 2026,69,Gonzalo Tapia,Palestino,2,0
2026-07-28,Liga de Primera 2026,70,Matías Campos López,Unión La Calera,2,0
2026-07-28,Liga de Primera 2026,71,Rodrigo Cáseres,Unión La Calera,2,0
2026-07-28,Liga de Primera 2026,72,Francisco Pozzo,Unión La Calera,2,0
2026-07-28,Liga de Primera 2026,73,Javier Altamirano,Universidad de Chile,2,0
2026-07-28,Liga de Primera 2026,74,Nicolás Ramírez,Universidad de Chile,2,0
2026-07-28,Liga de Primera 2026,75,Luis Rojas,Universidad de Concepción,2,0
2026-07-28,Liga de Primera 2026,76,Jeison Fuentealba,Universidad de Concepción,2,0
2026-07-28,Liga de Primera 2026,77,Bryan Carvallo,Cobresal,1,5
2026-07-28,Liga de Primera 2026,78,Cristián Cuevas,Universidad Católica,1,5
2026-07-28,Liga de Primera 2026,79,Esteban Matus,Audax Italiano,1,4
2026-07-28,Liga de Primera 2026,80,Luis Riveros,Coquimbo Unido,1,3
2026-07-28,Liga de Primera 2026,81,Matías Plaza,Ñublense,1,3
2026-07-28,Liga de Primera 2026,82,Julián Fernández,Palestino,1,3
2026-07-28,Liga de Primera 2026,83,Guillermo Pacheco,Cobresal,1,2
2026-07-28,Liga de Primera 2026,84,Marcos Arturia,Deportes Limache,1,2
2026-07-28,Liga de Primera 2026,85,Braian Martínez,Everton,1,2
2026-07-28,Liga de Primera 2026,86,Maicol León,Huachipato,1,2
2026-07-28,Liga de Primera 2026,87,Guillermo Guaiquil,Huachipato,1,2
2026-07-28,Liga de Primera 2026,88,Bryan Rabello,O'Higgins,1,2
2026-07-28,Liga de Primera 2026,89,Ian Garguez,Palestino,1,2
2026-07-28,Liga de Primera 2026,90,Jimmy Martínez,Universidad Católica,1,2
2026-07-28,Liga de Primera 2026,91,Diego Corral,Universidad Católica,1,2
2026-07-28,Liga de Primera 2026,92,Fabián Hormazábal,Universidad de Chile,1,2
2026-07-28,Liga de Primera 2026,93,Agustín Urzi,Universidad de Concepción,1,2
2026-07-28,Liga de Primera 2026,94,Benjamín Valenzuela,Cobresal,1,1
2026-07-28,Liga de Primera 2026,95,Yastin Cuevas,Colo-Colo,1,1
2026-07-28,Liga de Primera 2026,96,Arturo Vidal,Colo-Colo,1,1
2026-07-28,Liga de Primera 2026,97,Martín Mundaca,Coquimbo Unido,1,1
2026-07-28,Liga de Primera 2026,98,Leonardo Valencia,Deportes Concepción,1,1
2026-07-28,Liga de Primera 2026,99,Bruno Gutiérrez,Deportes La Serena,1,1
2026-07-28,Liga de Primera 2026,100,Ángelo Henríquez,Deportes La Serena,1,1
2026-07-28,Liga de Primera 2026,101,Lucas Alarcón,Deportes La Serena,1,1
2026-07-28,Liga de Primera 2026,102,Joaquín Montecinos,Deportes Limache,1,1
2026-07-28,Liga de Primera 2026,103,Flavio Moya,Deportes Limache,1,1
2026-07-28,Liga de Primera 2026,104,Nicolás Baeza,Everton,1,1
2026-07-28,Liga de Primera 2026,105,Julián Alfaro,Everton,1,1
2026-07-28,Liga de Primera 2026,106,Nicolás Vargas,Huachipato,1,1
2026-07-28,Liga de Primera 2026,107,Claudio Sepúlveda,Huachipato,1,1
2026-07-28,Liga de Primera 2026,108,Ignacio Tapia,Ñublense,1,1
2026-07-28,Liga de Primera 2026,109,Felipe Ogaz,O'Higgins,1,1
2026-07-28,Liga de Primera 2026,110,Martín Maturana,O'Higgins,1,1
2026-07-28,Liga de Primera 2026,111,Sebastián Gallegos,Palestino,1,1
2026-07-28,Liga de Primera 2026,112,Dilan Zúñiga,Palestino,1,1
2026-07-28,Liga de Primera 2026,113,Martín Araya,Palestino,1,1
2026-07-28,Liga de Primera 2026,114,Ronnie Fernández,Palestino,1,1
2026-07-28,Liga de Primera 2026,115,Jason León,Palestino,1,1
2026-07-28,Liga de Primera 2026,116,Juan Ignacio Díaz,Universidad Católica,1,1
2026-07-28,Liga de Primera 2026,117,Juan Martín Lucero,Universidad de Chile,1,1
2026-07-28,Liga de Primera 2026,118,Ignacio Vásquez,Universidad de Chile,1,1
2026-07-28,Liga de Primera 2026,119,Antonio Díaz,Universidad de Concepción,1,1
2026-07-28,Liga de Primera 2026,120,Michael Vadulli,Audax Italiano,1,0
2026-07-28,Liga de Primera 2026,121,Rodrigo Cabral,Audax Italiano,1,0
2026-07-28,Liga de Primera 2026,122,Enzo Ferrario,Audax Italiano,1,0
2026-07-28,Liga de Primera 2026,123,Marco Collao,Audax Italiano,1,0
2026-07-28,Liga de Primera 2026,124,Vicente Zenteno,Audax Italiano,1,0
2026-07-28,Liga de Primera 2026,125,José Tiznado,Cobresal,1,0
2026-07-28,Liga de Primera 2026,126,Joaquín Sosa,Colo-Colo,1,0
2026-07-28,Liga de Primera 2026,127,Felipe Raipán,Colo-Colo,1,0
2026-07-28,Liga de Primera 2026,128,Guido Vadalá,Coquimbo Unido,1,0
2026-07-28,Liga de Primera 2026,129,Sebastián Galani,Coquimbo Unido,1,0
2026-07-28,Liga de Primera 2026,130,Lucas Pratto,Coquimbo Unido,1,0
2026-07-28,Liga de Primera 2026,131,Manuel Fernández,Coquimbo Unido,1,0
2026-07-28,Liga de Primera 2026,132,Pablo Rodríguez,Coquimbo Unido,1,0
2026-07-28,Liga de Primera 2026,133,Fausto Grillo,Deportes Concepción,1,0
2026-07-28,Liga de Primera 2026,134,Ariel Cáceres,Deportes Concepción,1,0
2026-07-28,Liga de Primera 2026,135,Aldrix Jara,Deportes Concepción,1,0
2026-07-28,Liga de Primera 2026,136,Ethan Espinoza,Deportes Concepción,1,0
2026-07-28,Liga de Primera 2026,137,Sebastián Díaz,Deportes La Serena,1,0
2026-07-28,Liga de Primera 2026,138,César Pinares,Deportes Limache,1,0
2026-07-28,Liga de Primera 2026,139,Misael Llantén,Deportes Limache,1,0
2026-07-28,Liga de Primera 2026,140,César Fuentes,Deportes Limache,1,0
2026-07-28,Liga de Primera 2026,141,Ramón Martínez,Deportes Limache,1,0
2026-07-28,Liga de Primera 2026,142,Santiago Londoño,Everton,1,0
2026-07-28,Liga de Primera 2026,143,Rafael Caroca,Huachipato,1,0
2026-07-28,Liga de Primera 2026,144,Renzo Malanca,Huachipato,1,0
2026-07-28,Liga de Primera 2026,145,Santiago Silva,Huachipato,1,0
2026-07-28,Liga de Primera 2026,146,Kevin Altez,Huachipato,1,0
2026-07-28,Liga de Primera 2026,147,Diego Céspedes,Ñublense,1,0
2026-07-28,Liga de Primera 2026,148,Giovanny Ávalos,Ñublense,1,0
2026-07-28,Liga de Primera 2026,149,Lorenzo Reyes,Ñublense,1,0
2026-07-28,Liga de Primera 2026,150,Sebastián Valencia,Ñublense,1,0
2026-07-28,Liga de Primera 2026,151,Miguel Brizuela,O'Higgins,1,0
2026-07-28,Liga de Primera 2026,152,Bastián Yáñez,O'Higgins,1,0
2026-07-28,Liga de Primera 2026,153,Vicente Espinoza,Palestino,1,0
2026-07-28,Liga de Primera 2026,154,Bayron Oyarzo,Unión La Calera,1,0
2026-07-28,Liga de Primera 2026,155,Branco Ampuero,Universidad Católica,1,0
2026-07-28,Liga de Primera 2026,156,Juan Francisco Rossel,Universidad Católica,1,0
2026-07-28,Liga de Primera 2026,157,Eugenio Mena,Universidad Católica,1,0
2026-07-28,Liga de Primera 2026,158,Matías Zaldivia,Universidad de Chile,1,0
2026-07-28,Liga de Primera 2026,159,Bianneider Tamayo,Universidad de Chile,1,0
2026-07-28,Liga de Primera 2026,160,Daniel Barrea,Universidad de Concepción,1,0
2026-07-28,Liga de Primera 2026,161,Cristhofer Mesías,Universidad de Concepción,1,0
2026-07-28,Liga de Primera 2026,162,Osvaldo González,Universidad de Concepción,1,0
2026-07-29,Liga de Primera 2026,1,Fernando Zampedri,Universidad Católica,17,2
2026-07-29,Liga de Primera 2026,2,Daniel Castro,Deportes Limache,9,5
2026-07-29,Liga de Primera 2026,3,Justo Giani,Universidad Católica,8,3
2026-07-29,Liga de Primera 2026,4,Javier Correa,Colo-Colo,8,2
2026-07-29,Liga de Primera 2026,5,Sebastián Sáez,Unión La Calera,8,1
2026-07-29,Liga de Primera 2026,6,Nelson Da Silva,Palestino,7,2
2026-07-29,Liga de Primera 2026,7,Lionel Altamirano,Huachipato,7,1
2026-07-29,Liga de Primera 2026,8,Steffan Pino,Cobresal,7,0
2026-07-29,Liga de Primera 2026,9,Eduardo Vargas,Universidad de Chile,6,2
2026-07-29,Liga de Primera 2026,10,Jean Meneses,Deportes Limache,5,8
2026-07-29,Liga de Primera 2026,11,Jeisson Vargas,Deportes La Serena,5,6
2026-07-29,Liga de Primera 2026,12,Francisco González,O'Higgins,5,4
2026-07-29,Liga de Primera 2026,13,Joaquín Larrivey,Deportes Concepción,5,2
2026-07-29,Liga de Primera 2026,14,Maximiliano Romero,Colo-Colo,5,1
2026-07-29,Liga de Primera 2026,15,Nicolás Johansen,Coquimbo Unido,5,0
2026-07-29,Liga de Primera 2026,16,Kevin Méndez,Unión La Calera,4,6
2026-07-29,Liga de Primera 2026,17,Julián Brea,Cobresal,4,1
2026-07-29,Liga de Primera 2026,18,Thiago Vecino,O'Higgins,4,1
2026-07-29,Liga de Primera 2026,19,Felipe Chamorro,Deportes La Serena,4,0
2026-07-29,Liga de Primera 2026,20,Gonzalo Sosa,Deportes Limache,4,0
2026-07-29,Liga de Primera 2026,21,Ignacio Jeraldino,Ñublense,4,0
2026-07-29,Liga de Primera 2026,22,Clemente Montes,Universidad Católica,3,4
2026-07-29,Liga de Primera 2026,23,Diego Rubio,Deportes La Serena,3,3
2026-07-29,Liga de Primera 2026,24,Giovani Chiaverano,Audax Italiano,3,2
2026-07-29,Liga de Primera 2026,25,Lautaro Pastrán,Colo-Colo,3,2
2026-07-29,Liga de Primera 2026,26,Alan Medina,Everton,3,1
2026-07-29,Liga de Primera 2026,27,Lucas Soto,Everton,3,1
2026-07-29,Liga de Primera 2026,28,Cris Martínez,Huachipato,3,1
2026-07-29,Liga de Primera 2026,29,Cecilio Waterman,Universidad de Concepción,3,1
2026-07-29,Liga de Primera 2026,30,Franco Troyansky,Audax Italiano,3,0
2026-07-29,Liga de Primera 2026,31,Diego Coelho,Audax Italiano,3,0
2026-07-29,Liga de Primera 2026,32,Álvaro Madrid,Colo-Colo,3,0
2026-07-29,Liga de Primera 2026,33,Alejandro Camargo,Coquimbo Unido,3,0
2026-07-29,Liga de Primera 2026,34,Vicente Álvarez,Deportes Limache,3,0
2026-07-29,Liga de Primera 2026,35,Cristian Palacios,Everton,3,0
2026-07-29,Liga de Primera 2026,36,Nicolás Montiel,Everton,3,0
2026-07-29,Liga de Primera 2026,37,Maximiliano Gutiérrez,Huachipato,3,0
2026-07-29,Liga de Primera 2026,38,Franco Rami,Ñublense,3,0
2026-07-29,Liga de Primera 2026,39,Arnaldo Castillo,O'Higgins,3,0
2026-07-29,Liga de Primera 2026,40,Matías Palavecino,Universidad Católica,2,5
2026-07-29,Liga de Primera 2026,41,Claudio Aquino,Colo-Colo,2,3
2026-07-29,Liga de Primera 2026,42,Leandro Hernández,Colo-Colo,2,3
2026-07-29,Liga de Primera 2026,43,Maximiliano Rodríguez,Huachipato,2,3
2026-07-29,Liga de Primera 2026,44,Cristián Zavala,Coquimbo Unido,2,2
2026-07-29,Liga de Primera 2026,45,Mario Briceño,Huachipato,2,2
2026-07-29,Liga de Primera 2026,46,Gabriel Graciani,Ñublense,2,2
2026-07-29,Liga de Primera 2026,47,César Munder,Palestino,2,2
2026-07-29,Liga de Primera 2026,48,Maximiliano Guerrero,Universidad de Chile,2,2
2026-07-29,Liga de Primera 2026,49,Federico Mateos,Audax Italiano,2,1
2026-07-29,Liga de Primera 2026,50,Víctor Méndez,Colo-Colo,2,1
2026-07-29,Liga de Primera 2026,51,Jeyson Rojas,Colo-Colo,2,1
2026-07-29,Liga de Primera 2026,52,Alejandro Azócar,Coquimbo Unido,2,1
2026-07-29,Liga de Primera 2026,53,Gonzalo Figueroa,Deportes La Serena,2,1
2026-07-29,Liga de Primera 2026,54,Yerko González,Deportes Limache,2,1
2026-07-29,Liga de Primera 2026,55,Martín Sarrafiore,O'Higgins,2,1
2026-07-29,Liga de Primera 2026,56,Bryan Carrasco,Palestino,2,1
2026-07-29,Liga de Primera 2026,57,Agustín Arce,Universidad de Chile,2,1
2026-07-29,Liga de Primera 2026,58,Agustín Nadruz,Cobresal,2,0
2026-07-29,Liga de Primera 2026,59,Franco Frías,Cobresal,2,0
2026-07-29,Liga de Primera 2026,60,Jorge Henríquez,Deportes Concepción,2,0
2026-07-29,Liga de Primera 2026,61,Ignacio Mesías,Deportes Concepción,2,0
2026-07-29,Liga de Primera 2026,62,Mario Sandoval,Deportes Concepción,2,0
2026-07-29,Liga de Primera 2026,63,Nicolás Stefanelli,Deportes La Serena,2,0
2026-07-29,Liga de Primera 2026,64,Gonzalo Escalante,Deportes La Serena,2,0
2026-07-29,Liga de Primera 2026,65,Matías Marín,Deportes La Serena,2,0
2026-07-29,Liga de Primera 2026,66,Diego Sanhueza,Ñublense,2,0
2026-07-29,Liga de Primera 2026,67,Lucas Molina,Ñublense,2,0
2026-07-29,Liga de Primera 2026,68,Francisco Montes,Palestino,2,0
2026-07-29,Liga de Primera 2026,69,Gonzalo Tapia,Palestino,2,0
2026-07-29,Liga de Primera 2026,70,Matías Campos López,Unión La Calera,2,0
2026-07-29,Liga de Primera 2026,71,Rodrigo Cáseres,Unión La Calera,2,0
2026-07-29,Liga de Primera 2026,72,Francisco Pozzo,Unión La Calera,2,0
2026-07-29,Liga de Primera 2026,73,Javier Altamirano,Universidad de Chile,2,0
2026-07-29,Liga de Primera 2026,74,Nicolás Ramírez,Universidad de Chile,2,0
2026-07-29,Liga de Primera 2026,75,Luis Rojas,Universidad de Concepción,2,0
2026-07-29,Liga de Primera 2026,76,Jeison Fuentealba,Universidad de Concepción,2,0
2026-07-29,Liga de Primera 2026,77,Bryan Carvallo,Cobresal,1,5
2026-07-29,Liga de Primera 2026,78,Cristián Cuevas,Universidad Católica,1,5
2026-07-29,Liga de Primera 2026,79,Esteban Matus,Audax Italiano,1,4
2026-07-29,Liga de Primera 2026,80,Luis Riveros,Coquimbo Unido,1,3
2026-07-29,Liga de Primera 2026,81,Matías Plaza,Ñublense,1,3
2026-07-29,Liga de Primera 2026,82,Julián Fernández,Palestino,1,3
2026-07-29,Liga de Primera 2026,83,Guillermo Pacheco,Cobresal,1,2
2026-07-29,Liga de Primera 2026,84,Marcos Arturia,Deportes Limache,1,2
2026-07-29,Liga de Primera 2026,85,Braian Martínez,Everton,1,2
2026-07-29,Liga de Primera 2026,86,Maicol León,Huachipato,1,2
2026-07-29,Liga de Primera 2026,87,Guillermo Guaiquil,Huachipato,1,2
2026-07-29,Liga de Primera 2026,88,Bryan Rabello,O'Higgins,1,2
2026-07-29,Liga de Primera 2026,89,Ian Garguez,Palestino,1,2
2026-07-29,Liga de Primera 2026,90,Jimmy Martínez,Universidad Católica,1,2
2026-07-29,Liga de Primera 2026,91,Diego Corral,Universidad Católica,1,2
2026-07-29,Liga de Primera 2026,92,Fabián Hormazábal,Universidad de Chile,1,2
2026-07-29,Liga de Primera 2026,93,Agustín Urzi,Universidad de Concepción,1,2
2026-07-29,Liga de Primera 2026,94,Benjamín Valenzuela,Cobresal,1,1
2026-07-29,Liga de Primera 2026,95,Yastin Cuevas,Colo-Colo,1,1
2026-07-29,Liga de Primera 2026,96,Arturo Vidal,Colo-Colo,1,1
2026-07-29,Liga de Primera 2026,97,Martín Mundaca,Coquimbo Unido,1,1
2026-07-29,Liga de Primera 2026,98,Leonardo Valencia,Deportes Concepción,1,1
2026-07-29,Liga de Primera 2026,99,Bruno Gutiérrez,Deportes La Serena,1,1
2026-07-29,Liga de Primera 2026,100,Ángelo Henríquez,Deportes La Serena,1,1
2026-07-29,Liga de Primera 2026,101,Lucas Alarcón,Deportes La Serena,1,1
2026-07-29,Liga de Primera 2026,102,Joaquín Montecinos,Deportes Limache,1,1
2026-07-29,Liga de Primera 2026,103,Flavio Moya,Deportes Limache,1,1
2026-07-29,Liga de Primera 2026,104,Nicolás Baeza,Everton,1,1
2026-07-29,Liga de Primera 2026,105,Julián Alfaro,Everton,1,1
2026-07-29,Liga de Primera 2026,106,Nicolás Vargas,Huachipato,1,1
2026-07-29,Liga de Primera 2026,107,Claudio Sepúlveda,Huachipato,1,1
2026-07-29,Liga de Primera 2026,108,Ignacio Tapia,Ñublense,1,1
2026-07-29,Liga de Primera 2026,109,Felipe Ogaz,O'Higgins,1,1
2026-07-29,Liga de Primera 2026,110,Martín Maturana,O'Higgins,1,1
2026-07-29,Liga de Primera 2026,111,Sebastián Gallegos,Palestino,1,1
2026-07-29,Liga de Primera 2026,112,Dilan Zúñiga,Palestino,1,1
2026-07-29,Liga de Primera 2026,113,Martín Araya,Palestino,1,1
2026-07-29,Liga de Primera 2026,114,Ronnie Fernández,Palestino,1,1
2026-07-29,Liga de Primera 2026,115,Jason León,Palestino,1,1
2026-07-29,Liga de Primera 2026,116,Juan Ignacio Díaz,Universidad Católica,1,1
2026-07-29,Liga de Primera 2026,117,Juan Martín Lucero,Universidad de Chile,1,1
2026-07-29,Liga de Primera 2026,118,Ignacio Vásquez,Universidad de Chile,1,1
2026-07-29,Liga de Primera 2026,119,Antonio Díaz,Universidad de Concepción,1,1
2026-07-29,Liga de Primera 2026,120,Michael Vadulli,Audax Italiano,1,0
2026-07-29,Liga de Primera 2026,121,Rodrigo Cabral,Audax Italiano,1,0
2026-07-29,Liga de Primera 2026,122,Enzo Ferrario,Audax Italiano,1,0
2026-07-29,Liga de Primera 2026,123,Marco Collao,Audax Italiano,1,0
2026-07-29,Liga de Primera 2026,124,Vicente Zenteno,Audax Italiano,1,0
2026-07-29,Liga de Primera 2026,125,José Tiznado,Cobresal,1,0
2026-07-29,Liga de Primera 2026,126,Joaquín Sosa,Colo-Colo,1,0
2026-07-29,Liga de Primera 2026,127,Felipe Raipán,Colo-Colo,1,0
2026-07-29,Liga de Primera 2026,128,Guido Vadalá,Coquimbo Unido,1,0
2026-07-29,Liga de Primera 2026,129,Sebastián Galani,Coquimbo Unido,1,0
2026-07-29,Liga de Primera 2026,130,Lucas Pratto,Coquimbo Unido,1,0
2026-07-29,Liga de Primera 2026,131,Manuel Fernández,Coquimbo Unido,1,0
2026-07-29,Liga de Primera 2026,132,Pablo Rodríguez,Coquimbo Unido,1,0
2026-07-29,Liga de Primera 2026,133,Fausto Grillo,Deportes Concepción,1,0
2026-07-29,Liga de Primera 2026,134,Ariel Cáceres,Deportes Concepción,1,0
2026-07-29,Liga de Primera 2026,135,Aldrix Jara,Deportes Concepción,1,0
2026-07-29,Liga de Primera 2026,136,Ethan Espinoza,Deportes Concepción,1,0
2026-07-29,Liga de Primera 2026,137,Sebastián Díaz,Deportes La Serena,1,0
2026-07-29,Liga de Primera 2026,138,César Pinares,Deportes Limache,1,0
2026-07-29,Liga de Primera 2026,139,Misael Llantén,Deportes Limache,1,0
2026-07-29,Liga de Primera 2026,140,César Fuentes,Deportes Limache,1,0
2026-07-29,Liga de Primera 2026,141,Ramón Martínez,Deportes Limache,1,0
2026-07-29,Liga de Primera 2026,142,Santiago Londoño,Everton,1,0
2026-07-29,Liga de Primera 2026,143,Rafael Caroca,Huachipato,1,0
2026-07-29,Liga de Primera 2026,144,Renzo Malanca,Huachipato,1,0
2026-07-29,Liga de Primera 2026,145,Santiago Silva,Huachipato,1,0
2026-07-29,Liga de Primera 2026,146,Kevin Altez,Huachipato,1,0
2026-07-29,Liga de Primera 2026,147,Diego Céspedes,Ñublense,1,0
2026-07-29,Liga de Primera 2026,148,Giovanny Ávalos,Ñublense,1,0
2026-07-29,Liga de Primera 2026,149,Lorenzo Reyes,Ñublense,1,0
2026-07-29,Liga de Primera 2026,150,Sebastián Valencia,Ñublense,1,0
2026-07-29,Liga de Primera 2026,151,Miguel Brizuela,O'Higgins,1,0
2026-07-29,Liga de Primera 2026,152,Bastián Yáñez,O'Higgins,1,0
2026-07-29,Liga de Primera 2026,153,Vicente Espinoza,Palestino,1,0
2026-07-29,Liga de Primera 2026,154,Bayron Oyarzo,Unión La Calera,1,0
2026-07-29,Liga de Primera 2026,155,Branco Ampuero,Universidad Católica,1,0
2026-07-29,Liga de Primera 2026,156,Juan Francisco Rossel,Universidad Católica,1,0
2026-07-29,Liga de Primera 2026,157,Eugenio Mena,Universidad Católica,1,0
2026-07-29,Liga de Primera 2026,158,Matías Zaldivia,Universidad de Chile,1,0
2026-07-29,Liga de Primera 2026,159,Bianneider Tamayo,Universidad de Chile,1,0
2026-07-29,Liga de Primera 2026,160,Daniel Barrea,Universidad de Concepción,1,0
2026-07-29,Liga de Primera 2026,161,Cristhofer Mesías,Universidad de Concepción,1,0
2026-07-29,Liga de Primera 2026,162,Osvaldo González,Universidad de Concepción,1,0
2026-07-30,Liga de Primera 2026,1,Fernando Zampedri,Universidad Católica,17,2
2026-07-30,Liga de Primera 2026,2,Daniel Castro,Deportes Limache,9,5
2026-07-30,Liga de Primera 2026,3,Justo Giani,Universidad Católica,8,3
2026-07-30,Liga de Primera 2026,4,Javier Correa,Colo-Colo,8,2
2026-07-30,Liga de Primera 2026,5,Sebastián Sáez,Unión La Calera,8,1
2026-07-30,Liga de Primera 2026,6,Nelson Da Silva,Palestino,7,2
2026-07-30,Liga de Primera 2026,7,Lionel Altamirano,Huachipato,7,1
2026-07-30,Liga de Primera 2026,8,Steffan Pino,Cobresal,7,0
2026-07-30,Liga de Primera 2026,9,Eduardo Vargas,Universidad de Chile,6,2
2026-07-30,Liga de Primera 2026,10,Jean Meneses,Deportes Limache,5,8
2026-07-30,Liga de Primera 2026,11,Jeisson Vargas,Deportes La Serena,5,6
2026-07-30,Liga de Primera 2026,12,Francisco González,O'Higgins,5,4
2026-07-30,Liga de Primera 2026,13,Joaquín Larrivey,Deportes Concepción,5,2
2026-07-30,Liga de Primera 2026,14,Maximiliano Romero,Colo-Colo,5,1
2026-07-30,Liga de Primera 2026,15,Nicolás Johansen,Coquimbo Unido,5,0
2026-07-30,Liga de Primera 2026,16,Kevin Méndez,Unión La Calera,4,6
2026-07-30,Liga de Primera 2026,17,Julián Brea,Cobresal,4,1
2026-07-30,Liga de Primera 2026,18,Thiago Vecino,O'Higgins,4,1
2026-07-30,Liga de Primera 2026,19,Felipe Chamorro,Deportes La Serena,4,0
2026-07-30,Liga de Primera 2026,20,Gonzalo Sosa,Deportes Limache,4,0
2026-07-30,Liga de Primera 2026,21,Ignacio Jeraldino,Ñublense,4,0
2026-07-30,Liga de Primera 2026,22,Clemente Montes,Universidad Católica,3,4
2026-07-30,Liga de Primera 2026,23,Diego Rubio,Deportes La Serena,3,3
2026-07-30,Liga de Primera 2026,24,Giovani Chiaverano,Audax Italiano,3,2
2026-07-30,Liga de Primera 2026,25,Lautaro Pastrán,Colo-Colo,3,2
2026-07-30,Liga de Primera 2026,26,Alan Medina,Everton,3,1
2026-07-30,Liga de Primera 2026,27,Lucas Soto,Everton,3,1
2026-07-30,Liga de Primera 2026,28,Cris Martínez,Huachipato,3,1
2026-07-30,Liga de Primera 2026,29,Cecilio Waterman,Universidad de Concepción,3,1
2026-07-30,Liga de Primera 2026,30,Franco Troyansky,Audax Italiano,3,0
2026-07-30,Liga de Primera 2026,31,Diego Coelho,Audax Italiano,3,0
2026-07-30,Liga de Primera 2026,32,Álvaro Madrid,Colo-Colo,3,0
2026-07-30,Liga de Primera 2026,33,Alejandro Camargo,Coquimbo Unido,3,0
2026-07-30,Liga de Primera 2026,34,Vicente Álvarez,Deportes Limache,3,0
2026-07-30,Liga de Primera 2026,35,Cristian Palacios,Everton,3,0
2026-07-30,Liga de Primera 2026,36,Nicolás Montiel,Everton,3,0
2026-07-30,Liga de Primera 2026,37,Maximiliano Gutiérrez,Huachipato,3,0
2026-07-30,Liga de Primera 2026,38,Franco Rami,Ñublense,3,0
2026-07-30,Liga de Primera 2026,39,Arnaldo Castillo,O'Higgins,3,0
2026-07-30,Liga de Primera 2026,40,Matías Palavecino,Universidad Católica,2,5
2026-07-30,Liga de Primera 2026,41,Claudio Aquino,Colo-Colo,2,3
2026-07-30,Liga de Primera 2026,42,Leandro Hernández,Colo-Colo,2,3
2026-07-30,Liga de Primera 2026,43,Maximiliano Rodríguez,Huachipato,2,3
2026-07-30,Liga de Primera 2026,44,Cristián Zavala,Coquimbo Unido,2,2
2026-07-30,Liga de Primera 2026,45,Mario Briceño,Huachipato,2,2
2026-07-30,Liga de Primera 2026,46,Gabriel Graciani,Ñublense,2,2
2026-07-30,Liga de Primera 2026,47,César Munder,Palestino,2,2
2026-07-30,Liga de Primera 2026,48,Maximiliano Guerrero,Universidad de Chile,2,2
2026-07-30,Liga de Primera 2026,49,Federico Mateos,Audax Italiano,2,1
2026-07-30,Liga de Primera 2026,50,Víctor Méndez,Colo-Colo,2,1
2026-07-30,Liga de Primera 2026,51,Jeyson Rojas,Colo-Colo,2,1
2026-07-30,Liga de Primera 2026,52,Alejandro Azócar,Coquimbo Unido,2,1
2026-07-30,Liga de Primera 2026,53,Gonzalo Figueroa,Deportes La Serena,2,1
2026-07-30,Liga de Primera 2026,54,Yerko González,Deportes Limache,2,1
2026-07-30,Liga de Primera 2026,55,Martín Sarrafiore,O'Higgins,2,1
2026-07-30,Liga de Primera 2026,56,Bryan Carrasco,Palestino,2,1
2026-07-30,Liga de Primera 2026,57,Agustín Arce,Universidad de Chile,2,1
2026-07-30,Liga de Primera 2026,58,Agustín Nadruz,Cobresal,2,0
2026-07-30,Liga de Primera 2026,59,Franco Frías,Cobresal,2,0
2026-07-30,Liga de Primera 2026,60,Jorge Henríquez,Deportes Concepción,2,0
2026-07-30,Liga de Primera 2026,61,Ignacio Mesías,Deportes Concepción,2,0
2026-07-30,Liga de Primera 2026,62,Mario Sandoval,Deportes Concepción,2,0
2026-07-30,Liga de Primera 2026,63,Nicolás Stefanelli,Deportes La Serena,2,0
2026-07-30,Liga de Primera 2026,64,Gonzalo Escalante,Deportes La Serena,2,0
2026-07-30,Liga de Primera 2026,65,Matías Marín,Deportes La Serena,2,0
2026-07-30,Liga de Primera 2026,66,Diego Sanhueza,Ñublense,2,0
2026-07-30,Liga de Primera 2026,67,Lucas Molina,Ñublense,2,0
2026-07-30,Liga de Primera 2026,68,Francisco Montes,Palestino,2,0
2026-07-30,Liga de Primera 2026,69,Gonzalo Tapia,Palestino,2,0
2026-07-30,Liga de Primera 2026,70,Matías Campos López,Unión La Calera,2,0
2026-07-30,Liga de Primera 2026,71,Rodrigo Cáseres,Unión La Calera,2,0
2026-07-30,Liga de Primera 2026,72,Francisco Pozzo,Unión La Calera,2,0
2026-07-30,Liga de Primera 2026,73,Javier Altamirano,Universidad de Chile,2,0
2026-07-30,Liga de Primera 2026,74,Nicolás Ramírez,Universidad de Chile,2,0
2026-07-30,Liga de Primera 2026,75,Luis Rojas,Universidad de Concepción,2,0
2026-07-30,Liga de Primera 2026,76,Jeison Fuentealba,Universidad de Concepción,2,0
2026-07-30,Liga de Primera 2026,77,Bryan Carvallo,Cobresal,1,5
2026-07-30,Liga de Primera 2026,78,Cristián Cuevas,Universidad Católica,1,5
2026-07-30,Liga de Primera 2026,79,Esteban Matus,Audax Italiano,1,4
2026-07-30,Liga de Primera 2026,80,Luis Riveros,Coquimbo Unido,1,3
2026-07-30,Liga de Primera 2026,81,Matías Plaza,Ñublense,1,3
2026-07-30,Liga de Primera 2026,82,Julián Fernández,Palestino,1,3
2026-07-30,Liga de Primera 2026,83,Guillermo Pacheco,Cobresal,1,2
2026-07-30,Liga de Primera 2026,84,Marcos Arturia,Deportes Limache,1,2
2026-07-30,Liga de Primera 2026,85,Braian Martínez,Everton,1,2
2026-07-30,Liga de Primera 2026,86,Maicol León,Huachipato,1,2
2026-07-30,Liga de Primera 2026,87,Guillermo Guaiquil,Huachipato,1,2
2026-07-30,Liga de Primera 2026,88,Bryan Rabello,O'Higgins,1,2
2026-07-30,Liga de Primera 2026,89,Ian Garguez,Palestino,1,2
2026-07-30,Liga de Primera 2026,90,Jimmy Martínez,Universidad Católica,1,2
2026-07-30,Liga de Primera 2026,91,Diego Corral,Universidad Católica,1,2
2026-07-30,Liga de Primera 2026,92,Fabián Hormazábal,Universidad de Chile,1,2
2026-07-30,Liga de Primera 2026,93,Agustín Urzi,Universidad de Concepción,1,2
2026-07-30,Liga de Primera 2026,94,Benjamín Valenzuela,Cobresal,1,1
2026-07-30,Liga de Primera 2026,95,Yastin Cuevas,Colo-Colo,1,1
2026-07-30,Liga de Primera 2026,96,Arturo Vidal,Colo-Colo,1,1
2026-07-30,Liga de Primera 2026,97,Martín Mundaca,Coquimbo Unido,1,1
2026-07-30,Liga de Primera 2026,98,Leonardo Valencia,Deportes Concepción,1,1
2026-07-30,Liga de Primera 2026,99,Bruno Gutiérrez,Deportes La Serena,1,1
2026-07-30,Liga de Primera 2026,100,Ángelo Henríquez,Deportes La Serena,1,1
2026-07-30,Liga de Primera 2026,101,Lucas Alarcón,Deportes La Serena,1,1
2026-07-30,Liga de Primera 2026,102,Joaquín Montecinos,Deportes Limache,1,1
2026-07-30,Liga de Primera 2026,103,Flavio Moya,Deportes Limache,1,1
2026-07-30,Liga de Primera 2026,104,Nicolás Baeza,Everton,1,1
2026-07-30,Liga de Primera 2026,105,Julián Alfaro,Everton,1,1
2026-07-30,Liga de Primera 2026,106,Nicolás Vargas,Huachipato,1,1
2026-07-30,Liga de Primera 2026,107,Claudio Sepúlveda,Huachipato,1,1
2026-07-30,Liga de Primera 2026,108,Ignacio Tapia,Ñublense,1,1
2026-07-30,Liga de Primera 2026,109,Felipe Ogaz,O'Higgins,1,1
2026-07-30,Liga de Primera 2026,110,Martín Maturana,O'Higgins,1,1
2026-07-30,Liga de Primera 2026,111,Sebastián Gallegos,Palestino,1,1
2026-07-30,Liga de Primera 2026,112,Dilan Zúñiga,Palestino,1,1
2026-07-30,Liga de Primera 2026,113,Martín Araya,Palestino,1,1
2026-07-30,Liga de Primera 2026,114,Ronnie Fernández,Palestino,1,1
2026-07-30,Liga de Primera 2026,115,Jason León,Palestino,1,1
2026-07-30,Liga de Primera 2026,116,Juan Ignacio Díaz,Universidad Católica,1,1
2026-07-30,Liga de Primera 2026,117,Juan Martín Lucero,Universidad de Chile,1,1
2026-07-30,Liga de Primera 2026,118,Ignacio Vásquez,Universidad de Chile,1,1
2026-07-30,Liga de Primera 2026,119,Antonio Díaz,Universidad de Concepción,1,1
2026-07-30,Liga de Primera 2026,120,Michael Vadulli,Audax Italiano,1,0
2026-07-30,Liga de Primera 2026,121,Rodrigo Cabral,Audax Italiano,1,0
2026-07-30,Liga de Primera 2026,122,Enzo Ferrario,Audax Italiano,1,0
2026-07-30,Liga de Primera 2026,123,Marco Collao,Audax Italiano,1,0
2026-07-30,Liga de Primera 2026,124,Vicente Zenteno,Audax Italiano,1,0
2026-07-30,Liga de Primera 2026,125,José Tiznado,Cobresal,1,0
2026-07-30,Liga de Primera 2026,126,Joaquín Sosa,Colo-Colo,1,0
2026-07-30,Liga de Primera 2026,127,Felipe Raipán,Colo-Colo,1,0
2026-07-30,Liga de Primera 2026,128,Guido Vadalá,Coquimbo Unido,1,0
2026-07-30,Liga de Primera 2026,129,Sebastián Galani,Coquimbo Unido,1,0
2026-07-30,Liga de Primera 2026,130,Lucas Pratto,Coquimbo Unido,1,0
2026-07-30,Liga de Primera 2026,131,Manuel Fernández,Coquimbo Unido,1,0
2026-07-30,Liga de Primera 2026,132,Pablo Rodríguez,Coquimbo Unido,1,0
2026-07-30,Liga de Primera 2026,133,Fausto Grillo,Deportes Concepción,1,0
2026-07-30,Liga de Primera 2026,134,Ariel Cáceres,Deportes Concepción,1,0
2026-07-30,Liga de Primera 2026,135,Aldrix Jara,Deportes Concepción,1,0
2026-07-30,Liga de Primera 2026,136,Ethan Espinoza,Deportes Concepción,1,0
2026-07-30,Liga de Primera 2026,137,Sebastián Díaz,Deportes La Serena,1,0
2026-07-30,Liga de Primera 2026,138,César Pinares,Deportes Limache,1,0
2026-07-30,Liga de Primera 2026,139,Misael Llantén,Deportes Limache,1,0
2026-07-30,Liga de Primera 2026,140,César Fuentes,Deportes Limache,1,0
2026-07-30,Liga de Primera 2026,141,Ramón Martínez,Deportes Limache,1,0
2026-07-30,Liga de Primera 2026,142,Santiago Londoño,Everton,1,0
2026-07-30,Liga de Primera 2026,143,Rafael Caroca,Huachipato,1,0
2026-07-30,Liga de Primera 2026,144,Renzo Malanca,Huachipato,1,0
2026-07-30,Liga de Primera 2026,145,Santiago Silva,Huachipato,1,0
2026-07-30,Liga de Primera 2026,146,Kevin Altez,Huachipato,1,0
2026-07-30,Liga de Primera 2026,147,Diego Céspedes,Ñublense,1,0
2026-07-30,Liga de Primera 2026,148,Giovanny Ávalos,Ñublense,1,0
2026-07-30,Liga de Primera 2026,149,Lorenzo Reyes,Ñublense,1,0
2026-07-30,Liga de Primera 2026,150,Sebastián Valencia,Ñublense,1,0
2026-07-30,Liga de Primera 2026,151,Miguel Brizuela,O'Higgins,1,0
2026-07-30,Liga de Primera 2026,152,Bastián Yáñez,O'Higgins,1,0
2026-07-30,Liga de Primera 2026,153,Vicente Espinoza,Palestino,1,0
2026-07-30,Liga de Primera 2026,154,Bayron Oyarzo,Unión La Calera,1,0
2026-07-30,Liga de Primera 2026,155,Branco Ampuero,Universidad Católica,1,0
2026-07-30,Liga de Primera 2026,156,Juan Francisco Rossel,Universidad Católica,1,0
2026-07-30,Liga de Primera 2026,157,Eugenio Mena,Universidad Católica,1,0
2026-07-30,Liga de Primera 2026,158,Matías Zaldivia,Universidad de Chile,1,0
2026-07-30,Liga de Primera 2026,159,Bianneider Tamayo,Universidad de Chile,1,0
2026-07-30,Liga de Primera 2026,160,Daniel Barrea,Universidad de Concepción,1,0
2026-07-30,Liga de Primera 2026,161,Cristhofer Mesías,Universidad de Concepción,1,0
2026-07-30,Liga de Primera 2026,162,Osvaldo González,Universidad de Concepción,1,0
2026-07-31,Liga de Primera 2026,1,Fernando Zampedri,Universidad Católica,17,2
2026-07-31,Liga de Primera 2026,2,Daniel Castro,Deportes Limache,9,5
2026-07-31,Liga de Primera 2026,3,Justo Giani,Universidad Católica,8,3
2026-07-31,Liga de Primera 2026,4,Javier Correa,Colo-Colo,8,2
2026-07-31,Liga de Primera 2026,5,Sebastián Sáez,Unión La Calera,8,1
2026-07-31,Liga de Primera 2026,6,Nelson Da Silva,Palestino,7,2
2026-07-31,Liga de Primera 2026,7,Lionel Altamirano,Huachipato,7,1
2026-07-31,Liga de Primera 2026,8,Steffan Pino,Cobresal,7,0
2026-07-31,Liga de Primera 2026,9,Eduardo Vargas,Universidad de Chile,6,2
2026-07-31,Liga de Primera 2026,10,Jean Meneses,Deportes Limache,5,8
2026-07-31,Liga de Primera 2026,11,Jeisson Vargas,Deportes La Serena,5,6
2026-07-31,Liga de Primera 2026,12,Francisco González,O'Higgins,5,4
2026-07-31,Liga de Primera 2026,13,Joaquín Larrivey,Deportes Concepción,5,2
2026-07-31,Liga de Primera 2026,14,Maximiliano Romero,Colo-Colo,5,1
2026-07-31,Liga de Primera 2026,15,Nicolás Johansen,Coquimbo Unido,5,0
2026-07-31,Liga de Primera 2026,16,Kevin Méndez,Unión La Calera,4,6
2026-07-31,Liga de Primera 2026,17,Julián Brea,Cobresal,4,1
2026-07-31,Liga de Primera 2026,18,Thiago Vecino,O'Higgins,4,1
2026-07-31,Liga de Primera 2026,19,Felipe Chamorro,Deportes La Serena,4,0
2026-07-31,Liga de Primera 2026,20,Gonzalo Sosa,Deportes Limache,4,0
2026-07-31,Liga de Primera 2026,21,Ignacio Jeraldino,Ñublense,4,0
2026-07-31,Liga de Primera 2026,22,Clemente Montes,Universidad Católica,3,4
2026-07-31,Liga de Primera 2026,23,Diego Rubio,Deportes La Serena,3,3
2026-07-31,Liga de Primera 2026,24,Giovani Chiaverano,Audax Italiano,3,2
2026-07-31,Liga de Primera 2026,25,Lautaro Pastrán,Colo-Colo,3,2
2026-07-31,Liga de Primera 2026,26,Alan Medina,Everton,3,1
2026-07-31,Liga de Primera 2026,27,Lucas Soto,Everton,3,1
2026-07-31,Liga de Primera 2026,28,Cris Martínez,Huachipato,3,1
2026-07-31,Liga de Primera 2026,29,Cecilio Waterman,Universidad de Concepción,3,1
2026-07-31,Liga de Primera 2026,30,Franco Troyansky,Audax Italiano,3,0
2026-07-31,Liga de Primera 2026,31,Diego Coelho,Audax Italiano,3,0
2026-07-31,Liga de Primera 2026,32,Álvaro Madrid,Colo-Colo,3,0
2026-07-31,Liga de Primera 2026,33,Alejandro Camargo,Coquimbo Unido,3,0
2026-07-31,Liga de Primera 2026,34,Vicente Álvarez,Deportes Limache,3,0
2026-07-31,Liga de Primera 2026,35,Cristian Palacios,Everton,3,0
2026-07-31,Liga de Primera 2026,36,Nicolás Montiel,Everton,3,0
2026-07-31,Liga de Primera 2026,37,Maximiliano Gutiérrez,Huachipato,3,0
2026-07-31,Liga de Primera 2026,38,Franco Rami,Ñublense,3,0
2026-07-31,Liga de Primera 2026,39,Arnaldo Castillo,O'Higgins,3,0
2026-07-31,Liga de Primera 2026,40,Matías Palavecino,Universidad Católica,2,5
2026-07-31,Liga de Primera 2026,41,Claudio Aquino,Colo-Colo,2,3
2026-07-31,Liga de Primera 2026,42,Leandro Hernández,Colo-Colo,2,3
2026-07-31,Liga de Primera 2026,43,Maximiliano Rodríguez,Huachipato,2,3
2026-07-31,Liga de Primera 2026,44,Cristián Zavala,Coquimbo Unido,2,2
2026-07-31,Liga de Primera 2026,45,Mario Briceño,Huachipato,2,2
2026-07-31,Liga de Primera 2026,46,Gabriel Graciani,Ñublense,2,2
2026-07-31,Liga de Primera 2026,47,César Munder,Palestino,2,2
2026-07-31,Liga de Primera 2026,48,Maximiliano Guerrero,Universidad de Chile,2,2
2026-07-31,Liga de Primera 2026,49,Federico Mateos,Audax Italiano,2,1
2026-07-31,Liga de Primera 2026,50,Víctor Méndez,Colo-Colo,2,1
2026-07-31,Liga de Primera 2026,51,Jeyson Rojas,Colo-Colo,2,1
2026-07-31,Liga de Primera 2026,52,Alejandro Azócar,Coquimbo Unido,2,1
2026-07-31,Liga de Primera 2026,53,Gonzalo Figueroa,Deportes La Serena,2,1
2026-07-31,Liga de Primera 2026,54,Yerko González,Deportes Limache,2,1
2026-07-31,Liga de Primera 2026,55,Martín Sarrafiore,O'Higgins,2,1
2026-07-31,Liga de Primera 2026,56,Bryan Carrasco,Palestino,2,1
2026-07-31,Liga de Primera 2026,57,Agustín Arce,Universidad de Chile,2,1
2026-07-31,Liga de Primera 2026,58,Agustín Nadruz,Cobresal,2,0
2026-07-31,Liga de Primera 2026,59,Franco Frías,Cobresal,2,0
2026-07-31,Liga de Primera 2026,60,Jorge Henríquez,Deportes Concepción,2,0
2026-07-31,Liga de Primera 2026,61,Ignacio Mesías,Deportes Concepción,2,0
2026-07-31,Liga de Primera 2026,62,Mario Sandoval,Deportes Concepción,2,0
2026-07-31,Liga de Primera 2026,63,Nicolás Stefanelli,Deportes La Serena,2,0
2026-07-31,Liga de Primera 2026,64,Gonzalo Escalante,Deportes La Serena,2,0
2026-07-31,Liga de Primera 2026,65,Matías Marín,Deportes La Serena,2,0
2026-07-31,Liga de Primera 2026,66,Diego Sanhueza,Ñublense,2,0
2026-07-31,Liga de Primera 2026,67,Lucas Molina,Ñublense,2,0
2026-07-31,Liga de Primera 2026,68,Francisco Montes,Palestino,2,0
2026-07-31,Liga de Primera 2026,69,Gonzalo Tapia,Palestino,2,0
2026-07-31,Liga de Primera 2026,70,Matías Campos López,Unión La Calera,2,0
2026-07-31,Liga de Primera 2026,71,Rodrigo Cáseres,Unión La Calera,2,0
2026-07-31,Liga de Primera 2026,72,Francisco Pozzo,Unión La Calera,2,0
2026-07-31,Liga de Primera 2026,73,Javier Altamirano,Universidad de Chile,2,0
2026-07-31,Liga de Primera 2026,74,Nicolás Ramírez,Universidad de Chile,2,0
2026-07-31,Liga de Primera 2026,75,Luis Rojas,Universidad de Concepción,2,0
2026-07-31,Liga de Primera 2026,76,Jeison Fuentealba,Universidad de Concepción,2,0
2026-07-31,Liga de Primera 2026,77,Bryan Carvallo,Cobresal,1,5
2026-07-31,Liga de Primera 2026,78,Cristián Cuevas,Universidad Católica,1,5
2026-07-31,Liga de Primera 2026,79,Esteban Matus,Audax Italiano,1,4
2026-07-31,Liga de Primera 2026,80,Luis Riveros,Coquimbo Unido,1,3
2026-07-31,Liga de Primera 2026,81,Matías Plaza,Ñublense,1,3
2026-07-31,Liga de Primera 2026,82,Julián Fernández,Palestino,1,3
2026-07-31,Liga de Primera 2026,83,Guillermo Pacheco,Cobresal,1,2
2026-07-31,Liga de Primera 2026,84,Marcos Arturia,Deportes Limache,1,2
2026-07-31,Liga de Primera 2026,85,Braian Martínez,Everton,1,2
2026-07-31,Liga de Primera 2026,86,Maicol León,Huachipato,1,2
2026-07-31,Liga de Primera 2026,87,Guillermo Guaiquil,Huachipato,1,2
2026-07-31,Liga de Primera 2026,88,Bryan Rabello,O'Higgins,1,2
2026-07-31,Liga de Primera 2026,89,Ian Garguez,Palestino,1,2
2026-07-31,Liga de Primera 2026,90,Jimmy Martínez,Universidad Católica,1,2
2026-07-31,Liga de Primera 2026,91,Diego Corral,Universidad Católica,1,2
2026-07-31,Liga de Primera 2026,92,Fabián Hormazábal,Universidad de Chile,1,2
2026-07-31,Liga de Primera 2026,93,Agustín Urzi,Universidad de Concepción,1,2
2026-07-31,Liga de Primera 2026,94,Benjamín Valenzuela,Cobresal,1,1
2026-07-31,Liga de Primera 2026,95,Yastin Cuevas,Colo-Colo,1,1
2026-07-31,Liga de Primera 2026,96,Arturo Vidal,Colo-Colo,1,1
2026-07-31,Liga de Primera 2026,97,Martín Mundaca,Coquimbo Unido,1,1
2026-07-31,Liga de Primera 2026,98,Leonardo Valencia,Deportes Concepción,1,1
2026-07-31,Liga de Primera 2026,99,Bruno Gutiérrez,Deportes La Serena,1,1
2026-07-31,Liga de Primera 2026,100,Ángelo Henríquez,Deportes La Serena,1,1
2026-07-31,Liga de Primera 2026,101,Lucas Alarcón,Deportes La Serena,1,1
2026-07-31,Liga de Primera 2026,102,Joaquín Montecinos,Deportes Limache,1,1
2026-07-31,Liga de Primera 2026,103,Flavio Moya,Deportes Limache,1,1
2026-07-31,Liga de Primera 2026,104,Nicolás Baeza,Everton,1,1
2026-07-31,Liga de Primera 2026,105,Julián Alfaro,Everton,1,1
2026-07-31,Liga de Primera 2026,106,Nicolás Vargas,Huachipato,1,1
2026-07-31,Liga de Primera 2026,107,Claudio Sepúlveda,Huachipato,1,1
2026-07-31,Liga de Primera 2026,108,Ignacio Tapia,Ñublense,1,1
2026-07-31,Liga de Primera 2026,109,Felipe Ogaz,O'Higgins,1,1
2026-07-31,Liga de Primera 2026,110,Martín Maturana,O'Higgins,1,1
2026-07-31,Liga de Primera 2026,111,Sebastián Gallegos,Palestino,1,1
2026-07-31,Liga de Primera 2026,112,Dilan Zúñiga,Palestino,1,1
2026-07-31,Liga de Primera 2026,113,Martín Araya,Palestino,1,1
2026-07-31,Liga de Primera 2026,114,Ronnie Fernández,Palestino,1,1
2026-07-31,Liga de Primera 2026,115,Jason León,Palestino,1,1
2026-07-31,Liga de Primera 2026,116,Juan Ignacio Díaz,Universidad Católica,1,1
2026-07-31,Liga de Primera 2026,117,Juan Martín Lucero,Universidad de Chile,1,1
2026-07-31,Liga de Primera 2026,118,Ignacio Vásquez,Universidad de Chile,1,1
2026-07-31,Liga de Primera 2026,119,Antonio Díaz,Universidad de Concepción,1,1
2026-07-31,Liga de Primera 2026,120,Michael Vadulli,Audax Italiano,1,0
2026-07-31,Liga de Primera 2026,121,Rodrigo Cabral,Audax Italiano,1,0
2026-07-31,Liga de Primera 2026,122,Enzo Ferrario,Audax Italiano,1,0
2026-07-31,Liga de Primera 2026,123,Marco Collao,Audax Italiano,1,0
2026-07-31,Liga de Primera 2026,124,Vicente Zenteno,Audax Italiano,1,0
2026-07-31,Liga de Primera 2026,125,José Tiznado,Cobresal,1,0
2026-07-31,Liga de Primera 2026,126,Joaquín Sosa,Colo-Colo,1,0
2026-07-31,Liga de Primera 2026,127,Felipe Raipán,Colo-Colo,1,0
2026-07-31,Liga de Primera 2026,128,Guido Vadalá,Coquimbo Unido,1,0
2026-07-31,Liga de Primera 2026,129,Sebastián Galani,Coquimbo Unido,1,0
2026-07-31,Liga de Primera 2026,130,Lucas Pratto,Coquimbo Unido,1,0
2026-07-31,Liga de Primera 2026,131,Manuel Fernández,Coquimbo Unido,1,0
2026-07-31,Liga de Primera 2026,132,Pablo Rodríguez,Coquimbo Unido,1,0
2026-07-31,Liga de Primera 2026,133,Fausto Grillo,Deportes Concepción,1,0
2026-07-31,Liga de Primera 2026,134,Ariel Cáceres,Deportes Concepción,1,0
2026-07-31,Liga de Primera 2026,135,Aldrix Jara,Deportes Concepción,1,0
2026-07-31,Liga de Primera 2026,136,Ethan Espinoza,Deportes Concepción,1,0
2026-07-31,Liga de Primera 2026,137,Sebastián Díaz,Deportes La Serena,1,0
2026-07-31,Liga de Primera 2026,138,César Pinares,Deportes Limache,1,0
2026-07-31,Liga de Primera 2026,139,Misael Llantén,Deportes Limache,1,0
2026-07-31,Liga de Primera 2026,140,César Fuentes,Deportes Limache,1,0
2026-07-31,Liga de Primera 2026,141,Ramón Martínez,Deportes Limache,1,0
2026-07-31,Liga de Primera 2026,142,Santiago Londoño,Everton,1,0
2026-07-31,Liga de Primera 2026,143,Rafael Caroca,Huachipato,1,0
2026-07-31,Liga de Primera 2026,144,Renzo Malanca,Huachipato,1,0
2026-07-31,Liga de Primera 2026,145,Santiago Silva,Huachipato,1,0
2026-07-31,Liga de Primera 2026,146,Kevin Altez,Huachipato,1,0
2026-07-31,Liga de Primera 2026,147,Diego Céspedes,Ñublense,1,0
2026-07-31,Liga de Primera 2026,148,Giovanny Ávalos,Ñublense,1,0
2026-07-31,Liga de Primera 2026,149,Lorenzo Reyes,Ñublense,1,0
2026-07-31,Liga de Primera 2026,150,Sebastián Valencia,Ñublense,1,0
2026-07-31,Liga de Primera 2026,151,Miguel Brizuela,O'Higgins,1,0
2026-07-31,Liga de Primera 2026,152,Bastián Yáñez,O'Higgins,1,0
2026-07-31,Liga de Primera 2026,153,Vicente Espinoza,Palestino,1,0
2026-07-31,Liga de Primera 2026,154,Bayron Oyarzo,Unión La Calera,1,0
2026-07-31,Liga de Primera 2026,155,Branco Ampuero,Universidad Católica,1,0
2026-07-31,Liga de Primera 2026,156,Juan Francisco Rossel,Universidad Católica,1,0
2026-07-31,Liga de Primera 2026,157,Eugenio Mena,Universidad Católica,1,0
2026-07-31,Liga de Primera 2026,158,Matías Zaldivia,Universidad de Chile,1,0
2026-07-31,Liga de Primera 2026,159,Bianneider Tamayo,Universidad de Chile,1,0
2026-07-31,Liga de Primera 2026,160,Daniel Barrea,Universidad de Concepción,1,0
2026-07-31,Liga de Primera 2026,161,Cristhofer Mesías,Universidad de Concepción,1,0
2026-07-31,Liga de Primera 2026,162,Osvaldo González,Universidad de Concepción,1,0
2026-08-01,Liga de Primera 2026,1,Fernando Zampedri,Universidad Católica,17,2
2026-08-01,Liga de Primera 2026,2,Daniel Castro,Deportes Limache,9,5
2026-08-01,Liga de Primera 2026,3,Justo Giani,Universidad Católica,8,3
2026-08-01,Liga de Primera 2026,4,Javier Correa,Colo-Colo,8,2
2026-08-01,Liga de Primera 2026,5,Sebastián Sáez,Unión La Calera,8,1
2026-08-01,Liga de Primera 2026,6,Nelson Da Silva,Palestino,7,2
2026-08-01,Liga de Primera 2026,7,Lionel Altamirano,Huachipato,7,1
2026-08-01,Liga de Primera 2026,8,Steffan Pino,Cobresal,7,0
2026-08-01,Liga de Primera 2026,9,Eduardo Vargas,Universidad de Chile,6,2
2026-08-01,Liga de Primera 2026,10,Jean Meneses,Deportes Limache,5,8
2026-08-01,Liga de Primera 2026,11,Jeisson Vargas,Deportes La Serena,5,6
2026-08-01,Liga de Primera 2026,12,Francisco González,O'Higgins,5,4
2026-08-01,Liga de Primera 2026,13,Joaquín Larrivey,Deportes Concepción,5,2
2026-08-01,Liga de Primera 2026,14,Maximiliano Romero,Colo-Colo,5,1
2026-08-01,Liga de Primera 2026,15,Nicolás Johansen,Coquimbo Unido,5,0
2026-08-01,Liga de Primera 2026,16,Kevin Méndez,Unión La Calera,4,6
2026-08-01,Liga de Primera 2026,17,Julián Brea,Cobresal,4,1
2026-08-01,Liga de Primera 2026,18,Thiago Vecino,O'Higgins,4,1
2026-08-01,Liga de Primera 2026,19,Felipe Chamorro,Deportes La Serena,4,0
2026-08-01,Liga de Primera 2026,20,Gonzalo Sosa,Deportes Limache,4,0
2026-08-01,Liga de Primera 2026,21,Ignacio Jeraldino,Ñublense,4,0
2026-08-01,Liga de Primera 2026,22,Clemente Montes,Universidad Católica,3,4
2026-08-01,Liga de Primera 2026,23,Diego Rubio,Deportes La Serena,3,3
2026-08-01,Liga de Primera 2026,24,Giovani Chiaverano,Audax Italiano,3,2
2026-08-01,Liga de Primera 2026,25,Lautaro Pastrán,Colo-Colo,3,2
2026-08-01,Liga de Primera 2026,26,Alan Medina,Everton,3,1
2026-08-01,Liga de Primera 2026,27,Lucas Soto,Everton,3,1
2026-08-01,Liga de Primera 2026,28,Cris Martínez,Huachipato,3,1
2026-08-01,Liga de Primera 2026,29,Cecilio Waterman,Universidad de Concepción,3,1
2026-08-01,Liga de Primera 2026,30,Franco Troyansky,Audax Italiano,3,0
2026-08-01,Liga de Primera 2026,31,Diego Coelho,Audax Italiano,3,0
2026-08-01,Liga de Primera 2026,32,Álvaro Madrid,Colo-Colo,3,0
2026-08-01,Liga de Primera 2026,33,Alejandro Camargo,Coquimbo Unido,3,0
2026-08-01,Liga de Primera 2026,34,Vicente Álvarez,Deportes Limache,3,0
2026-08-01,Liga de Primera 2026,35,Cristian Palacios,Everton,3,0
2026-08-01,Liga de Primera 2026,36,Nicolás Montiel,Everton,3,0
2026-08-01,Liga de Primera 2026,37,Maximiliano Gutiérrez,Huachipato,3,0
2026-08-01,Liga de Primera 2026,38,Franco Rami,Ñublense,3,0
2026-08-01,Liga de Primera 2026,39,Arnaldo Castillo,O'Higgins,3,0
2026-08-01,Liga de Primera 2026,40,Matías Palavecino,Universidad Católica,2,5
2026-08-01,Liga de Primera 2026,41,Claudio Aquino,Colo-Colo,2,3
2026-08-01,Liga de Primera 2026,42,Leandro Hernández,Colo-Colo,2,3
2026-08-01,Liga de Primera 2026,43,Maximiliano Rodríguez,Huachipato,2,3
2026-08-01,Liga de Primera 2026,44,Cristián Zavala,Coquimbo Unido,2,2
2026-08-01,Liga de Primera 2026,45,Mario Briceño,Huachipato,2,2
2026-08-01,Liga de Primera 2026,46,Gabriel Graciani,Ñublense,2,2
2026-08-01,Liga de Primera 2026,47,César Munder,Palestino,2,2
2026-08-01,Liga de Primera 2026,48,Maximiliano Guerrero,Universidad de Chile,2,2
2026-08-01,Liga de Primera 2026,49,Federico Mateos,Audax Italiano,2,1
2026-08-01,Liga de Primera 2026,50,Víctor Méndez,Colo-Colo,2,1
2026-08-01,Liga de Primera 2026,51,Jeyson Rojas,Colo-Colo,2,1
2026-08-01,Liga de Primera 2026,52,Alejandro Azócar,Coquimbo Unido,2,1
2026-08-01,Liga de Primera 2026,53,Gonzalo Figueroa,Deportes La Serena,2,1
2026-08-01,Liga de Primera 2026,54,Yerko González,Deportes Limache,2,1
2026-08-01,Liga de Primera 2026,55,Martín Sarrafiore,O'Higgins,2,1
2026-08-01,Liga de Primera 2026,56,Bryan Carrasco,Palestino,2,1
2026-08-01,Liga de Primera 2026,57,Agustín Arce,Universidad de Chile,2,1
2026-08-01,Liga de Primera 2026,58,Agustín Nadruz,Cobresal,2,0
2026-08-01,Liga de Primera 2026,59,Franco Frías,Cobresal,2,0
2026-08-01,Liga de Primera 2026,60,Jorge Henríquez,Deportes Concepción,2,0
2026-08-01,Liga de Primera 2026,61,Ignacio Mesías,Deportes Concepción,2,0
2026-08-01,Liga de Primera 2026,62,Mario Sandoval,Deportes Concepción,2,0
2026-08-01,Liga de Primera 2026,63,Nicolás Stefanelli,Deportes La Serena,2,0
2026-08-01,Liga de Primera 2026,64,Gonzalo Escalante,Deportes La Serena,2,0
2026-08-01,Liga de Primera 2026,65,Matías Marín,Deportes La Serena,2,0
2026-08-01,Liga de Primera 2026,66,Diego Sanhueza,Ñublense,2,0
2026-08-01,Liga de Primera 2026,67,Lucas Molina,Ñublense,2,0
2026-08-01,Liga de Primera 2026,68,Francisco Montes,Palestino,2,0
2026-08-01,Liga de Primera 2026,69,Gonzalo Tapia,Palestino,2,0
2026-08-01,Liga de Primera 2026,70,Matías Campos López,Unión La Calera,2,0
2026-08-01,Liga de Primera 2026,71,Rodrigo Cáseres,Unión La Calera,2,0
2026-08-01,Liga de Primera 2026,72,Francisco Pozzo,Unión La Calera,2,0
2026-08-01,Liga de Primera 2026,73,Javier Altamirano,Universidad de Chile,2,0
2026-08-01,Liga de Primera 2026,74,Nicolás Ramírez,Universidad de Chile,2,0
2026-08-01,Liga de Primera 2026,75,Luis Rojas,Universidad de Concepción,2,0
2026-08-01,Liga de Primera 2026,76,Jeison Fuentealba,Universidad de Concepción,2,0
2026-08-01,Liga de Primera 2026,77,Bryan Carvallo,Cobresal,1,5
2026-08-01,Liga de Primera 2026,78,Cristián Cuevas,Universidad Católica,1,5
2026-08-01,Liga de Primera 2026,79,Esteban Matus,Audax Italiano,1,4
2026-08-01,Liga de Primera 2026,80,Luis Riveros,Coquimbo Unido,1,3
2026-08-01,Liga de Primera 2026,81,Matías Plaza,Ñublense,1,3
2026-08-01,Liga de Primera 2026,82,Julián Fernández,Palestino,1,3
2026-08-01,Liga de Primera 2026,83,Guillermo Pacheco,Cobresal,1,2
2026-08-01,Liga de Primera 2026,84,Marcos Arturia,Deportes Limache,1,2
2026-08-01,Liga de Primera 2026,85,Braian Martínez,Everton,1,2
2026-08-01,Liga de Primera 2026,86,Maicol León,Huachipato,1,2
2026-08-01,Liga de Primera 2026,87,Guillermo Guaiquil,Huachipato,1,2
2026-08-01,Liga de Primera 2026,88,Bryan Rabello,O'Higgins,1,2
2026-08-01,Liga de Primera 2026,89,Ian Garguez,Palestino,1,2
2026-08-01,Liga de Primera 2026,90,Jimmy Martínez,Universidad Católica,1,2
2026-08-01,Liga de Primera 2026,91,Diego Corral,Universidad Católica,1,2
2026-08-01,Liga de Primera 2026,92,Fabián Hormazábal,Universidad de Chile,1,2
2026-08-01,Liga de Primera 2026,93,Agustín Urzi,Universidad de Concepción,1,2
2026-08-01,Liga de Primera 2026,94,Benjamín Valenzuela,Cobresal,1,1
2026-08-01,Liga de Primera 2026,95,Yastin Cuevas,Colo-Colo,1,1
2026-08-01,Liga de Primera 2026,96,Arturo Vidal,Colo-Colo,1,1
2026-08-01,Liga de Primera 2026,97,Martín Mundaca,Coquimbo Unido,1,1
2026-08-01,Liga de Primera 2026,98,Leonardo Valencia,Deportes Concepción,1,1
2026-08-01,Liga de Primera 2026,99,Bruno Gutiérrez,Deportes La Serena,1,1
2026-08-01,Liga de Primera 2026,100,Ángelo Henríquez,Deportes La Serena,1,1
2026-08-01,Liga de Primera 2026,101,Lucas Alarcón,Deportes La Serena,1,1
2026-08-01,Liga de Primera 2026,102,Joaquín Montecinos,Deportes Limache,1,1
2026-08-01,Liga de Primera 2026,103,Flavio Moya,Deportes Limache,1,1
2026-08-01,Liga de Primera 2026,104,Nicolás Baeza,Everton,1,1
2026-08-01,Liga de Primera 2026,105,Julián Alfaro,Everton,1,1
2026-08-01,Liga de Primera 2026,106,Nicolás Vargas,Huachipato,1,1
2026-08-01,Liga de Primera 2026,107,Claudio Sepúlveda,Huachipato,1,1
2026-08-01,Liga de Primera 2026,108,Ignacio Tapia,Ñublense,1,1
2026-08-01,Liga de Primera 2026,109,Felipe Ogaz,O'Higgins,1,1
2026-08-01,Liga de Primera 2026,110,Martín Maturana,O'Higgins,1,1
2026-08-01,Liga de Primera 2026,111,Sebastián Gallegos,Palestino,1,1
2026-08-01,Liga de Primera 2026,112,Dilan Zúñiga,Palestino,1,1
2026-08-01,Liga de Primera 2026,113,Martín Araya,Palestino,1,1
2026-08-01,Liga de Primera 2026,114,Ronnie Fernández,Palestino,1,1
2026-08-01,Liga de Primera 2026,115,Jason León,Palestino,1,1
2026-08-01,Liga de Primera 2026,116,Juan Ignacio Díaz,Universidad Católica,1,1
2026-08-01,Liga de Primera 2026,117,Juan Martín Lucero,Universidad de Chile,1,1
2026-08-01,Liga de Primera 2026,118,Ignacio Vásquez,Universidad de Chile,1,1
2026-08-01,Liga de Primera 2026,119,Antonio Díaz,Universidad de Concepción,1,1
2026-08-01,Liga de Primera 2026,120,Michael Vadulli,Audax Italiano,1,0
2026-08-01,Liga de Primera 2026,121,Rodrigo Cabral,Audax Italiano,1,0
2026-08-01,Liga de Primera 2026,122,Enzo Ferrario,Audax Italiano,1,0
2026-08-01,Liga de Primera 2026,123,Marco Collao,Audax Italiano,1,0
2026-08-01,Liga de Primera 2026,124,Vicente Zenteno,Audax Italiano,1,0
2026-08-01,Liga de Primera 2026,125,José Tiznado,Cobresal,1,0
2026-08-01,Liga de Primera 2026,126,Joaquín Sosa,Colo-Colo,1,0
2026-08-01,Liga de Primera 2026,127,Felipe Raipán,Colo-Colo,1,0
2026-08-01,Liga de Primera 2026,128,Guido Vadalá,Coquimbo Unido,1,0
2026-08-01,Liga de Primera 2026,129,Sebastián Galani,Coquimbo Unido,1,0
2026-08-01,Liga de Primera 2026,130,Lucas Pratto,Coquimbo Unido,1,0
2026-08-01,Liga de Primera 2026,131,Manuel Fernández,Coquimbo Unido,1,0
2026-08-01,Liga de Primera 2026,132,Pablo Rodríguez,Coquimbo Unido,1,0
2026-08-01,Liga de Primera 2026,133,Fausto Grillo,Deportes Concepción,1,0
2026-08-01,Liga de Primera 2026,134,Ariel Cáceres,Deportes Concepción,1,0
2026-08-01,Liga de Primera 2026,135,Aldrix Jara,Deportes Concepción,1,0
2026-08-01,Liga de Primera 2026,136,Ethan Espinoza,Deportes Concepción,1,0
2026-08-01,Liga de Primera 2026,137,Sebastián Díaz,Deportes La Serena,1,0
2026-08-01,Liga de Primera 2026,138,César Pinares,Deportes Limache,1,0
2026-08-01,Liga de Primera 2026,139,Misael Llantén,Deportes Limache,1,0
2026-08-01,Liga de Primera 2026,140,César Fuentes,Deportes Limache,1,0
2026-08-01,Liga de Primera 2026,141,Ramón Martínez,Deportes Limache,1,0
2026-08-01,Liga de Primera 2026,142,Santiago Londoño,Everton,1,0
2026-08-01,Liga de Primera 2026,143,Rafael Caroca,Huachipato,1,0
2026-08-01,Liga de Primera 2026,144,Renzo Malanca,Huachipato,1,0
2026-08-01,Liga de Primera 2026,145,Santiago Silva,Huachipato,1,0
2026-08-01,Liga de Primera 2026,146,Kevin Altez,Huachipato,1,0
2026-08-01,Liga de Primera 2026,147,Diego Céspedes,Ñublense,1,0
2026-08-01,Liga de Primera 2026,148,Giovanny Ávalos,Ñublense,1,0
2026-08-01,Liga de Primera 2026,149,Lorenzo Reyes,Ñublense,1,0
2026-08-01,Liga de Primera 2026,150,Sebastián Valencia,Ñublense,1,0
2026-08-01,Liga de Primera 2026,151,Miguel Brizuela,O'Higgins,1,0
2026-08-01,Liga de Primera 2026,152,Bastián Yáñez,O'Higgins,1,0
2026-08-01,Liga de Primera 2026,153,Vicente Espinoza,Palestino,1,0
2026-08-01,Liga de Primera 2026,154,Bayron Oyarzo,Unión La Calera,1,0
2026-08-01,Liga de Primera 2026,155,Branco Ampuero,Universidad Católica,1,0
2026-08-01,Liga de Primera 2026,156,Juan Francisco Rossel,Universidad Católica,1,0
2026-08-01,Liga de Primera 2026,157,Eugenio Mena,Universidad Católica,1,0
2026-08-01,Liga de Primera 2026,158,Matías Zaldivia,Universidad de Chile,1,0
2026-08-01,Liga de Primera 2026,159,Bianneider Tamayo,Universidad de Chile,1,0
2026-08-01,Liga de Primera 2026,160,Daniel Barrea,Universidad de Concepción,1,0
2026-08-01,Liga de Primera 2026,161,Cristhofer Mesías,Universidad de Concepción,1,0
2026-08-01,Liga de Primera 2026,162,Osvaldo González,Universidad de Concepción,1,0
2026-08-02,Liga de Primera 2026,1,Fernando Zampedri,Universidad Católica,17,2
2026-08-02,Liga de Primera 2026,2,Daniel Castro,Deportes Limache,9,5
2026-08-02,Liga de Primera 2026,3,Justo Giani,Universidad Católica,8,3
2026-08-02,Liga de Primera 2026,4,Javier Correa,Colo-Colo,8,2
2026-08-02,Liga de Primera 2026,5,Sebastián Sáez,Unión La Calera,8,1
2026-08-02,Liga de Primera 2026,6,Nelson Da Silva,Palestino,7,2
2026-08-02,Liga de Primera 2026,7,Lionel Altamirano,Huachipato,7,1
2026-08-02,Liga de Primera 2026,8,Steffan Pino,Cobresal,7,0
2026-08-02,Liga de Primera 2026,9,Eduardo Vargas,Universidad de Chile,6,2
2026-08-02,Liga de Primera 2026,10,Jean Meneses,Deportes Limache,5,8
2026-08-02,Liga de Primera 2026,11,Jeisson Vargas,Deportes La Serena,5,6
2026-08-02,Liga de Primera 2026,12,Francisco González,O'Higgins,5,4
2026-08-02,Liga de Primera 2026,13,Joaquín Larrivey,Deportes Concepción,5,2
2026-08-02,Liga de Primera 2026,14,Maximiliano Romero,Colo-Colo,5,1
2026-08-02,Liga de Primera 2026,15,Nicolás Johansen,Coquimbo Unido,5,0
2026-08-02,Liga de Primera 2026,16,Kevin Méndez,Unión La Calera,4,6
2026-08-02,Liga de Primera 2026,17,Julián Brea,Cobresal,4,1
2026-08-02,Liga de Primera 2026,18,Thiago Vecino,O'Higgins,4,1
2026-08-02,Liga de Primera 2026,19,Felipe Chamorro,Deportes La Serena,4,0
2026-08-02,Liga de Primera 2026,20,Gonzalo Sosa,Deportes Limache,4,0
2026-08-02,Liga de Primera 2026,21,Ignacio Jeraldino,Ñublense,4,0
2026-08-02,Liga de Primera 2026,22,Clemente Montes,Universidad Católica,3,4
2026-08-02,Liga de Primera 2026,23,Diego Rubio,Deportes La Serena,3,3
2026-08-02,Liga de Primera 2026,24,Giovani Chiaverano,Audax Italiano,3,2
2026-08-02,Liga de Primera 2026,25,Lautaro Pastrán,Colo-Colo,3,2
2026-08-02,Liga de Primera 2026,26,Alan Medina,Everton,3,1
2026-08-02,Liga de Primera 2026,27,Lucas Soto,Everton,3,1
2026-08-02,Liga de Primera 2026,28,Cris Martínez,Huachipato,3,1
2026-08-02,Liga de Primera 2026,29,Cecilio Waterman,Universidad de Concepción,3,1
2026-08-02,Liga de Primera 2026,30,Franco Troyansky,Audax Italiano,3,0
2026-08-02,Liga de Primera 2026,31,Diego Coelho,Audax Italiano,3,0
2026-08-02,Liga de Primera 2026,32,Álvaro Madrid,Colo-Colo,3,0
2026-08-02,Liga de Primera 2026,33,Alejandro Camargo,Coquimbo Unido,3,0
2026-08-02,Liga de Primera 2026,34,Vicente Álvarez,Deportes Limache,3,0
2026-08-02,Liga de Primera 2026,35,Cristian Palacios,Everton,3,0
2026-08-02,Liga de Primera 2026,36,Nicolás Montiel,Everton,3,0
2026-08-02,Liga de Primera 2026,37,Maximiliano Gutiérrez,Huachipato,3,0
2026-08-02,Liga de Primera 2026,38,Franco Rami,Ñublense,3,0
2026-08-02,Liga de Primera 2026,39,Arnaldo Castillo,O'Higgins,3,0
2026-08-02,Liga de Primera 2026,40,Matías Palavecino,Universidad Católica,2,5
2026-08-02,Liga de Primera 2026,41,Claudio Aquino,Colo-Colo,2,3
2026-08-02,Liga de Primera 2026,42,Leandro Hernández,Colo-Colo,2,3
2026-08-02,Liga de Primera 2026,43,Maximiliano Rodríguez,Huachipato,2,3
2026-08-02,Liga de Primera 2026,44,Cristián Zavala,Coquimbo Unido,2,2
2026-08-02,Liga de Primera 2026,45,Mario Briceño,Huachipato,2,2
2026-08-02,Liga de Primera 2026,46,Gabriel Graciani,Ñublense,2,2
2026-08-02,Liga de Primera 2026,47,César Munder,Palestino,2,2
2026-08-02,Liga de Primera 2026,48,Maximiliano Guerrero,Universidad de Chile,2,2
2026-08-02,Liga de Primera 2026,49,Federico Mateos,Audax Italiano,2,1
2026-08-02,Liga de Primera 2026,50,Víctor Méndez,Colo-Colo,2,1
2026-08-02,Liga de Primera 2026,51,Jeyson Rojas,Colo-Colo,2,1
2026-08-02,Liga de Primera 2026,52,Alejandro Azócar,Coquimbo Unido,2,1
2026-08-02,Liga de Primera 2026,53,Gonzalo Figueroa,Deportes La Serena,2,1
2026-08-02,Liga de Primera 2026,54,Yerko González,Deportes Limache,2,1
2026-08-02,Liga de Primera 2026,55,Martín Sarrafiore,O'Higgins,2,1
2026-08-02,Liga de Primera 2026,56,Bryan Carrasco,Palestino,2,1
2026-08-02,Liga de Primera 2026,57,Agustín Arce,Universidad de Chile,2,1
2026-08-02,Liga de Primera 2026,58,Agustín Nadruz,Cobresal,2,0
2026-08-02,Liga de Primera 2026,59,Franco Frías,Cobresal,2,0
2026-08-02,Liga de Primera 2026,60,Jorge Henríquez,Deportes Concepción,2,0
2026-08-02,Liga de Primera 2026,61,Ignacio Mesías,Deportes Concepción,2,0
2026-08-02,Liga de Primera 2026,62,Mario Sandoval,Deportes Concepción,2,0
2026-08-02,Liga de Primera 2026,63,Nicolás Stefanelli,Deportes La Serena,2,0
2026-08-02,Liga de Primera 2026,64,Gonzalo Escalante,Deportes La Serena,2,0
2026-08-02,Liga de Primera 2026,65,Matías Marín,Deportes La Serena,2,0
2026-08-02,Liga de Primera 2026,66,Diego Sanhueza,Ñublense,2,0
2026-08-02,Liga de Primera 2026,67,Lucas Molina,Ñublense,2,0
2026-08-02,Liga de Primera 2026,68,Francisco Montes,Palestino,2,0
2026-08-02,Liga de Primera 2026,69,Gonzalo Tapia,Palestino,2,0
2026-08-02,Liga de Primera 2026,70,Matías Campos López,Unión La Calera,2,0
2026-08-02,Liga de Primera 2026,71,Rodrigo Cáseres,Unión La Calera,2,0
2026-08-02,Liga de Primera 2026,72,Francisco Pozzo,Unión La Calera,2,0
2026-08-02,Liga de Primera 2026,73,Javier Altamirano,Universidad de Chile,2,0
2026-08-02,Liga de Primera 2026,74,Nicolás Ramírez,Universidad de Chile,2,0
2026-08-02,Liga de Primera 2026,75,Luis Rojas,Universidad de Concepción,2,0
2026-08-02,Liga de Primera 2026,76,Jeison Fuentealba,Universidad de Concepción,2,0
2026-08-02,Liga de Primera 2026,77,Bryan Carvallo,Cobresal,1,5
2026-08-02,Liga de Primera 2026,78,Cristián Cuevas,Universidad Católica,1,5
2026-08-02,Liga de Primera 2026,79,Esteban Matus,Audax Italiano,1,4
2026-08-02,Liga de Primera 2026,80,Luis Riveros,Coquimbo Unido,1,3
2026-08-02,Liga de Primera 2026,81,Matías Plaza,Ñublense,1,3
2026-08-02,Liga de Primera 2026,82,Julián Fernández,Palestino,1,3
2026-08-02,Liga de Primera 2026,83,Guillermo Pacheco,Cobresal,1,2
2026-08-02,Liga de Primera 2026,84,Marcos Arturia,Deportes Limache,1,2
2026-08-02,Liga de Primera 2026,85,Braian Martínez,Everton,1,2
2026-08-02,Liga de Primera 2026,86,Maicol León,Huachipato,1,2
2026-08-02,Liga de Primera 2026,87,Guillermo Guaiquil,Huachipato,1,2
2026-08-02,Liga de Primera 2026,88,Bryan Rabello,O'Higgins,1,2
2026-08-02,Liga de Primera 2026,89,Ian Garguez,Palestino,1,2
2026-08-02,Liga de Primera 2026,90,Jimmy Martínez,Universidad Católica,1,2
2026-08-02,Liga de Primera 2026,91,Diego Corral,Universidad Católica,1,2
2026-08-02,Liga de Primera 2026,92,Fabián Hormazábal,Universidad de Chile,1,2
2026-08-02,Liga de Primera 2026,93,Agustín Urzi,Universidad de Concepción,1,2
2026-08-02,Liga de Primera 2026,94,Benjamín Valenzuela,Cobresal,1,1
2026-08-02,Liga de Primera 2026,95,Yastin Cuevas,Colo-Colo,1,1
2026-08-02,Liga de Primera 2026,96,Arturo Vidal,Colo-Colo,1,1
2026-08-02,Liga de Primera 2026,97,Martín Mundaca,Coquimbo Unido,1,1
2026-08-02,Liga de Primera 2026,98,Leonardo Valencia,Deportes Concepción,1,1
2026-08-02,Liga de Primera 2026,99,Bruno Gutiérrez,Deportes La Serena,1,1
2026-08-02,Liga de Primera 2026,100,Ángelo Henríquez,Deportes La Serena,1,1
2026-08-02,Liga de Primera 2026,101,Lucas Alarcón,Deportes La Serena,1,1
2026-08-02,Liga de Primera 2026,102,Joaquín Montecinos,Deportes Limache,1,1
2026-08-02,Liga de Primera 2026,103,Flavio Moya,Deportes Limache,1,1
2026-08-02,Liga de Primera 2026,104,Nicolás Baeza,Everton,1,1
2026-08-02,Liga de Primera 2026,105,Julián Alfaro,Everton,1,1
2026-08-02,Liga de Primera 2026,106,Nicolás Vargas,Huachipato,1,1
2026-08-02,Liga de Primera 2026,107,Claudio Sepúlveda,Huachipato,1,1
2026-08-02,Liga de Primera 2026,108,Ignacio Tapia,Ñublense,1,1
2026-08-02,Liga de Primera 2026,109,Felipe Ogaz,O'Higgins,1,1
2026-08-02,Liga de Primera 2026,110,Martín Maturana,O'Higgins,1,1
2026-08-02,Liga de Primera 2026,111,Sebastián Gallegos,Palestino,1,1
2026-08-02,Liga de Primera 2026,112,Dilan Zúñiga,Palestino,1,1
2026-08-02,Liga de Primera 2026,113,Martín Araya,Palestino,1,1
2026-08-02,Liga de Primera 2026,114,Ronnie Fernández,Palestino,1,1
2026-08-02,Liga de Primera 2026,115,Jason León,Palestino,1,1
2026-08-02,Liga de Primera 2026,116,Juan Ignacio Díaz,Universidad Católica,1,1
2026-08-02,Liga de Primera 2026,117,Juan Martín Lucero,Universidad de Chile,1,1
2026-08-02,Liga de Primera 2026,118,Ignacio Vásquez,Universidad de Chile,1,1
2026-08-02,Liga de Primera 2026,119,Antonio Díaz,Universidad de Concepción,1,1
2026-08-02,Liga de Primera 2026,120,Michael Vadulli,Audax Italiano,1,0
2026-08-02,Liga de Primera 2026,121,Rodrigo Cabral,Audax Italiano,1,0
2026-08-02,Liga de Primera 2026,122,Enzo Ferrario,Audax Italiano,1,0
2026-08-02,Liga de Primera 2026,123,Marco Collao,Audax Italiano,1,0
2026-08-02,Liga de Primera 2026,124,Vicente Zenteno,Audax Italiano,1,0
2026-08-02,Liga de Primera 2026,125,José Tiznado,Cobresal,1,0
2026-08-02,Liga de Primera 2026,126,Joaquín Sosa,Colo-Colo,1,0
2026-08-02,Liga de Primera 2026,127,Felipe Raipán,Colo-Colo,1,0
2026-08-02,Liga de Primera 2026,128,Guido Vadalá,Coquimbo Unido,1,0
2026-08-02,Liga de Primera 2026,129,Sebastián Galani,Coquimbo Unido,1,0
2026-08-02,Liga de Primera 2026,130,Lucas Pratto,Coquimbo Unido,1,0
2026-08-02,Liga de Primera 2026,131,Manuel Fernández,Coquimbo Unido,1,0
2026-08-02,Liga de Primera 2026,132,Pablo Rodríguez,Coquimbo Unido,1,0
2026-08-02,Liga de Primera 2026,133,Fausto Grillo,Deportes Concepción,1,0
2026-08-02,Liga de Primera 2026,134,Ariel Cáceres,Deportes Concepción,1,0
2026-08-02,Liga de Primera 2026,135,Aldrix Jara,Deportes Concepción,1,0
2026-08-02,Liga de Primera 2026,136,Ethan Espinoza,Deportes Concepción,1,0
2026-08-02,Liga de Primera 2026,137,Sebastián Díaz,Deportes La Serena,1,0
2026-08-02,Liga de Primera 2026,138,César Pinares,Deportes Limache,1,0
2026-08-02,Liga de Primera 2026,139,Misael Llantén,Deportes Limache,1,0
2026-08-02,Liga de Primera 2026,140,César Fuentes,Deportes Limache,1,0
2026-08-02,Liga de Primera 2026,141,Ramón Martínez,Deportes Limache,1,0
2026-08-02,Liga de Primera 2026,142,Santiago Londoño,Everton,1,0
2026-08-02,Liga de Primera 2026,143,Rafael Caroca,Huachipato,1,0
2026-08-02,Liga de Primera 2026,144,Renzo Malanca,Huachipato,1,0
2026-08-02,Liga de Primera 2026,145,Santiago Silva,Huachipato,1,0
2026-08-02,Liga de Primera 2026,146,Kevin Altez,Huachipato,1,0
2026-08-02,Liga de Primera 2026,147,Diego Céspedes,Ñublense,1,0
2026-08-02,Liga de Primera 2026,148,Giovanny Ávalos,Ñublense,1,0
2026-08-02,Liga de Primera 2026,149,Lorenzo Reyes,Ñublense,1,0
2026-08-02,Liga de Primera 2026,150,Sebastián Valencia,Ñublense,1,0
2026-08-02,Liga de Primera 2026,151,Miguel Brizuela,O'Higgins,1,0
2026-08-02,Liga de Primera 2026,152,Bastián Yáñez,O'Higgins,1,0
2026-08-02,Liga de Primera 2026,153,Vicente Espinoza,Palestino,1,0
2026-08-02,Liga de Primera 2026,154,Bayron Oyarzo,Unión La Calera,1,0
2026-08-02,Liga de Primera 2026,155,Branco Ampuero,Universidad Católica,1,0
2026-08-02,Liga de Primera 2026,156,Juan Francisco Rossel,Universidad Católica,1,0
2026-08-02,Liga de Primera 2026,157,Eugenio Mena,Universidad Católica,1,0
2026-08-02,Liga de Primera 2026,158,Matías Zaldivia,Universidad de Chile,1,0
2026-08-02,Liga de Primera 2026,159,Bianneider Tamayo,Universidad de Chile,1,0
2026-08-02,Liga de Primera 2026,160,Daniel Barrea,Universidad de Concepción,1,0
2026-08-02,Liga de Primera 2026,161,Cristhofer Mesías,Universidad de Concepción,1,0
2026-08-02,Liga de Primera 2026,162,Osvaldo González,Universidad de Concepción,1,0
2026-08-03,Liga de Primera 2026,1,Fernando Zampedri,Universidad Católica,17,2
2026-08-03,Liga de Primera 2026,2,Daniel Castro,Deportes Limache,9,5
2026-08-03,Liga de Primera 2026,3,Justo Giani,Universidad Católica,8,3
2026-08-03,Liga de Primera 2026,4,Javier Correa,Colo-Colo,8,2
2026-08-03,Liga de Primera 2026,5,Sebastián Sáez,Unión La Calera,8,1
2026-08-03,Liga de Primera 2026,6,Nelson Da Silva,Palestino,7,2
2026-08-03,Liga de Primera 2026,7,Lionel Altamirano,Huachipato,7,1
2026-08-03,Liga de Primera 2026,8,Steffan Pino,Cobresal,7,0
2026-08-03,Liga de Primera 2026,9,Eduardo Vargas,Universidad de Chile,6,2
2026-08-03,Liga de Primera 2026,10,Jean Meneses,Deportes Limache,5,8
2026-08-03,Liga de Primera 2026,11,Jeisson Vargas,Deportes La Serena,5,6
2026-08-03,Liga de Primera 2026,12,Francisco González,O'Higgins,5,4
2026-08-03,Liga de Primera 2026,13,Joaquín Larrivey,Deportes Concepción,5,2
2026-08-03,Liga de Primera 2026,14,Maximiliano Romero,Colo-Colo,5,1
2026-08-03,Liga de Primera 2026,15,Nicolás Johansen,Coquimbo Unido,5,0
2026-08-03,Liga de Primera 2026,16,Kevin Méndez,Unión La Calera,4,6
2026-08-03,Liga de Primera 2026,17,Julián Brea,Cobresal,4,1
2026-08-03,Liga de Primera 2026,18,Thiago Vecino,O'Higgins,4,1
2026-08-03,Liga de Primera 2026,19,Felipe Chamorro,Deportes La Serena,4,0
2026-08-03,Liga de Primera 2026,20,Gonzalo Sosa,Deportes Limache,4,0
2026-08-03,Liga de Primera 2026,21,Ignacio Jeraldino,Ñublense,4,0
2026-08-03,Liga de Primera 2026,22,Clemente Montes,Universidad Católica,3,4
2026-08-03,Liga de Primera 2026,23,Diego Rubio,Deportes La Serena,3,3
2026-08-03,Liga de Primera 2026,24,Giovani Chiaverano,Audax Italiano,3,2
2026-08-03,Liga de Primera 2026,25,Lautaro Pastrán,Colo-Colo,3,2
2026-08-03,Liga de Primera 2026,26,Alan Medina,Everton,3,1
2026-08-03,Liga de Primera 2026,27,Lucas Soto,Everton,3,1
2026-08-03,Liga de Primera 2026,28,Cris Martínez,Huachipato,3,1
2026-08-03,Liga de Primera 2026,29,Cecilio Waterman,Universidad de Concepción,3,1
2026-08-03,Liga de Primera 2026,30,Franco Troyansky,Audax Italiano,3,0
2026-08-03,Liga de Primera 2026,31,Diego Coelho,Audax Italiano,3,0
2026-08-03,Liga de Primera 2026,32,Álvaro Madrid,Colo-Colo,3,0
2026-08-03,Liga de Primera 2026,33,Alejandro Camargo,Coquimbo Unido,3,0
2026-08-03,Liga de Primera 2026,34,Vicente Álvarez,Deportes Limache,3,0
2026-08-03,Liga de Primera 2026,35,Cristian Palacios,Everton,3,0
2026-08-03,Liga de Primera 2026,36,Nicolás Montiel,Everton,3,0
2026-08-03,Liga de Primera 2026,37,Maximiliano Gutiérrez,Huachipato,3,0
2026-08-03,Liga de Primera 2026,38,Franco Rami,Ñublense,3,0
2026-08-03,Liga de Primera 2026,39,Arnaldo Castillo,O'Higgins,3,0
2026-08-03,Liga de Primera 2026,40,Matías Palavecino,Universidad Católica,2,5
2026-08-03,Liga de Primera 2026,41,Claudio Aquino,Colo-Colo,2,3
2026-08-03,Liga de Primera 2026,42,Leandro Hernández,Colo-Colo,2,3
2026-08-03,Liga de Primera 2026,43,Maximiliano Rodríguez,Huachipato,2,3
2026-08-03,Liga de Primera 2026,44,Cristián Zavala,Coquimbo Unido,2,2
2026-08-03,Liga de Primera 2026,45,Mario Briceño,Huachipato,2,2
2026-08-03,Liga de Primera 2026,46,Gabriel Graciani,Ñublense,2,2
2026-08-03,Liga de Primera 2026,47,César Munder,Palestino,2,2
2026-08-03,Liga de Primera 2026,48,Maximiliano Guerrero,Universidad de Chile,2,2
2026-08-03,Liga de Primera 2026,49,Federico Mateos,Audax Italiano,2,1
2026-08-03,Liga de Primera 2026,50,Víctor Méndez,Colo-Colo,2,1
2026-08-03,Liga de Primera 2026,51,Jeyson Rojas,Colo-Colo,2,1
2026-08-03,Liga de Primera 2026,52,Alejandro Azócar,Coquimbo Unido,2,1
2026-08-03,Liga de Primera 2026,53,Gonzalo Figueroa,Deportes La Serena,2,1
2026-08-03,Liga de Primera 2026,54,Yerko González,Deportes Limache,2,1
2026-08-03,Liga de Primera 2026,55,Martín Sarrafiore,O'Higgins,2,1
2026-08-03,Liga de Primera 2026,56,Bryan Carrasco,Palestino,2,1
2026-08-03,Liga de Primera 2026,57,Agustín Arce,Universidad de Chile,2,1
2026-08-03,Liga de Primera 2026,58,Agustín Nadruz,Cobresal,2,0
2026-08-03,Liga de Primera 2026,59,Franco Frías,Cobresal,2,0
2026-08-03,Liga de Primera 2026,60,Jorge Henríquez,Deportes Concepción,2,0
2026-08-03,Liga de Primera 2026,61,Ignacio Mesías,Deportes Concepción,2,0
2026-08-03,Liga de Primera 2026,62,Mario Sandoval,Deportes Concepción,2,0
2026-08-03,Liga de Primera 2026,63,Nicolás Stefanelli,Deportes La Serena,2,0
2026-08-03,Liga de Primera 2026,64,Gonzalo Escalante,Deportes La Serena,2,0
2026-08-03,Liga de Primera 2026,65,Matías Marín,Deportes La Serena,2,0
2026-08-03,Liga de Primera 2026,66,Diego Sanhueza,Ñublense,2,0
2026-08-03,Liga de Primera 2026,67,Lucas Molina,Ñublense,2,0
2026-08-03,Liga de Primera 2026,68,Francisco Montes,Palestino,2,0
2026-08-03,Liga de Primera 2026,69,Gonzalo Tapia,Palestino,2,0
2026-08-03,Liga de Primera 2026,70,Matías Campos López,Unión La Calera,2,0
2026-08-03,Liga de Primera 2026,71,Rodrigo Cáseres,Unión La Calera,2,0
2026-08-03,Liga de Primera 2026,72,Francisco Pozzo,Unión La Calera,2,0
2026-08-03,Liga de Primera 2026,73,Javier Altamirano,Universidad de Chile,2,0
2026-08-03,Liga de Primera 2026,74,Nicolás Ramírez,Universidad de Chile,2,0
2026-08-03,Liga de Primera 2026,75,Luis Rojas,Universidad de Concepción,2,0
2026-08-03,Liga de Primera 2026,76,Jeison Fuentealba,Universidad de Concepción,2,0
2026-08-03,Liga de Primera 2026,77,Bryan Carvallo,Cobresal,1,5
2026-08-03,Liga de Primera 2026,78,Cristián Cuevas,Universidad Católica,1,5
2026-08-03,Liga de Primera 2026,79,Esteban Matus,Audax Italiano,1,4
2026-08-03,Liga de Primera 2026,80,Luis Riveros,Coquimbo Unido,1,3
2026-08-03,Liga de Primera 2026,81,Matías Plaza,Ñublense,1,3
2026-08-03,Liga de Primera 2026,82,Julián Fernández,Palestino,1,3
2026-08-03,Liga de Primera 2026,83,Guillermo Pacheco,Cobresal,1,2
2026-08-03,Liga de Primera 2026,84,Marcos Arturia,Deportes Limache,1,2
2026-08-03,Liga de Primera 2026,85,Braian Martínez,Everton,1,2
2026-08-03,Liga de Primera 2026,86,Maicol León,Huachipato,1,2
2026-08-03,Liga de Primera 2026,87,Guillermo Guaiquil,Huachipato,1,2
2026-08-03,Liga de Primera 2026,88,Bryan Rabello,O'Higgins,1,2
2026-08-03,Liga de Primera 2026,89,Ian Garguez,Palestino,1,2
2026-08-03,Liga de Primera 2026,90,Jimmy Martínez,Universidad Católica,1,2
2026-08-03,Liga de Primera 2026,91,Diego Corral,Universidad Católica,1,2
2026-08-03,Liga de Primera 2026,92,Fabián Hormazábal,Universidad de Chile,1,2
2026-08-03,Liga de Primera 2026,93,Agustín Urzi,Universidad de Concepción,1,2
2026-08-03,Liga de Primera 2026,94,Benjamín Valenzuela,Cobresal,1,1
2026-08-03,Liga de Primera 2026,95,Yastin Cuevas,Colo-Colo,1,1
2026-08-03,Liga de Primera 2026,96,Arturo Vidal,Colo-Colo,1,1
2026-08-03,Liga de Primera 2026,97,Martín Mundaca,Coquimbo Unido,1,1
2026-08-03,Liga de Primera 2026,98,Leonardo Valencia,Deportes Concepción,1,1
2026-08-03,Liga de Primera 2026,99,Bruno Gutiérrez,Deportes La Serena,1,1
2026-08-03,Liga de Primera 2026,100,Ángelo Henríquez,Deportes La Serena,1,1
2026-08-03,Liga de Primera 2026,101,Lucas Alarcón,Deportes La Serena,1,1
2026-08-03,Liga de Primera 2026,102,Joaquín Montecinos,Deportes Limache,1,1
2026-08-03,Liga de Primera 2026,103,Flavio Moya,Deportes Limache,1,1
2026-08-03,Liga de Primera 2026,104,Nicolás Baeza,Everton,1,1
2026-08-03,Liga de Primera 2026,105,Julián Alfaro,Everton,1,1
2026-08-03,Liga de Primera 2026,106,Nicolás Vargas,Huachipato,1,1
2026-08-03,Liga de Primera 2026,107,Claudio Sepúlveda,Huachipato,1,1
2026-08-03,Liga de Primera 2026,108,Ignacio Tapia,Ñublense,1,1
2026-08-03,Liga de Primera 2026,109,Felipe Ogaz,O'Higgins,1,1
2026-08-03,Liga de Primera 2026,110,Martín Maturana,O'Higgins,1,1
2026-08-03,Liga de Primera 2026,111,Sebastián Gallegos,Palestino,1,1
2026-08-03,Liga de Primera 2026,112,Dilan Zúñiga,Palestino,1,1
2026-08-03,Liga de Primera 2026,113,Martín Araya,Palestino,1,1
2026-08-03,Liga de Primera 2026,114,Ronnie Fernández,Palestino,1,1
2026-08-03,Liga de Primera 2026,115,Jason León,Palestino,1,1
2026-08-03,Liga de Primera 2026,116,Juan Ignacio Díaz,Universidad Católica,1,1
2026-08-03,Liga de Primera 2026,117,Juan Martín Lucero,Universidad de Chile,1,1
2026-08-03,Liga de Primera 2026,118,Ignacio Vásquez,Universidad de Chile,1,1
2026-08-03,Liga de Primera 2026,119,Antonio Díaz,Universidad de Concepción,1,1
2026-08-03,Liga de Primera 2026,120,Michael Vadulli,Audax Italiano,1,0
2026-08-03,Liga de Primera 2026,121,Rodrigo Cabral,Audax Italiano,1,0
2026-08-03,Liga de Primera 2026,122,Enzo Ferrario,Audax Italiano,1,0
2026-08-03,Liga de Primera 2026,123,Marco Collao,Audax Italiano,1,0
2026-08-03,Liga de Primera 2026,124,Vicente Zenteno,Audax Italiano,1,0
2026-08-03,Liga de Primera 2026,125,José Tiznado,Cobresal,1,0
2026-08-03,Liga de Primera 2026,126,Joaquín Sosa,Colo-Colo,1,0
2026-08-03,Liga de Primera 2026,127,Felipe Raipán,Colo-Colo,1,0
2026-08-03,Liga de Primera 2026,128,Guido Vadalá,Coquimbo Unido,1,0
2026-08-03,Liga de Primera 2026,129,Sebastián Galani,Coquimbo Unido,1,0
2026-08-03,Liga de Primera 2026,130,Lucas Pratto,Coquimbo Unido,1,0
2026-08-03,Liga de Primera 2026,131,Manuel Fernández,Coquimbo Unido,1,0
2026-08-03,Liga de Primera 2026,132,Pablo Rodríguez,Coquimbo Unido,1,0
2026-08-03,Liga de Primera 2026,133,Fausto Grillo,Deportes Concepción,1,0
2026-08-03,Liga de Primera 2026,134,Ariel Cáceres,Deportes Concepción,1,0
2026-08-03,Liga de Primera 2026,135,Aldrix Jara,Deportes Concepción,1,0
2026-08-03,Liga de Primera 2026,136,Ethan Espinoza,Deportes Concepción,1,0
2026-08-03,Liga de Primera 2026,137,Sebastián Díaz,Deportes La Serena,1,0
2026-08-03,Liga de Primera 2026,138,César Pinares,Deportes Limache,1,0
2026-08-03,Liga de Primera 2026,139,Misael Llantén,Deportes Limache,1,0
2026-08-03,Liga de Primera 2026,140,César Fuentes,Deportes Limache,1,0
2026-08-03,Liga de Primera 2026,141,Ramón Martínez,Deportes Limache,1,0
2026-08-03,Liga de Primera 2026,142,Santiago Londoño,Everton,1,0
2026-08-03,Liga de Primera 2026,143,Rafael Caroca,Huachipato,1,0
2026-08-03,Liga de Primera 2026,144,Renzo Malanca,Huachipato,1,0
2026-08-03,Liga de Primera 2026,145,Santiago Silva,Huachipato,1,0
2026-08-03,Liga de Primera 2026,146,Kevin Altez,Huachipato,1,0
2026-08-03,Liga de Primera 2026,147,Diego Céspedes,Ñublense,1,0
2026-08-03,Liga de Primera 2026,148,Giovanny Ávalos,Ñublense,1,0
2026-08-03,Liga de Primera 2026,149,Lorenzo Reyes,Ñublense,1,0
2026-08-03,Liga de Primera 2026,150,Sebastián Valencia,Ñublense,1,0
2026-08-03,Liga de Primera 2026,151,Miguel Brizuela,O'Higgins,1,0
2026-08-03,Liga de Primera 2026,152,Bastián Yáñez,O'Higgins,1,0
2026-08-03,Liga de Primera 2026,153,Vicente Espinoza,Palestino,1,0
2026-08-03,Liga de Primera 2026,154,Bayron Oyarzo,Unión La Calera,1,0
2026-08-03,Liga de Primera 2026,155,Branco Ampuero,Universidad Católica,1,0
2026-08-03,Liga de Primera 2026,156,Juan Francisco Rossel,Universidad Católica,1,0
2026-08-03,Liga de Primera 2026,157,Eugenio Mena,Universidad Católica,1,0
2026-08-03,Liga de Primera 2026,158,Matías Zaldivia,Universidad de Chile,1,0
2026-08-03,Liga de Primera 2026,159,Bianneider Tamayo,Universidad de Chile,1,0
2026-08-03,Liga de Primera 2026,160,Daniel Barrea,Universidad de Concepción,1,0
2026-08-03,Liga de Primera 2026,161,Cristhofer Mesías,Universidad de Concepción,1,0
2026-08-03,Liga de Primera 2026,162,Osvaldo González,Universidad de Concepción,1,0
2026-08-04,Liga de Primera 2026,1,Fernando Zampedri,Universidad Católica,17,2
2026-08-04,Liga de Primera 2026,2,Daniel Castro,Deportes Limache,9,5
2026-08-04,Liga de Primera 2026,3,Justo Giani,Universidad Católica,8,3
2026-08-04,Liga de Primera 2026,4,Javier Correa,Colo-Colo,8,2
2026-08-04,Liga de Primera 2026,5,Sebastián Sáez,Unión La Calera,8,1
2026-08-04,Liga de Primera 2026,6,Nelson Da Silva,Palestino,7,2
2026-08-04,Liga de Primera 2026,7,Lionel Altamirano,Huachipato,7,1
2026-08-04,Liga de Primera 2026,8,Steffan Pino,Cobresal,7,0
2026-08-04,Liga de Primera 2026,9,Eduardo Vargas,Universidad de Chile,6,2
2026-08-04,Liga de Primera 2026,10,Jean Meneses,Deportes Limache,5,8
2026-08-04,Liga de Primera 2026,11,Jeisson Vargas,Deportes La Serena,5,6
2026-08-04,Liga de Primera 2026,12,Francisco González,O'Higgins,5,4
2026-08-04,Liga de Primera 2026,13,Joaquín Larrivey,Deportes Concepción,5,2
2026-08-04,Liga de Primera 2026,14,Maximiliano Romero,Colo-Colo,5,1
2026-08-04,Liga de Primera 2026,15,Nicolás Johansen,Coquimbo Unido,5,0
2026-08-04,Liga de Primera 2026,16,Kevin Méndez,Unión La Calera,4,6
2026-08-04,Liga de Primera 2026,17,Julián Brea,Cobresal,4,1
2026-08-04,Liga de Primera 2026,18,Thiago Vecino,O'Higgins,4,1
2026-08-04,Liga de Primera 2026,19,Felipe Chamorro,Deportes La Serena,4,0
2026-08-04,Liga de Primera 2026,20,Gonzalo Sosa,Deportes Limache,4,0
2026-08-04,Liga de Primera 2026,21,Ignacio Jeraldino,Ñublense,4,0
2026-08-04,Liga de Primera 2026,22,Clemente Montes,Universidad Católica,3,4
2026-08-04,Liga de Primera 2026,23,Diego Rubio,Deportes La Serena,3,3
2026-08-04,Liga de Primera 2026,24,Giovani Chiaverano,Audax Italiano,3,2
2026-08-04,Liga de Primera 2026,25,Lautaro Pastrán,Colo-Colo,3,2
2026-08-04,Liga de Primera 2026,26,Alan Medina,Everton,3,1
2026-08-04,Liga de Primera 2026,27,Lucas Soto,Everton,3,1
2026-08-04,Liga de Primera 2026,28,Cris Martínez,Huachipato,3,1
2026-08-04,Liga de Primera 2026,29,Cecilio Waterman,Universidad de Concepción,3,1
2026-08-04,Liga de Primera 2026,30,Franco Troyansky,Audax Italiano,3,0
2026-08-04,Liga de Primera 2026,31,Diego Coelho,Audax Italiano,3,0
2026-08-04,Liga de Primera 2026,32,Álvaro Madrid,Colo-Colo,3,0
2026-08-04,Liga de Primera 2026,33,Alejandro Camargo,Coquimbo Unido,3,0
2026-08-04,Liga de Primera 2026,34,Vicente Álvarez,Deportes Limache,3,0
2026-08-04,Liga de Primera 2026,35,Cristian Palacios,Everton,3,0
2026-08-04,Liga de Primera 2026,36,Nicolás Montiel,Everton,3,0
2026-08-04,Liga de Primera 2026,37,Maximiliano Gutiérrez,Huachipato,3,0
2026-08-04,Liga de Primera 2026,38,Franco Rami,Ñublense,3,0
2026-08-04,Liga de Primera 2026,39,Arnaldo Castillo,O'Higgins,3,0
2026-08-04,Liga de Primera 2026,40,Matías Palavecino,Universidad Católica,2,5
2026-08-04,Liga de Primera 2026,41,Claudio Aquino,Colo-Colo,2,3
2026-08-04,Liga de Primera 2026,42,Leandro Hernández,Colo-Colo,2,3
2026-08-04,Liga de Primera 2026,43,Maximiliano Rodríguez,Huachipato,2,3
2026-08-04,Liga de Primera 2026,44,Cristián Zavala,Coquimbo Unido,2,2
2026-08-04,Liga de Primera 2026,45,Mario Briceño,Huachipato,2,2
2026-08-04,Liga de Primera 2026,46,Gabriel Graciani,Ñublense,2,2
2026-08-04,Liga de Primera 2026,47,César Munder,Palestino,2,2
2026-08-04,Liga de Primera 2026,48,Maximiliano Guerrero,Universidad de Chile,2,2
2026-08-04,Liga de Primera 2026,49,Federico Mateos,Audax Italiano,2,1
2026-08-04,Liga de Primera 2026,50,Víctor Méndez,Colo-Colo,2,1
2026-08-04,Liga de Primera 2026,51,Jeyson Rojas,Colo-Colo,2,1
2026-08-04,Liga de Primera 2026,52,Alejandro Azócar,Coquimbo Unido,2,1
2026-08-04,Liga de Primera 2026,53,Gonzalo Figueroa,Deportes La Serena,2,1
2026-08-04,Liga de Primera 2026,54,Yerko González,Deportes Limache,2,1
2026-08-04,Liga de Primera 2026,55,Martín Sarrafiore,O'Higgins,2,1
2026-08-04,Liga de Primera 2026,56,Bryan Carrasco,Palestino,2,1
2026-08-04,Liga de Primera 2026,57,Agustín Arce,Universidad de Chile,2,1
2026-08-04,Liga de Primera 2026,58,Agustín Nadruz,Cobresal,2,0
2026-08-04,Liga de Primera 2026,59,Franco Frías,Cobresal,2,0
2026-08-04,Liga de Primera 2026,60,Jorge Henríquez,Deportes Concepción,2,0
2026-08-04,Liga de Primera 2026,61,Ignacio Mesías,Deportes Concepción,2,0
2026-08-04,Liga de Primera 2026,62,Mario Sandoval,Deportes Concepción,2,0
2026-08-04,Liga de Primera 2026,63,Nicolás Stefanelli,Deportes La Serena,2,0
2026-08-04,Liga de Primera 2026,64,Gonzalo Escalante,Deportes La Serena,2,0
2026-08-04,Liga de Primera 2026,65,Matías Marín,Deportes La Serena,2,0
2026-08-04,Liga de Primera 2026,66,Diego Sanhueza,Ñublense,2,0
2026-08-04,Liga de Primera 2026,67,Lucas Molina,Ñublense,2,0
2026-08-04,Liga de Primera 2026,68,Francisco Montes,Palestino,2,0
2026-08-04,Liga de Primera 2026,69,Gonzalo Tapia,Palestino,2,0
2026-08-04,Liga de Primera 2026,70,Matías Campos López,Unión La Calera,2,0
2026-08-04,Liga de Primera 2026,71,Rodrigo Cáseres,Unión La Calera,2,0
2026-08-04,Liga de Primera 2026,72,Francisco Pozzo,Unión La Calera,2,0
2026-08-04,Liga de Primera 2026,73,Javier Altamirano,Universidad de Chile,2,0
2026-08-04,Liga de Primera 2026,74,Nicolás Ramírez,Universidad de Chile,2,0
2026-08-04,Liga de Primera 2026,75,Luis Rojas,Universidad de Concepción,2,0
2026-08-04,Liga de Primera 2026,76,Jeison Fuentealba,Universidad de Concepción,2,0
2026-08-04,Liga de Primera 2026,77,Bryan Carvallo,Cobresal,1,5
2026-08-04,Liga de Primera 2026,78,Cristián Cuevas,Universidad Católica,1,5
2026-08-04,Liga de Primera 2026,79,Esteban Matus,Audax Italiano,1,4
2026-08-04,Liga de Primera 2026,80,Luis Riveros,Coquimbo Unido,1,3
2026-08-04,Liga de Primera 2026,81,Matías Plaza,Ñublense,1,3
2026-08-04,Liga de Primera 2026,82,Julián Fernández,Palestino,1,3
2026-08-04,Liga de Primera 2026,83,Guillermo Pacheco,Cobresal,1,2
2026-08-04,Liga de Primera 2026,84,Marcos Arturia,Deportes Limache,1,2
2026-08-04,Liga de Primera 2026,85,Braian Martínez,Everton,1,2
2026-08-04,Liga de Primera 2026,86,Maicol León,Huachipato,1,2
2026-08-04,Liga de Primera 2026,87,Guillermo Guaiquil,Huachipato,1,2
2026-08-04,Liga de Primera 2026,88,Bryan Rabello,O'Higgins,1,2
2026-08-04,Liga de Primera 2026,89,Ian Garguez,Palestino,1,2
2026-08-04,Liga de Primera 2026,90,Jimmy Martínez,Universidad Católica,1,2
2026-08-04,Liga de Primera 2026,91,Diego Corral,Universidad Católica,1,2
2026-08-04,Liga de Primera 2026,92,Fabián Hormazábal,Universidad de Chile,1,2
2026-08-04,Liga de Primera 2026,93,Agustín Urzi,Universidad de Concepción,1,2
2026-08-04,Liga de Primera 2026,94,Benjamín Valenzuela,Cobresal,1,1
2026-08-04,Liga de Primera 2026,95,Yastin Cuevas,Colo-Colo,1,1
2026-08-04,Liga de Primera 2026,96,Arturo Vidal,Colo-Colo,1,1
2026-08-04,Liga de Primera 2026,97,Martín Mundaca,Coquimbo Unido,1,1
2026-08-04,Liga de Primera 2026,98,Leonardo Valencia,Deportes Concepción,1,1
2026-08-04,Liga de Primera 2026,99,Bruno Gutiérrez,Deportes La Serena,1,1
2026-08-04,Liga de Primera 2026,100,Ángelo Henríquez,Deportes La Serena,1,1
2026-08-04,Liga de Primera 2026,101,Lucas Alarcón,Deportes La Serena,1,1
2026-08-04,Liga de Primera 2026,102,Joaquín Montecinos,Deportes Limache,1,1
2026-08-04,Liga de Primera 2026,103,Flavio Moya,Deportes Limache,1,1
2026-08-04,Liga de Primera 2026,104,Nicolás Baeza,Everton,1,1
2026-08-04,Liga de Primera 2026,105,Julián Alfaro,Everton,1,1
2026-08-04,Liga de Primera 2026,106,Nicolás Vargas,Huachipato,1,1
2026-08-04,Liga de Primera 2026,107,Claudio Sepúlveda,Huachipato,1,1
2026-08-04,Liga de Primera 2026,108,Ignacio Tapia,Ñublense,1,1
2026-08-04,Liga de Primera 2026,109,Felipe Ogaz,O'Higgins,1,1
2026-08-04,Liga de Primera 2026,110,Martín Maturana,O'Higgins,1,1
2026-08-04,Liga de Primera 2026,111,Sebastián Gallegos,Palestino,1,1
2026-08-04,Liga de Primera 2026,112,Dilan Zúñiga,Palestino,1,1
2026-08-04,Liga de Primera 2026,113,Martín Araya,Palestino,1,1
2026-08-04,Liga de Primera 2026,114,Ronnie Fernández,Palestino,1,1
2026-08-04,Liga de Primera 2026,115,Jason León,Palestino,1,1
2026-08-04,Liga de Primera 2026,116,Juan Ignacio Díaz,Universidad Católica,1,1
2026-08-04,Liga de Primera 2026,117,Juan Martín Lucero,Universidad de Chile,1,1
2026-08-04,Liga de Primera 2026,118,Ignacio Vásquez,Universidad de Chile,1,1
2026-08-04,Liga de Primera 2026,119,Antonio Díaz,Universidad de Concepción,1,1
2026-08-04,Liga de Primera 2026,120,Michael Vadulli,Audax Italiano,1,0
2026-08-04,Liga de Primera 2026,121,Rodrigo Cabral,Audax Italiano,1,0
2026-08-04,Liga de Primera 2026,122,Enzo Ferrario,Audax Italiano,1,0
2026-08-04,Liga de Primera 2026,123,Marco Collao,Audax Italiano,1,0
2026-08-04,Liga de Primera 2026,124,Vicente Zenteno,Audax Italiano,1,0
2026-08-04,Liga de Primera 2026,125,José Tiznado,Cobresal,1,0
2026-08-04,Liga de Primera 2026,126,Joaquín Sosa,Colo-Colo,1,0
2026-08-04,Liga de Primera 2026,127,Felipe Raipán,Colo-Colo,1,0
2026-08-04,Liga de Primera 2026,128,Guido Vadalá,Coquimbo Unido,1,0
2026-08-04,Liga de Primera 2026,129,Sebastián Galani,Coquimbo Unido,1,0
2026-08-04,Liga de Primera 2026,130,Lucas Pratto,Coquimbo Unido,1,0
2026-08-04,Liga de Primera 2026,131,Manuel Fernández,Coquimbo Unido,1,0
2026-08-04,Liga de Primera 2026,132,Pablo Rodríguez,Coquimbo Unido,1,0
2026-08-04,Liga de Primera 2026,133,Fausto Grillo,Deportes Concepción,1,0
2026-08-04,Liga de Primera 2026,134,Ariel Cáceres,Deportes Concepción,1,0
2026-08-04,Liga de Primera 2026,135,Aldrix Jara,Deportes Concepción,1,0
2026-08-04,Liga de Primera 2026,136,Ethan Espinoza,Deportes Concepción,1,0
2026-08-04,Liga de Primera 2026,137,Sebastián Díaz,Deportes La Serena,1,0
2026-08-04,Liga de Primera 2026,138,César Pinares,Deportes Limache,1,0
2026-08-04,Liga de Primera 2026,139,Misael Llantén,Deportes Limache,1,0
2026-08-04,Liga de Primera 2026,140,César Fuentes,Deportes Limache,1,0
2026-08-04,Liga de Primera 2026,141,Ramón Martínez,Deportes Limache,1,0
2026-08-04,Liga de Primera 2026,142,Santiago Londoño,Everton,1,0
2026-08-04,Liga de Primera 2026,143,Rafael Caroca,Huachipato,1,0
2026-08-04,Liga de Primera 2026,144,Renzo Malanca,Huachipato,1,0
2026-08-04,Liga de Primera 2026,145,Santiago Silva,Huachipato,1,0
2026-08-04,Liga de Primera 2026,146,Kevin Altez,Huachipato,1,0
2026-08-04,Liga de Primera 2026,147,Diego Céspedes,Ñublense,1,0
2026-08-04,Liga de Primera 2026,148,Giovanny Ávalos,Ñublense,1,0
2026-08-04,Liga de Primera 2026,149,Lorenzo Reyes,Ñublense,1,0
2026-08-04,Liga de Primera 2026,150,Sebastián Valencia,Ñublense,1,0
2026-08-04,Liga de Primera 2026,151,Miguel Brizuela,O'Higgins,1,0
2026-08-04,Liga de Primera 2026,152,Bastián Yáñez,O'Higgins,1,0
2026-08-04,Liga de Primera 2026,153,Vicente Espinoza,Palestino,1,0
2026-08-04,Liga de Primera 2026,154,Bayron Oyarzo,Unión La Calera,1,0
2026-08-04,Liga de Primera 2026,155,Branco Ampuero,Universidad Católica,1,0
2026-08-04,Liga de Primera 2026,156,Juan Francisco Rossel,Universidad Católica,1,0
2026-08-04,Liga de Primera 2026,157,Eugenio Mena,Universidad Católica,1,0
2026-08-04,Liga de Primera 2026,158,Matías Zaldivia,Universidad de Chile,1,0
2026-08-04,Liga de Primera 2026,159,Bianneider Tamayo,Universidad de Chile,1,0
2026-08-04,Liga de Primera 2026,160,Daniel Barrea,Universidad de Concepción,1,0
2026-08-04,Liga de Primera 2026,161,Cristhofer Mesías,Universidad de Concepción,1,0
2026-08-04,Liga de Primera 2026,162,Osvaldo González,Universidad de Concepción,1,0
2026-08-05,Liga de Primera 2026,1,Fernando Zampedri,Universidad Católica,17,2
2026-08-05,Liga de Primera 2026,2,Daniel Castro,Deportes Limache,9,5
2026-08-05,Liga de Primera 2026,3,Justo Giani,Universidad Católica,8,3
2026-08-05,Liga de Primera 2026,4,Javier Correa,Colo-Colo,8,2
2026-08-05,Liga de Primera 2026,5,Sebastián Sáez,Unión La Calera,8,1
2026-08-05,Liga de Primera 2026,6,Nelson Da Silva,Palestino,7,2
2026-08-05,Liga de Primera 2026,7,Lionel Altamirano,Huachipato,7,1
2026-08-05,Liga de Primera 2026,8,Steffan Pino,Cobresal,7,0
2026-08-05,Liga de Primera 2026,9,Eduardo Vargas,Universidad de Chile,6,2
2026-08-05,Liga de Primera 2026,10,Jean Meneses,Deportes Limache,5,8
2026-08-05,Liga de Primera 2026,11,Jeisson Vargas,Deportes La Serena,5,6
2026-08-05,Liga de Primera 2026,12,Francisco González,O'Higgins,5,4
2026-08-05,Liga de Primera 2026,13,Joaquín Larrivey,Deportes Concepción,5,2
2026-08-05,Liga de Primera 2026,14,Maximiliano Romero,Colo-Colo,5,1
2026-08-05,Liga de Primera 2026,15,Nicolás Johansen,Coquimbo Unido,5,0
2026-08-05,Liga de Primera 2026,16,Kevin Méndez,Unión La Calera,4,6
2026-08-05,Liga de Primera 2026,17,Julián Brea,Cobresal,4,1
2026-08-05,Liga de Primera 2026,18,Thiago Vecino,O'Higgins,4,1
2026-08-05,Liga de Primera 2026,19,Felipe Chamorro,Deportes La Serena,4,0
2026-08-05,Liga de Primera 2026,20,Gonzalo Sosa,Deportes Limache,4,0
2026-08-05,Liga de Primera 2026,21,Ignacio Jeraldino,Ñublense,4,0
2026-08-05,Liga de Primera 2026,22,Clemente Montes,Universidad Católica,3,4
2026-08-05,Liga de Primera 2026,23,Diego Rubio,Deportes La Serena,3,3
2026-08-05,Liga de Primera 2026,24,Giovani Chiaverano,Audax Italiano,3,2
2026-08-05,Liga de Primera 2026,25,Lautaro Pastrán,Colo-Colo,3,2
2026-08-05,Liga de Primera 2026,26,Alan Medina,Everton,3,1
2026-08-05,Liga de Primera 2026,27,Lucas Soto,Everton,3,1
2026-08-05,Liga de Primera 2026,28,Cris Martínez,Huachipato,3,1
2026-08-05,Liga de Primera 2026,29,Cecilio Waterman,Universidad de Concepción,3,1
2026-08-05,Liga de Primera 2026,30,Franco Troyansky,Audax Italiano,3,0
2026-08-05,Liga de Primera 2026,31,Diego Coelho,Audax Italiano,3,0
2026-08-05,Liga de Primera 2026,32,Álvaro Madrid,Colo-Colo,3,0
2026-08-05,Liga de Primera 2026,33,Alejandro Camargo,Coquimbo Unido,3,0
2026-08-05,Liga de Primera 2026,34,Vicente Álvarez,Deportes Limache,3,0
2026-08-05,Liga de Primera 2026,35,Cristian Palacios,Everton,3,0
2026-08-05,Liga de Primera 2026,36,Nicolás Montiel,Everton,3,0
2026-08-05,Liga de Primera 2026,37,Maximiliano Gutiérrez,Huachipato,3,0
2026-08-05,Liga de Primera 2026,38,Franco Rami,Ñublense,3,0
2026-08-05,Liga de Primera 2026,39,Arnaldo Castillo,O'Higgins,3,0
2026-08-05,Liga de Primera 2026,40,Matías Palavecino,Universidad Católica,2,5
2026-08-05,Liga de Primera 2026,41,Claudio Aquino,Colo-Colo,2,3
2026-08-05,Liga de Primera 2026,42,Leandro Hernández,Colo-Colo,2,3
2026-08-05,Liga de Primera 2026,43,Maximiliano Rodríguez,Huachipato,2,3
2026-08-05,Liga de Primera 2026,44,Cristián Zavala,Coquimbo Unido,2,2
2026-08-05,Liga de Primera 2026,45,Mario Briceño,Huachipato,2,2
2026-08-05,Liga de Primera 2026,46,Gabriel Graciani,Ñublense,2,2
2026-08-05,Liga de Primera 2026,47,César Munder,Palestino,2,2
2026-08-05,Liga de Primera 2026,48,Maximiliano Guerrero,Universidad de Chile,2,2
2026-08-05,Liga de Primera 2026,49,Federico Mateos,Audax Italiano,2,1
2026-08-05,Liga de Primera 2026,50,Víctor Méndez,Colo-Colo,2,1
2026-08-05,Liga de Primera 2026,51,Jeyson Rojas,Colo-Colo,2,1
2026-08-05,Liga de Primera 2026,52,Alejandro Azócar,Coquimbo Unido,2,1
2026-08-05,Liga de Primera 2026,53,Gonzalo Figueroa,Deportes La Serena,2,1
2026-08-05,Liga de Primera 2026,54,Yerko González,Deportes Limache,2,1
2026-08-05,Liga de Primera 2026,55,Martín Sarrafiore,O'Higgins,2,1
2026-08-05,Liga de Primera 2026,56,Bryan Carrasco,Palestino,2,1
2026-08-05,Liga de Primera 2026,57,Agustín Arce,Universidad de Chile,2,1
2026-08-05,Liga de Primera 2026,58,Agustín Nadruz,Cobresal,2,0
2026-08-05,Liga de Primera 2026,59,Franco Frías,Cobresal,2,0
2026-08-05,Liga de Primera 2026,60,Jorge Henríquez,Deportes Concepción,2,0
2026-08-05,Liga de Primera 2026,61,Ignacio Mesías,Deportes Concepción,2,0
2026-08-05,Liga de Primera 2026,62,Mario Sandoval,Deportes Concepción,2,0
2026-08-05,Liga de Primera 2026,63,Nicolás Stefanelli,Deportes La Serena,2,0
2026-08-05,Liga de Primera 2026,64,Gonzalo Escalante,Deportes La Serena,2,0
2026-08-05,Liga de Primera 2026,65,Matías Marín,Deportes La Serena,2,0
2026-08-05,Liga de Primera 2026,66,Diego Sanhueza,Ñublense,2,0
2026-08-05,Liga de Primera 2026,67,Lucas Molina,Ñublense,2,0
2026-08-05,Liga de Primera 2026,68,Francisco Montes,Palestino,2,0
2026-08-05,Liga de Primera 2026,69,Gonzalo Tapia,Palestino,2,0
2026-08-05,Liga de Primera 2026,70,Matías Campos López,Unión La Calera,2,0
2026-08-05,Liga de Primera 2026,71,Rodrigo Cáseres,Unión La Calera,2,0
2026-08-05,Liga de Primera 2026,72,Francisco Pozzo,Unión La Calera,2,0
2026-08-05,Liga de Primera 2026,73,Javier Altamirano,Universidad de Chile,2,0
2026-08-05,Liga de Primera 2026,74,Nicolás Ramírez,Universidad de Chile,2,0
2026-08-05,Liga de Primera 2026,75,Luis Rojas,Universidad de Concepción,2,0
2026-08-05,Liga de Primera 2026,76,Jeison Fuentealba,Universidad de Concepción,2,0
2026-08-05,Liga de Primera 2026,77,Bryan Carvallo,Cobresal,1,5
2026-08-05,Liga de Primera 2026,78,Cristián Cuevas,Universidad Católica,1,5
2026-08-05,Liga de Primera 2026,79,Esteban Matus,Audax Italiano,1,4
2026-08-05,Liga de Primera 2026,80,Luis Riveros,Coquimbo Unido,1,3
2026-08-05,Liga de Primera 2026,81,Matías Plaza,Ñublense,1,3
2026-08-05,Liga de Primera 2026,82,Julián Fernández,Palestino,1,3
2026-08-05,Liga de Primera 2026,83,Guillermo Pacheco,Cobresal,1,2
2026-08-05,Liga de Primera 2026,84,Marcos Arturia,Deportes Limache,1,2
2026-08-05,Liga de Primera 2026,85,Braian Martínez,Everton,1,2
2026-08-05,Liga de Primera 2026,86,Maicol León,Huachipato,1,2
2026-08-05,Liga de Primera 2026,87,Guillermo Guaiquil,Huachipato,1,2
2026-08-05,Liga de Primera 2026,88,Bryan Rabello,O'Higgins,1,2
2026-08-05,Liga de Primera 2026,89,Ian Garguez,Palestino,1,2
2026-08-05,Liga de Primera 2026,90,Jimmy Martínez,Universidad Católica,1,2
2026-08-05,Liga de Primera 2026,91,Diego Corral,Universidad Católica,1,2
2026-08-05,Liga de Primera 2026,92,Fabián Hormazábal,Universidad de Chile,1,2
2026-08-05,Liga de Primera 2026,93,Agustín Urzi,Universidad de Concepción,1,2
2026-08-05,Liga de Primera 2026,94,Benjamín Valenzuela,Cobresal,1,1
2026-08-05,Liga de Primera 2026,95,Yastin Cuevas,Colo-Colo,1,1
2026-08-05,Liga de Primera 2026,96,Arturo Vidal,Colo-Colo,1,1
2026-08-05,Liga de Primera 2026,97,Martín Mundaca,Coquimbo Unido,1,1
2026-08-05,Liga de Primera 2026,98,Leonardo Valencia,Deportes Concepción,1,1
2026-08-05,Liga de Primera 2026,99,Bruno Gutiérrez,Deportes La Serena,1,1
2026-08-05,Liga de Primera 2026,100,Ángelo Henríquez,Deportes La Serena,1,1
2026-08-05,Liga de Primera 2026,101,Lucas Alarcón,Deportes La Serena,1,1
2026-08-05,Liga de Primera 2026,102,Joaquín Montecinos,Deportes Limache,1,1
2026-08-05,Liga de Primera 2026,103,Flavio Moya,Deportes Limache,1,1
2026-08-05,Liga de Primera 2026,104,Nicolás Baeza,Everton,1,1
2026-08-05,Liga de Primera 2026,105,Julián Alfaro,Everton,1,1
2026-08-05,Liga de Primera 2026,106,Nicolás Vargas,Huachipato,1,1
2026-08-05,Liga de Primera 2026,107,Claudio Sepúlveda,Huachipato,1,1
2026-08-05,Liga de Primera 2026,108,Ignacio Tapia,Ñublense,1,1
2026-08-05,Liga de Primera 2026,109,Felipe Ogaz,O'Higgins,1,1
2026-08-05,Liga de Primera 2026,110,Martín Maturana,O'Higgins,1,1
2026-08-05,Liga de Primera 2026,111,Sebastián Gallegos,Palestino,1,1
2026-08-05,Liga de Primera 2026,112,Dilan Zúñiga,Palestino,1,1
2026-08-05,Liga de Primera 2026,113,Martín Araya,Palestino,1,1
2026-08-05,Liga de Primera 2026,114,Ronnie Fernández,Palestino,1,1
2026-08-05,Liga de Primera 2026,115,Jason León,Palestino,1,1
2026-08-05,Liga de Primera 2026,116,Juan Ignacio Díaz,Universidad Católica,1,1
2026-08-05,Liga de Primera 2026,117,Juan Martín Lucero,Universidad de Chile,1,1
2026-08-05,Liga de Primera 2026,118,Ignacio Vásquez,Universidad de Chile,1,1
2026-08-05,Liga de Primera 2026,119,Antonio Díaz,Universidad de Concepción,1,1
2026-08-05,Liga de Primera 2026,120,Michael Vadulli,Audax Italiano,1,0
2026-08-05,Liga de Primera 2026,121,Rodrigo Cabral,Audax Italiano,1,0
2026-08-05,Liga de Primera 2026,122,Enzo Ferrario,Audax Italiano,1,0
2026-08-05,Liga de Primera 2026,123,Marco Collao,Audax Italiano,1,0
2026-08-05,Liga de Primera 2026,124,Vicente Zenteno,Audax Italiano,1,0
2026-08-05,Liga de Primera 2026,125,José Tiznado,Cobresal,1,0
2026-08-05,Liga de Primera 2026,126,Joaquín Sosa,Colo-Colo,1,0
2026-08-05,Liga de Primera 2026,127,Felipe Raipán,Colo-Colo,1,0
2026-08-05,Liga de Primera 2026,128,Guido Vadalá,Coquimbo Unido,1,0
2026-08-05,Liga de Primera 2026,129,Sebastián Galani,Coquimbo Unido,1,0
2026-08-05,Liga de Primera 2026,130,Lucas Pratto,Coquimbo Unido,1,0
2026-08-05,Liga de Primera 2026,131,Manuel Fernández,Coquimbo Unido,1,0
2026-08-05,Liga de Primera 2026,132,Pablo Rodríguez,Coquimbo Unido,1,0
2026-08-05,Liga de Primera 2026,133,Fausto Grillo,Deportes Concepción,1,0
2026-08-05,Liga de Primera 2026,134,Ariel Cáceres,Deportes Concepción,1,0
2026-08-05,Liga de Primera 2026,135,Aldrix Jara,Deportes Concepción,1,0
2026-08-05,Liga de Primera 2026,136,Ethan Espinoza,Deportes Concepción,1,0
2026-08-05,Liga de Primera 2026,137,Sebastián Díaz,Deportes La Serena,1,0
2026-08-05,Liga de Primera 2026,138,César Pinares,Deportes Limache,1,0
2026-08-05,Liga de Primera 2026,139,Misael Llantén,Deportes Limache,1,0
2026-08-05,Liga de Primera 2026,140,César Fuentes,Deportes Limache,1,0
2026-08-05,Liga de Primera 2026,141,Ramón Martínez,Deportes Limache,1,0
2026-08-05,Liga de Primera 2026,142,Santiago Londoño,Everton,1,0
2026-08-05,Liga de Primera 2026,143,Rafael Caroca,Huachipato,1,0
2026-08-05,Liga de Primera 2026,144,Renzo Malanca,Huachipato,1,0
2026-08-05,Liga de Primera 2026,145,Santiago Silva,Huachipato,1,0
2026-08-05,Liga de Primera 2026,146,Kevin Altez,Huachipato,1,0
2026-08-05,Liga de Primera 2026,147,Diego Céspedes,Ñublense,1,0
2026-08-05,Liga de Primera 2026,148,Giovanny Ávalos,Ñublense,1,0
2026-08-05,Liga de Primera 2026,149,Lorenzo Reyes,Ñublense,1,0
2026-08-05,Liga de Primera 2026,150,Sebastián Valencia,Ñublense,1,0
2026-08-05,Liga de Primera 2026,151,Miguel Brizuela,O'Higgins,1,0
2026-08-05,Liga de Primera 2026,152,Bastián Yáñez,O'Higgins,1,0
2026-08-05,Liga de Primera 2026,153,Vicente Espinoza,Palestino,1,0
2026-08-05,Liga de Primera 2026,154,Bayron Oyarzo,Unión La Calera,1,0
2026-08-05,Liga de Primera 2026,155,Branco Ampuero,Universidad Católica,1,0
2026-08-05,Liga de Primera 2026,156,Juan Francisco Rossel,Universidad Católica,1,0
2026-08-05,Liga de Primera 2026,157,Eugenio Mena,Universidad Católica,1,0
2026-08-05,Liga de Primera 2026,158,Matías Zaldivia,Universidad de Chile,1,0
2026-08-05,Liga de Primera 2026,159,Bianneider Tamayo,Universidad de Chile,1,0
2026-08-05,Liga de Primera 2026,160,Daniel Barrea,Universidad de Concepción,1,0
2026-08-05,Liga de Primera 2026,161,Cristhofer Mesías,Universidad de Concepción,1,0
2026-08-05,Liga de Primera 2026,162,Osvaldo González,Universidad de Concepción,1,0
2026-08-06,Liga de Primera 2026,1,Fernando Zampedri,Universidad Católica,17,2
2026-08-06,Liga de Primera 2026,2,Daniel Castro,Deportes Limache,9,5
2026-08-06,Liga de Primera 2026,3,Justo Giani,Universidad Católica,8,3
2026-08-06,Liga de Primera 2026,4,Javier Correa,Colo-Colo,8,2
2026-08-06,Liga de Primera 2026,5,Sebastián Sáez,Unión La Calera,8,1
2026-08-06,Liga de Primera 2026,6,Nelson Da Silva,Palestino,7,2
2026-08-06,Liga de Primera 2026,7,Lionel Altamirano,Huachipato,7,1
2026-08-06,Liga de Primera 2026,8,Steffan Pino,Cobresal,7,0
2026-08-06,Liga de Primera 2026,9,Eduardo Vargas,Universidad de Chile,6,2
2026-08-06,Liga de Primera 2026,10,Jean Meneses,Deportes Limache,5,8
2026-08-06,Liga de Primera 2026,11,Jeisson Vargas,Deportes La Serena,5,6
2026-08-06,Liga de Primera 2026,12,Francisco González,O'Higgins,5,4
2026-08-06,Liga de Primera 2026,13,Joaquín Larrivey,Deportes Concepción,5,2
2026-08-06,Liga de Primera 2026,14,Maximiliano Romero,Colo-Colo,5,1
2026-08-06,Liga de Primera 2026,15,Nicolás Johansen,Coquimbo Unido,5,0
2026-08-06,Liga de Primera 2026,16,Kevin Méndez,Unión La Calera,4,6
2026-08-06,Liga de Primera 2026,17,Julián Brea,Cobresal,4,1
2026-08-06,Liga de Primera 2026,18,Thiago Vecino,O'Higgins,4,1
2026-08-06,Liga de Primera 2026,19,Felipe Chamorro,Deportes La Serena,4,0
2026-08-06,Liga de Primera 2026,20,Gonzalo Sosa,Deportes Limache,4,0
2026-08-06,Liga de Primera 2026,21,Ignacio Jeraldino,Ñublense,4,0
2026-08-06,Liga de Primera 2026,22,Clemente Montes,Universidad Católica,3,4
2026-08-06,Liga de Primera 2026,23,Diego Rubio,Deportes La Serena,3,3
2026-08-06,Liga de Primera 2026,24,Giovani Chiaverano,Audax Italiano,3,2
2026-08-06,Liga de Primera 2026,25,Lautaro Pastrán,Colo-Colo,3,2
2026-08-06,Liga de Primera 2026,26,Alan Medina,Everton,3,1
2026-08-06,Liga de Primera 2026,27,Lucas Soto,Everton,3,1
2026-08-06,Liga de Primera 2026,28,Cris Martínez,Huachipato,3,1
2026-08-06,Liga de Primera 2026,29,Cecilio Waterman,Universidad de Concepción,3,1
2026-08-06,Liga de Primera 2026,30,Franco Troyansky,Audax Italiano,3,0
2026-08-06,Liga de Primera 2026,31,Diego Coelho,Audax Italiano,3,0
2026-08-06,Liga de Primera 2026,32,Álvaro Madrid,Colo-Colo,3,0
2026-08-06,Liga de Primera 2026,33,Alejandro Camargo,Coquimbo Unido,3,0
2026-08-06,Liga de Primera 2026,34,Vicente Álvarez,Deportes Limache,3,0
2026-08-06,Liga de Primera 2026,35,Cristian Palacios,Everton,3,0
2026-08-06,Liga de Primera 2026,36,Nicolás Montiel,Everton,3,0
2026-08-06,Liga de Primera 2026,37,Maximiliano Gutiérrez,Huachipato,3,0
2026-08-06,Liga de Primera 2026,38,Franco Rami,Ñublense,3,0
2026-08-06,Liga de Primera 2026,39,Arnaldo Castillo,O'Higgins,3,0
2026-08-06,Liga de Primera 2026,40,Matías Palavecino,Universidad Católica,2,5
2026-08-06,Liga de Primera 2026,41,Claudio Aquino,Colo-Colo,2,3
2026-08-06,Liga de Primera 2026,42,Leandro Hernández,Colo-Colo,2,3
2026-08-06,Liga de Primera 2026,43,Maximiliano Rodríguez,Huachipato,2,3
2026-08-06,Liga de Primera 2026,44,Cristián Zavala,Coquimbo Unido,2,2
2026-08-06,Liga de Primera 2026,45,Mario Briceño,Huachipato,2,2
2026-08-06,Liga de Primera 2026,46,Gabriel Graciani,Ñublense,2,2
2026-08-06,Liga de Primera 2026,47,César Munder,Palestino,2,2
2026-08-06,Liga de Primera 2026,48,Maximiliano Guerrero,Universidad de Chile,2,2
2026-08-06,Liga de Primera 2026,49,Federico Mateos,Audax Italiano,2,1
2026-08-06,Liga de Primera 2026,50,Víctor Méndez,Colo-Colo,2,1
2026-08-06,Liga de Primera 2026,51,Jeyson Rojas,Colo-Colo,2,1
2026-08-06,Liga de Primera 2026,52,Alejandro Azócar,Coquimbo Unido,2,1
2026-08-06,Liga de Primera 2026,53,Gonzalo Figueroa,Deportes La Serena,2,1
2026-08-06,Liga de Primera 2026,54,Yerko González,Deportes Limache,2,1
2026-08-06,Liga de Primera 2026,55,Martín Sarrafiore,O'Higgins,2,1
2026-08-06,Liga de Primera 2026,56,Bryan Carrasco,Palestino,2,1
2026-08-06,Liga de Primera 2026,57,Agustín Arce,Universidad de Chile,2,1
2026-08-06,Liga de Primera 2026,58,Agustín Nadruz,Cobresal,2,0
2026-08-06,Liga de Primera 2026,59,Franco Frías,Cobresal,2,0
2026-08-06,Liga de Primera 2026,60,Jorge Henríquez,Deportes Concepción,2,0
2026-08-06,Liga de Primera 2026,61,Ignacio Mesías,Deportes Concepción,2,0
2026-08-06,Liga de Primera 2026,62,Mario Sandoval,Deportes Concepción,2,0
2026-08-06,Liga de Primera 2026,63,Nicolás Stefanelli,Deportes La Serena,2,0
2026-08-06,Liga de Primera 2026,64,Gonzalo Escalante,Deportes La Serena,2,0
2026-08-06,Liga de Primera 2026,65,Matías Marín,Deportes La Serena,2,0
2026-08-06,Liga de Primera 2026,66,Diego Sanhueza,Ñublense,2,0
2026-08-06,Liga de Primera 2026,67,Lucas Molina,Ñublense,2,0
2026-08-06,Liga de Primera 2026,68,Francisco Montes,Palestino,2,0
2026-08-06,Liga de Primera 2026,69,Gonzalo Tapia,Palestino,2,0
2026-08-06,Liga de Primera 2026,70,Matías Campos López,Unión La Calera,2,0
2026-08-06,Liga de Primera 2026,71,Rodrigo Cáseres,Unión La Calera,2,0
2026-08-06,Liga de Primera 2026,72,Francisco Pozzo,Unión La Calera,2,0
2026-08-06,Liga de Primera 2026,73,Javier Altamirano,Universidad de Chile,2,0
2026-08-06,Liga de Primera 2026,74,Nicolás Ramírez,Universidad de Chile,2,0
2026-08-06,Liga de Primera 2026,75,Luis Rojas,Universidad de Concepción,2,0
2026-08-06,Liga de Primera 2026,76,Jeison Fuentealba,Universidad de Concepción,2,0
2026-08-06,Liga de Primera 2026,77,Bryan Carvallo,Cobresal,1,5
2026-08-06,Liga de Primera 2026,78,Cristián Cuevas,Universidad Católica,1,5
2026-08-06,Liga de Primera 2026,79,Esteban Matus,Audax Italiano,1,4
2026-08-06,Liga de Primera 2026,80,Luis Riveros,Coquimbo Unido,1,3
2026-08-06,Liga de Primera 2026,81,Matías Plaza,Ñublense,1,3
2026-08-06,Liga de Primera 2026,82,Julián Fernández,Palestino,1,3
2026-08-06,Liga de Primera 2026,83,Guillermo Pacheco,Cobresal,1,2
2026-08-06,Liga de Primera 2026,84,Marcos Arturia,Deportes Limache,1,2
2026-08-06,Liga de Primera 2026,85,Braian Martínez,Everton,1,2
2026-08-06,Liga de Primera 2026,86,Maicol León,Huachipato,1,2
2026-08-06,Liga de Primera 2026,87,Guillermo Guaiquil,Huachipato,1,2
2026-08-06,Liga de Primera 2026,88,Bryan Rabello,O'Higgins,1,2
2026-08-06,Liga de Primera 2026,89,Ian Garguez,Palestino,1,2
2026-08-06,Liga de Primera 2026,90,Jimmy Martínez,Universidad Católica,1,2
2026-08-06,Liga de Primera 2026,91,Diego Corral,Universidad Católica,1,2
2026-08-06,Liga de Primera 2026,92,Fabián Hormazábal,Universidad de Chile,1,2
2026-08-06,Liga de Primera 2026,93,Agustín Urzi,Universidad de Concepción,1,2
2026-08-06,Liga de Primera 2026,94,Benjamín Valenzuela,Cobresal,1,1
2026-08-06,Liga de Primera 2026,95,Yastin Cuevas,Colo-Colo,1,1
2026-08-06,Liga de Primera 2026,96,Arturo Vidal,Colo-Colo,1,1
2026-08-06,Liga de Primera 2026,97,Martín Mundaca,Coquimbo Unido,1,1
2026-08-06,Liga de Primera 2026,98,Leonardo Valencia,Deportes Concepción,1,1
2026-08-06,Liga de Primera 2026,99,Bruno Gutiérrez,Deportes La Serena,1,1
2026-08-06,Liga de Primera 2026,100,Ángelo Henríquez,Deportes La Serena,1,1
2026-08-06,Liga de Primera 2026,101,Lucas Alarcón,Deportes La Serena,1,1
2026-08-06,Liga de Primera 2026,102,Joaquín Montecinos,Deportes Limache,1,1
2026-08-06,Liga de Primera 2026,103,Flavio Moya,Deportes Limache,1,1
2026-08-06,Liga de Primera 2026,104,Nicolás Baeza,Everton,1,1
2026-08-06,Liga de Primera 2026,105,Julián Alfaro,Everton,1,1
2026-08-06,Liga de Primera 2026,106,Nicolás Vargas,Huachipato,1,1
2026-08-06,Liga de Primera 2026,107,Claudio Sepúlveda,Huachipato,1,1
2026-08-06,Liga de Primera 2026,108,Ignacio Tapia,Ñublense,1,1
2026-08-06,Liga de Primera 2026,109,Felipe Ogaz,O'Higgins,1,1
2026-08-06,Liga de Primera 2026,110,Martín Maturana,O'Higgins,1,1
2026-08-06,Liga de Primera 2026,111,Sebastián Gallegos,Palestino,1,1
2026-08-06,Liga de Primera 2026,112,Dilan Zúñiga,Palestino,1,1
2026-08-06,Liga de Primera 2026,113,Martín Araya,Palestino,1,1
2026-08-06,Liga de Primera 2026,114,Ronnie Fernández,Palestino,1,1
2026-08-06,Liga de Primera 2026,115,Jason León,Palestino,1,1
2026-08-06,Liga de Primera 2026,116,Juan Ignacio Díaz,Universidad Católica,1,1
2026-08-06,Liga de Primera 2026,117,Juan Martín Lucero,Universidad de Chile,1,1
2026-08-06,Liga de Primera 2026,118,Ignacio Vásquez,Universidad de Chile,1,1
2026-08-06,Liga de Primera 2026,119,Antonio Díaz,Universidad de Concepción,1,1
2026-08-06,Liga de Primera 2026,120,Michael Vadulli,Audax Italiano,1,0
2026-08-06,Liga de Primera 2026,121,Rodrigo Cabral,Audax Italiano,1,0
2026-08-06,Liga de Primera 2026,122,Enzo Ferrario,Audax Italiano,1,0
2026-08-06,Liga de Primera 2026,123,Marco Collao,Audax Italiano,1,0
2026-08-06,Liga de Primera 2026,124,Vicente Zenteno,Audax Italiano,1,0
2026-08-06,Liga de Primera 2026,125,José Tiznado,Cobresal,1,0
2026-08-06,Liga de Primera 2026,126,Joaquín Sosa,Colo-Colo,1,0
2026-08-06,Liga de Primera 2026,127,Felipe Raipán,Colo-Colo,1,0
2026-08-06,Liga de Primera 2026,128,Guido Vadalá,Coquimbo Unido,1,0
2026-08-06,Liga de Primera 2026,129,Sebastián Galani,Coquimbo Unido,1,0
2026-08-06,Liga de Primera 2026,130,Lucas Pratto,Coquimbo Unido,1,0
2026-08-06,Liga de Primera 2026,131,Manuel Fernández,Coquimbo Unido,1,0
2026-08-06,Liga de Primera 2026,132,Pablo Rodríguez,Coquimbo Unido,1,0
2026-08-06,Liga de Primera 2026,133,Fausto Grillo,Deportes Concepción,1,0
2026-08-06,Liga de Primera 2026,134,Ariel Cáceres,Deportes Concepción,1,0
2026-08-06,Liga de Primera 2026,135,Aldrix Jara,Deportes Concepción,1,0
2026-08-06,Liga de Primera 2026,136,Ethan Espinoza,Deportes Concepción,1,0
2026-08-06,Liga de Primera 2026,137,Sebastián Díaz,Deportes La Serena,1,0
2026-08-06,Liga de Primera 2026,138,César Pinares,Deportes Limache,1,0
2026-08-06,Liga de Primera 2026,139,Misael Llantén,Deportes Limache,1,0
2026-08-06,Liga de Primera 2026,140,César Fuentes,Deportes Limache,1,0
2026-08-06,Liga de Primera 2026,141,Ramón Martínez,Deportes Limache,1,0
2026-08-06,Liga de Primera 2026,142,Santiago Londoño,Everton,1,0
2026-08-06,Liga de Primera 2026,143,Rafael Caroca,Huachipato,1,0
2026-08-06,Liga de Primera 2026,144,Renzo Malanca,Huachipato,1,0
2026-08-06,Liga de Primera 2026,145,Santiago Silva,Huachipato,1,0
2026-08-06,Liga de Primera 2026,146,Kevin Altez,Huachipato,1,0
2026-08-06,Liga de Primera 2026,147,Diego Céspedes,Ñublense,1,0
2026-08-06,Liga de Primera 2026,148,Giovanny Ávalos,Ñublense,1,0
2026-08-06,Liga de Primera 2026,149,Lorenzo Reyes,Ñublense,1,0
2026-08-06,Liga de Primera 2026,150,Sebastián Valencia,Ñublense,1,0
2026-08-06,Liga de Primera 2026,151,Miguel Brizuela,O'Higgins,1,0
2026-08-06,Liga de Primera 2026,152,Bastián Yáñez,O'Higgins,1,0
2026-08-06,Liga de Primera 2026,153,Vicente Espinoza,Palestino,1,0
2026-08-06,Liga de Primera 2026,154,Bayron Oyarzo,Unión La Calera,1,0
2026-08-06,Liga de Primera 2026,155,Branco Ampuero,Universidad Católica,1,0
2026-08-06,Liga de Primera 2026,156,Juan Francisco Rossel,Universidad Católica,1,0
2026-08-06,Liga de Primera 2026,157,Eugenio Mena,Universidad Católica,1,0
2026-08-06,Liga de Primera 2026,158,Matías Zaldivia,Universidad de Chile,1,0
2026-08-06,Liga de Primera 2026,159,Bianneider Tamayo,Universidad de Chile,1,0
2026-08-06,Liga de Primera 2026,160,Daniel Barrea,Universidad de Concepción,1,0
2026-08-06,Liga de Primera 2026,161,Cristhofer Mesías,Universidad de Concepción,1,0
2026-08-06,Liga de Primera 2026,162,Osvaldo González,Universidad de Concepción,1,0
2026-08-07,Liga de Primera 2026,1,Fernando Zampedri,Universidad Católica,17,2
2026-08-07,Liga de Primera 2026,2,Daniel Castro,Deportes Limache,9,5
2026-08-07,Liga de Primera 2026,3,Justo Giani,Universidad Católica,8,3
2026-08-07,Liga de Primera 2026,4,Javier Correa,Colo-Colo,8,2
2026-08-07,Liga de Primera 2026,5,Sebastián Sáez,Unión La Calera,8,1
2026-08-07,Liga de Primera 2026,6,Nelson Da Silva,Palestino,7,2
2026-08-07,Liga de Primera 2026,7,Lionel Altamirano,Huachipato,7,1
2026-08-07,Liga de Primera 2026,8,Steffan Pino,Cobresal,7,0
2026-08-07,Liga de Primera 2026,9,Eduardo Vargas,Universidad de Chile,6,2
2026-08-07,Liga de Primera 2026,10,Jean Meneses,Deportes Limache,5,8
2026-08-07,Liga de Primera 2026,11,Jeisson Vargas,Deportes La Serena,5,6
2026-08-07,Liga de Primera 2026,12,Francisco González,O'Higgins,5,4
2026-08-07,Liga de Primera 2026,13,Joaquín Larrivey,Deportes Concepción,5,2
2026-08-07,Liga de Primera 2026,14,Maximiliano Romero,Colo-Colo,5,1
2026-08-07,Liga de Primera 2026,15,Nicolás Johansen,Coquimbo Unido,5,0
2026-08-07,Liga de Primera 2026,16,Kevin Méndez,Unión La Calera,4,6
2026-08-07,Liga de Primera 2026,17,Julián Brea,Cobresal,4,1
2026-08-07,Liga de Primera 2026,18,Thiago Vecino,O'Higgins,4,1
2026-08-07,Liga de Primera 2026,19,Felipe Chamorro,Deportes La Serena,4,0
2026-08-07,Liga de Primera 2026,20,Gonzalo Sosa,Deportes Limache,4,0
2026-08-07,Liga de Primera 2026,21,Ignacio Jeraldino,Ñublense,4,0
2026-08-07,Liga de Primera 2026,22,Clemente Montes,Universidad Católica,3,4
2026-08-07,Liga de Primera 2026,23,Diego Rubio,Deportes La Serena,3,3
2026-08-07,Liga de Primera 2026,24,Giovani Chiaverano,Audax Italiano,3,2
2026-08-07,Liga de Primera 2026,25,Lautaro Pastrán,Colo-Colo,3,2
2026-08-07,Liga de Primera 2026,26,Alan Medina,Everton,3,1
2026-08-07,Liga de Primera 2026,27,Lucas Soto,Everton,3,1
2026-08-07,Liga de Primera 2026,28,Cris Martínez,Huachipato,3,1
2026-08-07,Liga de Primera 2026,29,Cecilio Waterman,Universidad de Concepción,3,1
2026-08-07,Liga de Primera 2026,30,Franco Troyansky,Audax Italiano,3,0
2026-08-07,Liga de Primera 2026,31,Diego Coelho,Audax Italiano,3,0
2026-08-07,Liga de Primera 2026,32,Álvaro Madrid,Colo-Colo,3,0
2026-08-07,Liga de Primera 2026,33,Alejandro Camargo,Coquimbo Unido,3,0
2026-08-07,Liga de Primera 2026,34,Vicente Álvarez,Deportes Limache,3,0
2026-08-07,Liga de Primera 2026,35,Cristian Palacios,Everton,3,0
2026-08-07,Liga de Primera 2026,36,Nicolás Montiel,Everton,3,0
2026-08-07,Liga de Primera 2026,37,Maximiliano Gutiérrez,Huachipato,3,0
2026-08-07,Liga de Primera 2026,38,Franco Rami,Ñublense,3,0
2026-08-07,Liga de Primera 2026,39,Arnaldo Castillo,O'Higgins,3,0
2026-08-07,Liga de Primera 2026,40,Matías Palavecino,Universidad Católica,2,5
2026-08-07,Liga de Primera 2026,41,Claudio Aquino,Colo-Colo,2,3
2026-08-07,Liga de Primera 2026,42,Leandro Hernández,Colo-Colo,2,3
2026-08-07,Liga de Primera 2026,43,Maximiliano Rodríguez,Huachipato,2,3
2026-08-07,Liga de Primera 2026,44,Cristián Zavala,Coquimbo Unido,2,2
2026-08-07,Liga de Primera 2026,45,Mario Briceño,Huachipato,2,2
2026-08-07,Liga de Primera 2026,46,Gabriel Graciani,Ñublense,2,2
2026-08-07,Liga de Primera 2026,47,César Munder,Palestino,2,2
2026-08-07,Liga de Primera 2026,48,Maximiliano Guerrero,Universidad de Chile,2,2
2026-08-07,Liga de Primera 2026,49,Federico Mateos,Audax Italiano,2,1
2026-08-07,Liga de Primera 2026,50,Víctor Méndez,Colo-Colo,2,1
2026-08-07,Liga de Primera 2026,51,Jeyson Rojas,Colo-Colo,2,1
2026-08-07,Liga de Primera 2026,52,Alejandro Azócar,Coquimbo Unido,2,1
2026-08-07,Liga de Primera 2026,53,Gonzalo Figueroa,Deportes La Serena,2,1
2026-08-07,Liga de Primera 2026,54,Yerko González,Deportes Limache,2,1
2026-08-07,Liga de Primera 2026,55,Martín Sarrafiore,O'Higgins,2,1
2026-08-07,Liga de Primera 2026,56,Bryan Carrasco,Palestino,2,1
2026-08-07,Liga de Primera 2026,57,Agustín Arce,Universidad de Chile,2,1
2026-08-07,Liga de Primera 2026,58,Agustín Nadruz,Cobresal,2,0
2026-08-07,Liga de Primera 2026,59,Franco Frías,Cobresal,2,0
2026-08-07,Liga de Primera 2026,60,Jorge Henríquez,Deportes Concepción,2,0
2026-08-07,Liga de Primera 2026,61,Ignacio Mesías,Deportes Concepción,2,0
2026-08-07,Liga de Primera 2026,62,Mario Sandoval,Deportes Concepción,2,0
2026-08-07,Liga de Primera 2026,63,Nicolás Stefanelli,Deportes La Serena,2,0
2026-08-07,Liga de Primera 2026,64,Gonzalo Escalante,Deportes La Serena,2,0
2026-08-07,Liga de Primera 2026,65,Matías Marín,Deportes La Serena,2,0
2026-08-07,Liga de Primera 2026,66,Diego Sanhueza,Ñublense,2,0
2026-08-07,Liga de Primera 2026,67,Lucas Molina,Ñublense,2,0
2026-08-07,Liga de Primera 2026,68,Francisco Montes,Palestino,2,0
2026-08-07,Liga de Primera 2026,69,Gonzalo Tapia,Palestino,2,0
2026-08-07,Liga de Primera 2026,70,Matías Campos López,Unión La Calera,2,0
2026-08-07,Liga de Primera 2026,71,Rodrigo Cáseres,Unión La Calera,2,0
2026-08-07,Liga de Primera 2026,72,Francisco Pozzo,Unión La Calera,2,0
2026-08-07,Liga de Primera 2026,73,Javier Altamirano,Universidad de Chile,2,0
2026-08-07,Liga de Primera 2026,74,Nicolás Ramírez,Universidad de Chile,2,0
2026-08-07,Liga de Primera 2026,75,Luis Rojas,Universidad de Concepción,2,0
2026-08-07,Liga de Primera 2026,76,Jeison Fuentealba,Universidad de Concepción,2,0
2026-08-07,Liga de Primera 2026,77,Bryan Carvallo,Cobresal,1,5
2026-08-07,Liga de Primera 2026,78,Cristián Cuevas,Universidad Católica,1,5
2026-08-07,Liga de Primera 2026,79,Esteban Matus,Audax Italiano,1,4
2026-08-07,Liga de Primera 2026,80,Luis Riveros,Coquimbo Unido,1,3
2026-08-07,Liga de Primera 2026,81,Matías Plaza,Ñublense,1,3
2026-08-07,Liga de Primera 2026,82,Julián Fernández,Palestino,1,3
2026-08-07,Liga de Primera 2026,83,Guillermo Pacheco,Cobresal,1,2
2026-08-07,Liga de Primera 2026,84,Marcos Arturia,Deportes Limache,1,2
2026-08-07,Liga de Primera 2026,85,Braian Martínez,Everton,1,2
2026-08-07,Liga de Primera 2026,86,Maicol León,Huachipato,1,2
2026-08-07,Liga de Primera 2026,87,Guillermo Guaiquil,Huachipato,1,2
2026-08-07,Liga de Primera 2026,88,Bryan Rabello,O'Higgins,1,2
2026-08-07,Liga de Primera 2026,89,Ian Garguez,Palestino,1,2
2026-08-07,Liga de Primera 2026,90,Jimmy Martínez,Universidad Católica,1,2
2026-08-07,Liga de Primera 2026,91,Diego Corral,Universidad Católica,1,2
2026-08-07,Liga de Primera 2026,92,Fabián Hormazábal,Universidad de Chile,1,2
2026-08-07,Liga de Primera 2026,93,Agustín Urzi,Universidad de Concepción,1,2
2026-08-07,Liga de Primera 2026,94,Benjamín Valenzuela,Cobresal,1,1
2026-08-07,Liga de Primera 2026,95,Yastin Cuevas,Colo-Colo,1,1
2026-08-07,Liga de Primera 2026,96,Arturo Vidal,Colo-Colo,1,1
2026-08-07,Liga de Primera 2026,97,Martín Mundaca,Coquimbo Unido,1,1
2026-08-07,Liga de Primera 2026,98,Leonardo Valencia,Deportes Concepción,1,1
2026-08-07,Liga de Primera 2026,99,Bruno Gutiérrez,Deportes La Serena,1,1
2026-08-07,Liga de Primera 2026,100,Ángelo Henríquez,Deportes La Serena,1,1
2026-08-07,Liga de Primera 2026,101,Lucas Alarcón,Deportes La Serena,1,1
2026-08-07,Liga de Primera 2026,102,Joaquín Montecinos,Deportes Limache,1,1
2026-08-07,Liga de Primera 2026,103,Flavio Moya,Deportes Limache,1,1
2026-08-07,Liga de Primera 2026,104,Nicolás Baeza,Everton,1,1
2026-08-07,Liga de Primera 2026,105,Julián Alfaro,Everton,1,1
2026-08-07,Liga de Primera 2026,106,Nicolás Vargas,Huachipato,1,1
2026-08-07,Liga de Primera 2026,107,Claudio Sepúlveda,Huachipato,1,1
2026-08-07,Liga de Primera 2026,108,Ignacio Tapia,Ñublense,1,1
2026-08-07,Liga de Primera 2026,109,Felipe Ogaz,O'Higgins,1,1
2026-08-07,Liga de Primera 2026,110,Martín Maturana,O'Higgins,1,1
2026-08-07,Liga de Primera 2026,111,Sebastián Gallegos,Palestino,1,1
2026-08-07,Liga de Primera 2026,112,Dilan Zúñiga,Palestino,1,1
2026-08-07,Liga de Primera 2026,113,Martín Araya,Palestino,1,1
2026-08-07,Liga de Primera 2026,114,Ronnie Fernández,Palestino,1,1
2026-08-07,Liga de Primera 2026,115,Jason León,Palestino,1,1
2026-08-07,Liga de Primera 2026,116,Juan Ignacio Díaz,Universidad Católica,1,1
2026-08-07,Liga de Primera 2026,117,Juan Martín Lucero,Universidad de Chile,1,1
2026-08-07,Liga de Primera 2026,118,Ignacio Vásquez,Universidad de Chile,1,1
2026-08-07,Liga de Primera 2026,119,Antonio Díaz,Universidad de Concepción,1,1
2026-08-07,Liga de Primera 2026,120,Michael Vadulli,Audax Italiano,1,0
2026-08-07,Liga de Primera 2026,121,Rodrigo Cabral,Audax Italiano,1,0
2026-08-07,Liga de Primera 2026,122,Enzo Ferrario,Audax Italiano,1,0
2026-08-07,Liga de Primera 2026,123,Marco Collao,Audax Italiano,1,0
2026-08-07,Liga de Primera 2026,124,Vicente Zenteno,Audax Italiano,1,0
2026-08-07,Liga de Primera 2026,125,José Tiznado,Cobresal,1,0
2026-08-07,Liga de Primera 2026,126,Joaquín Sosa,Colo-Colo,1,0
2026-08-07,Liga de Primera 2026,127,Felipe Raipán,Colo-Colo,1,0
2026-08-07,Liga de Primera 2026,128,Guido Vadalá,Coquimbo Unido,1,0
2026-08-07,Liga de Primera 2026,129,Sebastián Galani,Coquimbo Unido,1,0
2026-08-07,Liga de Primera 2026,130,Lucas Pratto,Coquimbo Unido,1,0
2026-08-07,Liga de Primera 2026,131,Manuel Fernández,Coquimbo Unido,1,0
2026-08-07,Liga de Primera 2026,132,Pablo Rodríguez,Coquimbo Unido,1,0
2026-08-07,Liga de Primera 2026,133,Fausto Grillo,Deportes Concepción,1,0
2026-08-07,Liga de Primera 2026,134,Ariel Cáceres,Deportes Concepción,1,0
2026-08-07,Liga de Primera 2026,135,Aldrix Jara,Deportes Concepción,1,0
2026-08-07,Liga de Primera 2026,136,Ethan Espinoza,Deportes Concepción,1,0
2026-08-07,Liga de Primera 2026,137,Sebastián Díaz,Deportes La Serena,1,0
2026-08-07,Liga de Primera 2026,138,César Pinares,Deportes Limache,1,0
2026-08-07,Liga de Primera 2026,139,Misael Llantén,Deportes Limache,1,0
2026-08-07,Liga de Primera 2026,140,César Fuentes,Deportes Limache,1,0
2026-08-07,Liga de Primera 2026,141,Ramón Martínez,Deportes Limache,1,0
2026-08-07,Liga de Primera 2026,142,Santiago Londoño,Everton,1,0
2026-08-07,Liga de Primera 2026,143,Rafael Caroca,Huachipato,1,0
2026-08-07,Liga de Primera 2026,144,Renzo Malanca,Huachipato,1,0
2026-08-07,Liga de Primera 2026,145,Santiago Silva,Huachipato,1,0
2026-08-07,Liga de Primera 2026,146,Kevin Altez,Huachipato,1,0
2026-08-07,Liga de Primera 2026,147,Diego Céspedes,Ñublense,1,0
2026-08-07,Liga de Primera 2026,148,Giovanny Ávalos,Ñublense,1,0
2026-08-07,Liga de Primera 2026,149,Lorenzo Reyes,Ñublense,1,0
2026-08-07,Liga de Primera 2026,150,Sebastián Valencia,Ñublense,1,0
2026-08-07,Liga de Primera 2026,151,Miguel Brizuela,O'Higgins,1,0
2026-08-07,Liga de Primera 2026,152,Bastián Yáñez,O'Higgins,1,0
2026-08-07,Liga de Primera 2026,153,Vicente Espinoza,Palestino,1,0
2026-08-07,Liga de Primera 2026,154,Bayron Oyarzo,Unión La Calera,1,0
2026-08-07,Liga de Primera 2026,155,Branco Ampuero,Universidad Católica,1,0
2026-08-07,Liga de Primera 2026,156,Juan Francisco Rossel,Universidad Católica,1,0
2026-08-07,Liga de Primera 2026,157,Eugenio Mena,Universidad Católica,1,0
2026-08-07,Liga de Primera 2026,158,Matías Zaldivia,Universidad de Chile,1,0
2026-08-07,Liga de Primera 2026,159,Bianneider Tamayo,Universidad de Chile,1,0
2026-08-07,Liga de Primera 2026,160,Daniel Barrea,Universidad de Concepción,1,0
2026-08-07,Liga de Primera 2026,161,Cristhofer Mesías,Universidad de Concepción,1,0
2026-08-07,Liga de Primera 2026,162,Osvaldo González,Universidad de Concepción,1,0
2026-08-08,Liga de Primera 2026,1,Fernando Zampedri,Universidad Católica,17,2
2026-08-08,Liga de Primera 2026,2,Daniel Castro,Deportes Limache,9,5
2026-08-08,Liga de Primera 2026,3,Justo Giani,Universidad Católica,8,3
2026-08-08,Liga de Primera 2026,4,Javier Correa,Colo-Colo,8,2
2026-08-08,Liga de Primera 2026,5,Sebastián Sáez,Unión La Calera,8,1
2026-08-08,Liga de Primera 2026,6,Nelson Da Silva,Palestino,7,2
2026-08-08,Liga de Primera 2026,7,Lionel Altamirano,Huachipato,7,1
2026-08-08,Liga de Primera 2026,8,Steffan Pino,Cobresal,7,0
2026-08-08,Liga de Primera 2026,9,Eduardo Vargas,Universidad de Chile,6,2
2026-08-08,Liga de Primera 2026,10,Jean Meneses,Deportes Limache,5,8
2026-08-08,Liga de Primera 2026,11,Jeisson Vargas,Deportes La Serena,5,6
2026-08-08,Liga de Primera 2026,12,Francisco González,O'Higgins,5,4
2026-08-08,Liga de Primera 2026,13,Joaquín Larrivey,Deportes Concepción,5,2
2026-08-08,Liga de Primera 2026,14,Maximiliano Romero,Colo-Colo,5,1
2026-08-08,Liga de Primera 2026,15,Nicolás Johansen,Coquimbo Unido,5,0
2026-08-08,Liga de Primera 2026,16,Kevin Méndez,Unión La Calera,4,6
2026-08-08,Liga de Primera 2026,17,Julián Brea,Cobresal,4,1
2026-08-08,Liga de Primera 2026,18,Thiago Vecino,O'Higgins,4,1
2026-08-08,Liga de Primera 2026,19,Felipe Chamorro,Deportes La Serena,4,0
2026-08-08,Liga de Primera 2026,20,Gonzalo Sosa,Deportes Limache,4,0
2026-08-08,Liga de Primera 2026,21,Ignacio Jeraldino,Ñublense,4,0
2026-08-08,Liga de Primera 2026,22,Clemente Montes,Universidad Católica,3,4
2026-08-08,Liga de Primera 2026,23,Diego Rubio,Deportes La Serena,3,3
2026-08-08,Liga de Primera 2026,24,Giovani Chiaverano,Audax Italiano,3,2
2026-08-08,Liga de Primera 2026,25,Lautaro Pastrán,Colo-Colo,3,2
2026-08-08,Liga de Primera 2026,26,Alan Medina,Everton,3,1
2026-08-08,Liga de Primera 2026,27,Lucas Soto,Everton,3,1
2026-08-08,Liga de Primera 2026,28,Cris Martínez,Huachipato,3,1
2026-08-08,Liga de Primera 2026,29,Cecilio Waterman,Universidad de Concepción,3,1
2026-08-08,Liga de Primera 2026,30,Franco Troyansky,Audax Italiano,3,0
2026-08-08,Liga de Primera 2026,31,Diego Coelho,Audax Italiano,3,0
2026-08-08,Liga de Primera 2026,32,Álvaro Madrid,Colo-Colo,3,0
2026-08-08,Liga de Primera 2026,33,Alejandro Camargo,Coquimbo Unido,3,0
2026-08-08,Liga de Primera 2026,34,Vicente Álvarez,Deportes Limache,3,0
2026-08-08,Liga de Primera 2026,35,Cristian Palacios,Everton,3,0
2026-08-08,Liga de Primera 2026,36,Nicolás Montiel,Everton,3,0
2026-08-08,Liga de Primera 2026,37,Maximiliano Gutiérrez,Huachipato,3,0
2026-08-08,Liga de Primera 2026,38,Franco Rami,Ñublense,3,0
2026-08-08,Liga de Primera 2026,39,Arnaldo Castillo,O'Higgins,3,0
2026-08-08,Liga de Primera 2026,40,Matías Palavecino,Universidad Católica,2,5
2026-08-08,Liga de Primera 2026,41,Claudio Aquino,Colo-Colo,2,3
2026-08-08,Liga de Primera 2026,42,Leandro Hernández,Colo-Colo,2,3
2026-08-08,Liga de Primera 2026,43,Maximiliano Rodríguez,Huachipato,2,3
2026-08-08,Liga de Primera 2026,44,Cristián Zavala,Coquimbo Unido,2,2
2026-08-08,Liga de Primera 2026,45,Mario Briceño,Huachipato,2,2
2026-08-08,Liga de Primera 2026,46,Gabriel Graciani,Ñublense,2,2
2026-08-08,Liga de Primera 2026,47,César Munder,Palestino,2,2
2026-08-08,Liga de Primera 2026,48,Maximiliano Guerrero,Universidad de Chile,2,2
2026-08-08,Liga de Primera 2026,49,Federico Mateos,Audax Italiano,2,1
2026-08-08,Liga de Primera 2026,50,Víctor Méndez,Colo-Colo,2,1
2026-08-08,Liga de Primera 2026,51,Jeyson Rojas,Colo-Colo,2,1
2026-08-08,Liga de Primera 2026,52,Alejandro Azócar,Coquimbo Unido,2,1
2026-08-08,Liga de Primera 2026,53,Gonzalo Figueroa,Deportes La Serena,2,1
2026-08-08,Liga de Primera 2026,54,Yerko González,Deportes Limache,2,1
2026-08-08,Liga de Primera 2026,55,Martín Sarrafiore,O'Higgins,2,1
2026-08-08,Liga de Primera 2026,56,Bryan Carrasco,Palestino,2,1
2026-08-08,Liga de Primera 2026,57,Agustín Arce,Universidad de Chile,2,1
2026-08-08,Liga de Primera 2026,58,Agustín Nadruz,Cobresal,2,0
2026-08-08,Liga de Primera 2026,59,Franco Frías,Cobresal,2,0
2026-08-08,Liga de Primera 2026,60,Jorge Henríquez,Deportes Concepción,2,0
2026-08-08,Liga de Primera 2026,61,Ignacio Mesías,Deportes Concepción,2,0
2026-08-08,Liga de Primera 2026,62,Mario Sandoval,Deportes Concepción,2,0
2026-08-08,Liga de Primera 2026,63,Nicolás Stefanelli,Deportes La Serena,2,0
2026-08-08,Liga de Primera 2026,64,Gonzalo Escalante,Deportes La Serena,2,0
2026-08-08,Liga de Primera 2026,65,Matías Marín,Deportes La Serena,2,0
2026-08-08,Liga de Primera 2026,66,Diego Sanhueza,Ñublense,2,0
2026-08-08,Liga de Primera 2026,67,Lucas Molina,Ñublense,2,0
2026-08-08,Liga de Primera 2026,68,Francisco Montes,Palestino,2,0
2026-08-08,Liga de Primera 2026,69,Gonzalo Tapia,Palestino,2,0
2026-08-08,Liga de Primera 2026,70,Matías Campos López,Unión La Calera,2,0
2026-08-08,Liga de Primera 2026,71,Rodrigo Cáseres,Unión La Calera,2,0
2026-08-08,Liga de Primera 2026,72,Francisco Pozzo,Unión La Calera,2,0
2026-08-08,Liga de Primera 2026,73,Javier Altamirano,Universidad de Chile,2,0
2026-08-08,Liga de Primera 2026,74,Nicolás Ramírez,Universidad de Chile,2,0
2026-08-08,Liga de Primera 2026,75,Luis Rojas,Universidad de Concepción,2,0
2026-08-08,Liga de Primera 2026,76,Jeison Fuentealba,Universidad de Concepción,2,0
2026-08-08,Liga de Primera 2026,77,Bryan Carvallo,Cobresal,1,5
2026-08-08,Liga de Primera 2026,78,Cristián Cuevas,Universidad Católica,1,5
2026-08-08,Liga de Primera 2026,79,Esteban Matus,Audax Italiano,1,4
2026-08-08,Liga de Primera 2026,80,Luis Riveros,Coquimbo Unido,1,3
2026-08-08,Liga de Primera 2026,81,Matías Plaza,Ñublense,1,3
2026-08-08,Liga de Primera 2026,82,Julián Fernández,Palestino,1,3
2026-08-08,Liga de Primera 2026,83,Guillermo Pacheco,Cobresal,1,2
2026-08-08,Liga de Primera 2026,84,Marcos Arturia,Deportes Limache,1,2
2026-08-08,Liga de Primera 2026,85,Braian Martínez,Everton,1,2
2026-08-08,Liga de Primera 2026,86,Maicol León,Huachipato,1,2
2026-08-08,Liga de Primera 2026,87,Guillermo Guaiquil,Huachipato,1,2
2026-08-08,Liga de Primera 2026,88,Bryan Rabello,O'Higgins,1,2
2026-08-08,Liga de Primera 2026,89,Ian Garguez,Palestino,1,2
2026-08-08,Liga de Primera 2026,90,Jimmy Martínez,Universidad Católica,1,2
2026-08-08,Liga de Primera 2026,91,Diego Corral,Universidad Católica,1,2
2026-08-08,Liga de Primera 2026,92,Fabián Hormazábal,Universidad de Chile,1,2
2026-08-08,Liga de Primera 2026,93,Agustín Urzi,Universidad de Concepción,1,2
2026-08-08,Liga de Primera 2026,94,Benjamín Valenzuela,Cobresal,1,1
2026-08-08,Liga de Primera 2026,95,Yastin Cuevas,Colo-Colo,1,1
2026-08-08,Liga de Primera 2026,96,Arturo Vidal,Colo-Colo,1,1
2026-08-08,Liga de Primera 2026,97,Martín Mundaca,Coquimbo Unido,1,1
2026-08-08,Liga de Primera 2026,98,Leonardo Valencia,Deportes Concepción,1,1
2026-08-08,Liga de Primera 2026,99,Bruno Gutiérrez,Deportes La Serena,1,1
2026-08-08,Liga de Primera 2026,100,Ángelo Henríquez,Deportes La Serena,1,1
2026-08-08,Liga de Primera 2026,101,Lucas Alarcón,Deportes La Serena,1,1
2026-08-08,Liga de Primera 2026,102,Joaquín Montecinos,Deportes Limache,1,1
2026-08-08,Liga de Primera 2026,103,Flavio Moya,Deportes Limache,1,1
2026-08-08,Liga de Primera 2026,104,Nicolás Baeza,Everton,1,1
2026-08-08,Liga de Primera 2026,105,Julián Alfaro,Everton,1,1
2026-08-08,Liga de Primera 2026,106,Nicolás Vargas,Huachipato,1,1
2026-08-08,Liga de Primera 2026,107,Claudio Sepúlveda,Huachipato,1,1
2026-08-08,Liga de Primera 2026,108,Ignacio Tapia,Ñublense,1,1
2026-08-08,Liga de Primera 2026,109,Felipe Ogaz,O'Higgins,1,1
2026-08-08,Liga de Primera 2026,110,Martín Maturana,O'Higgins,1,1
2026-08-08,Liga de Primera 2026,111,Sebastián Gallegos,Palestino,1,1
2026-08-08,Liga de Primera 2026,112,Dilan Zúñiga,Palestino,1,1
2026-08-08,Liga de Primera 2026,113,Martín Araya,Palestino,1,1
2026-08-08,Liga de Primera 2026,114,Ronnie Fernández,Palestino,1,1
2026-08-08,Liga de Primera 2026,115,Jason León,Palestino,1,1
2026-08-08,Liga de Primera 2026,116,Juan Ignacio Díaz,Universidad Católica,1,1
2026-08-08,Liga de Primera 2026,117,Juan Martín Lucero,Universidad de Chile,1,1
2026-08-08,Liga de Primera 2026,118,Ignacio Vásquez,Universidad de Chile,1,1
2026-08-08,Liga de Primera 2026,119,Antonio Díaz,Universidad de Concepción,1,1
2026-08-08,Liga de Primera 2026,120,Michael Vadulli,Audax Italiano,1,0
2026-08-08,Liga de Primera 2026,121,Rodrigo Cabral,Audax Italiano,1,0
2026-08-08,Liga de Primera 2026,122,Enzo Ferrario,Audax Italiano,1,0
2026-08-08,Liga de Primera 2026,123,Marco Collao,Audax Italiano,1,0
2026-08-08,Liga de Primera 2026,124,Vicente Zenteno,Audax Italiano,1,0
2026-08-08,Liga de Primera 2026,125,José Tiznado,Cobresal,1,0
2026-08-08,Liga de Primera 2026,126,Joaquín Sosa,Colo-Colo,1,0
2026-08-08,Liga de Primera 2026,127,Felipe Raipán,Colo-Colo,1,0
2026-08-08,Liga de Primera 2026,128,Guido Vadalá,Coquimbo Unido,1,0
2026-08-08,Liga de Primera 2026,129,Sebastián Galani,Coquimbo Unido,1,0
2026-08-08,Liga de Primera 2026,130,Lucas Pratto,Coquimbo Unido,1,0
2026-08-08,Liga de Primera 2026,131,Manuel Fernández,Coquimbo Unido,1,0
2026-08-08,Liga de Primera 2026,132,Pablo Rodríguez,Coquimbo Unido,1,0
2026-08-08,Liga de Primera 2026,133,Fausto Grillo,Deportes Concepción,1,0
2026-08-08,Liga de Primera 2026,134,Ariel Cáceres,Deportes Concepción,1,0
2026-08-08,Liga de Primera 2026,135,Aldrix Jara,Deportes Concepción,1,0
2026-08-08,Liga de Primera 2026,136,Ethan Espinoza,Deportes Concepción,1,0
2026-08-08,Liga de Primera 2026,137,Sebastián Díaz,Deportes La Serena,1,0
2026-08-08,Liga de Primera 2026,138,César Pinares,Deportes Limache,1,0
2026-08-08,Liga de Primera 2026,139,Misael Llantén,Deportes Limache,1,0
2026-08-08,Liga de Primera 2026,140,César Fuentes,Deportes Limache,1,0
2026-08-08,Liga de Primera 2026,141,Ramón Martínez,Deportes Limache,1,0
2026-08-08,Liga de Primera 2026,142,Santiago Londoño,Everton,1,0
2026-08-08,Liga de Primera 2026,143,Rafael Caroca,Huachipato,1,0
2026-08-08,Liga de Primera 2026,144,Renzo Malanca,Huachipato,1,0
2026-08-08,Liga de Primera 2026,145,Santiago Silva,Huachipato,1,0
2026-08-08,Liga de Primera 2026,146,Kevin Altez,Huachipato,1,0
2026-08-08,Liga de Primera 2026,147,Diego Céspedes,Ñublense,1,0
2026-08-08,Liga de Primera 2026,148,Giovanny Ávalos,Ñublense,1,0
2026-08-08,Liga de Primera 2026,149,Lorenzo Reyes,Ñublense,1,0
2026-08-08,Liga de Primera 2026,150,Sebastián Valencia,Ñublense,1,0
2026-08-08,Liga de Primera 2026,151,Miguel Brizuela,O'Higgins,1,0
2026-08-08,Liga de Primera 2026,152,Bastián Yáñez,O'Higgins,1,0
2026-08-08,Liga de Primera 2026,153,Vicente Espinoza,Palestino,1,0
2026-08-08,Liga de Primera 2026,154,Bayron Oyarzo,Unión La Calera,1,0
2026-08-08,Liga de Primera 2026,155,Branco Ampuero,Universidad Católica,1,0
2026-08-08,Liga de Primera 2026,156,Juan Francisco Rossel,Universidad Católica,1,0
2026-08-08,Liga de Primera 2026,157,Eugenio Mena,Universidad Católica,1,0
2026-08-08,Liga de Primera 2026,158,Matías Zaldivia,Universidad de Chile,1,0
2026-08-08,Liga de Primera 2026,159,Bianneider Tamayo,Universidad de Chile,1,0
2026-08-08,Liga de Primera 2026,160,Daniel Barrea,Universidad de Concepción,1,0
2026-08-08,Liga de Primera 2026,161,Cristhofer Mesías,Universidad de Concepción,1,0
2026-08-08,Liga de Primera 2026,162,Osvaldo González,Universidad de Concepción,1,0
2026-08-09,Liga de Primera 2026,1,Fernando Zampedri,Universidad Católica,17,2
2026-08-09,Liga de Primera 2026,2,Daniel Castro,Deportes Limache,9,5
2026-08-09,Liga de Primera 2026,3,Justo Giani,Universidad Católica,8,3
2026-08-09,Liga de Primera 2026,4,Javier Correa,Colo-Colo,8,2
2026-08-09,Liga de Primera 2026,5,Sebastián Sáez,Unión La Calera,8,1
2026-08-09,Liga de Primera 2026,6,Nelson Da Silva,Palestino,7,2
2026-08-09,Liga de Primera 2026,7,Lionel Altamirano,Huachipato,7,1
2026-08-09,Liga de Primera 2026,8,Steffan Pino,Cobresal,7,0
2026-08-09,Liga de Primera 2026,9,Eduardo Vargas,Universidad de Chile,6,2
2026-08-09,Liga de Primera 2026,10,Jean Meneses,Deportes Limache,5,8
2026-08-09,Liga de Primera 2026,11,Jeisson Vargas,Deportes La Serena,5,6
2026-08-09,Liga de Primera 2026,12,Francisco González,O'Higgins,5,4
2026-08-09,Liga de Primera 2026,13,Joaquín Larrivey,Deportes Concepción,5,2
2026-08-09,Liga de Primera 2026,14,Maximiliano Romero,Colo-Colo,5,1
2026-08-09,Liga de Primera 2026,15,Nicolás Johansen,Coquimbo Unido,5,0
2026-08-09,Liga de Primera 2026,16,Kevin Méndez,Unión La Calera,4,6
2026-08-09,Liga de Primera 2026,17,Julián Brea,Cobresal,4,1
2026-08-09,Liga de Primera 2026,18,Thiago Vecino,O'Higgins,4,1
2026-08-09,Liga de Primera 2026,19,Felipe Chamorro,Deportes La Serena,4,0
2026-08-09,Liga de Primera 2026,20,Gonzalo Sosa,Deportes Limache,4,0
2026-08-09,Liga de Primera 2026,21,Ignacio Jeraldino,Ñublense,4,0
2026-08-09,Liga de Primera 2026,22,Clemente Montes,Universidad Católica,3,4
2026-08-09,Liga de Primera 2026,23,Diego Rubio,Deportes La Serena,3,3
2026-08-09,Liga de Primera 2026,24,Giovani Chiaverano,Audax Italiano,3,2
2026-08-09,Liga de Primera 2026,25,Lautaro Pastrán,Colo-Colo,3,2
2026-08-09,Liga de Primera 2026,26,Alan Medina,Everton,3,1
2026-08-09,Liga de Primera 2026,27,Lucas Soto,Everton,3,1
2026-08-09,Liga de Primera 2026,28,Cris Martínez,Huachipato,3,1
2026-08-09,Liga de Primera 2026,29,Cecilio Waterman,Universidad de Concepción,3,1
2026-08-09,Liga de Primera 2026,30,Franco Troyansky,Audax Italiano,3,0
2026-08-09,Liga de Primera 2026,31,Diego Coelho,Audax Italiano,3,0
2026-08-09,Liga de Primera 2026,32,Álvaro Madrid,Colo-Colo,3,0
2026-08-09,Liga de Primera 2026,33,Alejandro Camargo,Coquimbo Unido,3,0
2026-08-09,Liga de Primera 2026,34,Vicente Álvarez,Deportes Limache,3,0
2026-08-09,Liga de Primera 2026,35,Cristian Palacios,Everton,3,0
2026-08-09,Liga de Primera 2026,36,Nicolás Montiel,Everton,3,0
2026-08-09,Liga de Primera 2026,37,Maximiliano Gutiérrez,Huachipato,3,0
2026-08-09,Liga de Primera 2026,38,Franco Rami,Ñublense,3,0
2026-08-09,Liga de Primera 2026,39,Arnaldo Castillo,O'Higgins,3,0
2026-08-09,Liga de Primera 2026,40,Matías Palavecino,Universidad Católica,2,5
2026-08-09,Liga de Primera 2026,41,Claudio Aquino,Colo-Colo,2,3
2026-08-09,Liga de Primera 2026,42,Leandro Hernández,Colo-Colo,2,3
2026-08-09,Liga de Primera 2026,43,Maximiliano Rodríguez,Huachipato,2,3
2026-08-09,Liga de Primera 2026,44,Cristián Zavala,Coquimbo Unido,2,2
2026-08-09,Liga de Primera 2026,45,Mario Briceño,Huachipato,2,2
2026-08-09,Liga de Primera 2026,46,Gabriel Graciani,Ñublense,2,2
2026-08-09,Liga de Primera 2026,47,César Munder,Palestino,2,2
2026-08-09,Liga de Primera 2026,48,Maximiliano Guerrero,Universidad de Chile,2,2
2026-08-09,Liga de Primera 2026,49,Federico Mateos,Audax Italiano,2,1
2026-08-09,Liga de Primera 2026,50,Víctor Méndez,Colo-Colo,2,1
2026-08-09,Liga de Primera 2026,51,Jeyson Rojas,Colo-Colo,2,1
2026-08-09,Liga de Primera 2026,52,Alejandro Azócar,Coquimbo Unido,2,1
2026-08-09,Liga de Primera 2026,53,Gonzalo Figueroa,Deportes La Serena,2,1
2026-08-09,Liga de Primera 2026,54,Yerko González,Deportes Limache,2,1
2026-08-09,Liga de Primera 2026,55,Martín Sarrafiore,O'Higgins,2,1
2026-08-09,Liga de Primera 2026,56,Bryan Carrasco,Palestino,2,1
2026-08-09,Liga de Primera 2026,57,Agustín Arce,Universidad de Chile,2,1
2026-08-09,Liga de Primera 2026,58,Agustín Nadruz,Cobresal,2,0
2026-08-09,Liga de Primera 2026,59,Franco Frías,Cobresal,2,0
2026-08-09,Liga de Primera 2026,60,Jorge Henríquez,Deportes Concepción,2,0
2026-08-09,Liga de Primera 2026,61,Ignacio Mesías,Deportes Concepción,2,0
2026-08-09,Liga de Primera 2026,62,Mario Sandoval,Deportes Concepción,2,0
2026-08-09,Liga de Primera 2026,63,Nicolás Stefanelli,Deportes La Serena,2,0
2026-08-09,Liga de Primera 2026,64,Gonzalo Escalante,Deportes La Serena,2,0
2026-08-09,Liga de Primera 2026,65,Matías Marín,Deportes La Serena,2,0
2026-08-09,Liga de Primera 2026,66,Diego Sanhueza,Ñublense,2,0
2026-08-09,Liga de Primera 2026,67,Lucas Molina,Ñublense,2,0
2026-08-09,Liga de Primera 2026,68,Francisco Montes,Palestino,2,0
2026-08-09,Liga de Primera 2026,69,Gonzalo Tapia,Palestino,2,0
2026-08-09,Liga de Primera 2026,70,Matías Campos López,Unión La Calera,2,0
2026-08-09,Liga de Primera 2026,71,Rodrigo Cáseres,Unión La Calera,2,0
2026-08-09,Liga de Primera 2026,72,Francisco Pozzo,Unión La Calera,2,0
2026-08-09,Liga de Primera 2026,73,Javier Altamirano,Universidad de Chile,2,0
2026-08-09,Liga de Primera 2026,74,Nicolás Ramírez,Universidad de Chile,2,0
2026-08-09,Liga de Primera 2026,75,Luis Rojas,Universidad de Concepción,2,0
2026-08-09,Liga de Primera 2026,76,Jeison Fuentealba,Universidad de Concepción,2,0
2026-08-09,Liga de Primera 2026,77,Bryan Carvallo,Cobresal,1,5
2026-08-09,Liga de Primera 2026,78,Cristián Cuevas,Universidad Católica,1,5
2026-08-09,Liga de Primera 2026,79,Esteban Matus,Audax Italiano,1,4
2026-08-09,Liga de Primera 2026,80,Luis Riveros,Coquimbo Unido,1,3
2026-08-09,Liga de Primera 2026,81,Matías Plaza,Ñublense,1,3
2026-08-09,Liga de Primera 2026,82,Julián Fernández,Palestino,1,3
2026-08-09,Liga de Primera 2026,83,Guillermo Pacheco,Cobresal,1,2
2026-08-09,Liga de Primera 2026,84,Marcos Arturia,Deportes Limache,1,2
2026-08-09,Liga de Primera 2026,85,Braian Martínez,Everton,1,2
2026-08-09,Liga de Primera 2026,86,Maicol León,Huachipato,1,2
2026-08-09,Liga de Primera 2026,87,Guillermo Guaiquil,Huachipato,1,2
2026-08-09,Liga de Primera 2026,88,Bryan Rabello,O'Higgins,1,2
2026-08-09,Liga de Primera 2026,89,Ian Garguez,Palestino,1,2
2026-08-09,Liga de Primera 2026,90,Jimmy Martínez,Universidad Católica,1,2
2026-08-09,Liga de Primera 2026,91,Diego Corral,Universidad Católica,1,2
2026-08-09,Liga de Primera 2026,92,Fabián Hormazábal,Universidad de Chile,1,2
2026-08-09,Liga de Primera 2026,93,Agustín Urzi,Universidad de Concepción,1,2
2026-08-09,Liga de Primera 2026,94,Benjamín Valenzuela,Cobresal,1,1
2026-08-09,Liga de Primera 2026,95,Yastin Cuevas,Colo-Colo,1,1
2026-08-09,Liga de Primera 2026,96,Arturo Vidal,Colo-Colo,1,1
2026-08-09,Liga de Primera 2026,97,Martín Mundaca,Coquimbo Unido,1,1
2026-08-09,Liga de Primera 2026,98,Leonardo Valencia,Deportes Concepción,1,1
2026-08-09,Liga de Primera 2026,99,Bruno Gutiérrez,Deportes La Serena,1,1
2026-08-09,Liga de Primera 2026,100,Ángelo Henríquez,Deportes La Serena,1,1
2026-08-09,Liga de Primera 2026,101,Lucas Alarcón,Deportes La Serena,1,1
2026-08-09,Liga de Primera 2026,102,Joaquín Montecinos,Deportes Limache,1,1
2026-08-09,Liga de Primera 2026,103,Flavio Moya,Deportes Limache,1,1
2026-08-09,Liga de Primera 2026,104,Nicolás Baeza,Everton,1,1
2026-08-09,Liga de Primera 2026,105,Julián Alfaro,Everton,1,1
2026-08-09,Liga de Primera 2026,106,Nicolás Vargas,Huachipato,1,1
2026-08-09,Liga de Primera 2026,107,Claudio Sepúlveda,Huachipato,1,1
2026-08-09,Liga de Primera 2026,108,Ignacio Tapia,Ñublense,1,1
2026-08-09,Liga de Primera 2026,109,Felipe Ogaz,O'Higgins,1,1
2026-08-09,Liga de Primera 2026,110,Martín Maturana,O'Higgins,1,1
2026-08-09,Liga de Primera 2026,111,Sebastián Gallegos,Palestino,1,1
2026-08-09,Liga de Primera 2026,112,Dilan Zúñiga,Palestino,1,1
2026-08-09,Liga de Primera 2026,113,Martín Araya,Palestino,1,1
2026-08-09,Liga de Primera 2026,114,Ronnie Fernández,Palestino,1,1
2026-08-09,Liga de Primera 2026,115,Jason León,Palestino,1,1
2026-08-09,Liga de Primera 2026,116,Juan Ignacio Díaz,Universidad Católica,1,1
2026-08-09,Liga de Primera 2026,117,Juan Martín Lucero,Universidad de Chile,1,1
2026-08-09,Liga de Primera 2026,118,Ignacio Vásquez,Universidad de Chile,1,1
2026-08-09,Liga de Primera 2026,119,Antonio Díaz,Universidad de Concepción,1,1
2026-08-09,Liga de Primera 2026,120,Michael Vadulli,Audax Italiano,1,0
2026-08-09,Liga de Primera 2026,121,Rodrigo Cabral,Audax Italiano,1,0
2026-08-09,Liga de Primera 2026,122,Enzo Ferrario,Audax Italiano,1,0
2026-08-09,Liga de Primera 2026,123,Marco Collao,Audax Italiano,1,0
2026-08-09,Liga de Primera 2026,124,Vicente Zenteno,Audax Italiano,1,0
2026-08-09,Liga de Primera 2026,125,José Tiznado,Cobresal,1,0
2026-08-09,Liga de Primera 2026,126,Joaquín Sosa,Colo-Colo,1,0
2026-08-09,Liga de Primera 2026,127,Felipe Raipán,Colo-Colo,1,0
2026-08-09,Liga de Primera 2026,128,Guido Vadalá,Coquimbo Unido,1,0
2026-08-09,Liga de Primera 2026,129,Sebastián Galani,Coquimbo Unido,1,0
2026-08-09,Liga de Primera 2026,130,Lucas Pratto,Coquimbo Unido,1,0
2026-08-09,Liga de Primera 2026,131,Manuel Fernández,Coquimbo Unido,1,0
2026-08-09,Liga de Primera 2026,132,Pablo Rodríguez,Coquimbo Unido,1,0
2026-08-09,Liga de Primera 2026,133,Fausto Grillo,Deportes Concepción,1,0
2026-08-09,Liga de Primera 2026,134,Ariel Cáceres,Deportes Concepción,1,0
2026-08-09,Liga de Primera 2026,135,Aldrix Jara,Deportes Concepción,1,0
2026-08-09,Liga de Primera 2026,136,Ethan Espinoza,Deportes Concepción,1,0
2026-08-09,Liga de Primera 2026,137,Sebastián Díaz,Deportes La Serena,1,0
2026-08-09,Liga de Primera 2026,138,César Pinares,Deportes Limache,1,0
2026-08-09,Liga de Primera 2026,139,Misael Llantén,Deportes Limache,1,0
2026-08-09,Liga de Primera 2026,140,César Fuentes,Deportes Limache,1,0
2026-08-09,Liga de Primera 2026,141,Ramón Martínez,Deportes Limache,1,0
2026-08-09,Liga de Primera 2026,142,Santiago Londoño,Everton,1,0
2026-08-09,Liga de Primera 2026,143,Rafael Caroca,Huachipato,1,0
2026-08-09,Liga de Primera 2026,144,Renzo Malanca,Huachipato,1,0
2026-08-09,Liga de Primera 2026,145,Santiago Silva,Huachipato,1,0
2026-08-09,Liga de Primera 2026,146,Kevin Altez,Huachipato,1,0
2026-08-09,Liga de Primera 2026,147,Diego Céspedes,Ñublense,1,0
2026-08-09,Liga de Primera 2026,148,Giovanny Ávalos,Ñublense,1,0
2026-08-09,Liga de Primera 2026,149,Lorenzo Reyes,Ñublense,1,0
2026-08-09,Liga de Primera 2026,150,Sebastián Valencia,Ñublense,1,0
2026-08-09,Liga de Primera 2026,151,Miguel Brizuela,O'Higgins,1,0
2026-08-09,Liga de Primera 2026,152,Bastián Yáñez,O'Higgins,1,0
2026-08-09,Liga de Primera 2026,153,Vicente Espinoza,Palestino,1,0
2026-08-09,Liga de Primera 2026,154,Bayron Oyarzo,Unión La Calera,1,0
2026-08-09,Liga de Primera 2026,155,Branco Ampuero,Universidad Católica,1,0
2026-08-09,Liga de Primera 2026,156,Juan Francisco Rossel,Universidad Católica,1,0
2026-08-09,Liga de Primera 2026,157,Eugenio Mena,Universidad Católica,1,0
2026-08-09,Liga de Primera 2026,158,Matías Zaldivia,Universidad de Chile,1,0
2026-08-09,Liga de Primera 2026,159,Bianneider Tamayo,Universidad de Chile,1,0
2026-08-09,Liga de Primera 2026,160,Daniel Barrea,Universidad de Concepción,1,0
2026-08-09,Liga de Primera 2026,161,Cristhofer Mesías,Universidad de Concepción,1,0
2026-08-09,Liga de Primera 2026,162,Osvaldo González,Universidad de Concepción,1,0
2026-08-10,Liga de Primera 2026,1,Fernando Zampedri,Universidad Católica,17,2
2026-08-10,Liga de Primera 2026,2,Daniel Castro,Deportes Limache,9,5
2026-08-10,Liga de Primera 2026,3,Justo Giani,Universidad Católica,8,3
2026-08-10,Liga de Primera 2026,4,Javier Correa,Colo-Colo,8,2
2026-08-10,Liga de Primera 2026,5,Sebastián Sáez,Unión La Calera,8,1
2026-08-10,Liga de Primera 2026,6,Nelson Da Silva,Palestino,7,2
2026-08-10,Liga de Primera 2026,7,Lionel Altamirano,Huachipato,7,1
2026-08-10,Liga de Primera 2026,8,Steffan Pino,Cobresal,7,0
2026-08-10,Liga de Primera 2026,9,Eduardo Vargas,Universidad de Chile,6,2
2026-08-10,Liga de Primera 2026,10,Jean Meneses,Deportes Limache,5,8
2026-08-10,Liga de Primera 2026,11,Jeisson Vargas,Deportes La Serena,5,6
2026-08-10,Liga de Primera 2026,12,Francisco González,O'Higgins,5,4
2026-08-10,Liga de Primera 2026,13,Joaquín Larrivey,Deportes Concepción,5,2
2026-08-10,Liga de Primera 2026,14,Maximiliano Romero,Colo-Colo,5,1
2026-08-10,Liga de Primera 2026,15,Nicolás Johansen,Coquimbo Unido,5,0
2026-08-10,Liga de Primera 2026,16,Kevin Méndez,Unión La Calera,4,6
2026-08-10,Liga de Primera 2026,17,Julián Brea,Cobresal,4,1
2026-08-10,Liga de Primera 2026,18,Thiago Vecino,O'Higgins,4,1
2026-08-10,Liga de Primera 2026,19,Felipe Chamorro,Deportes La Serena,4,0
2026-08-10,Liga de Primera 2026,20,Gonzalo Sosa,Deportes Limache,4,0
2026-08-10,Liga de Primera 2026,21,Ignacio Jeraldino,Ñublense,4,0
2026-08-10,Liga de Primera 2026,22,Clemente Montes,Universidad Católica,3,4
2026-08-10,Liga de Primera 2026,23,Diego Rubio,Deportes La Serena,3,3
2026-08-10,Liga de Primera 2026,24,Giovani Chiaverano,Audax Italiano,3,2
2026-08-10,Liga de Primera 2026,25,Lautaro Pastrán,Colo-Colo,3,2
2026-08-10,Liga de Primera 2026,26,Alan Medina,Everton,3,1
2026-08-10,Liga de Primera 2026,27,Lucas Soto,Everton,3,1
2026-08-10,Liga de Primera 2026,28,Cris Martínez,Huachipato,3,1
2026-08-10,Liga de Primera 2026,29,Cecilio Waterman,Universidad de Concepción,3,1
2026-08-10,Liga de Primera 2026,30,Franco Troyansky,Audax Italiano,3,0
2026-08-10,Liga de Primera 2026,31,Diego Coelho,Audax Italiano,3,0
2026-08-10,Liga de Primera 2026,32,Álvaro Madrid,Colo-Colo,3,0
2026-08-10,Liga de Primera 2026,33,Alejandro Camargo,Coquimbo Unido,3,0
2026-08-10,Liga de Primera 2026,34,Vicente Álvarez,Deportes Limache,3,0
2026-08-10,Liga de Primera 2026,35,Cristian Palacios,Everton,3,0
2026-08-10,Liga de Primera 2026,36,Nicolás Montiel,Everton,3,0
2026-08-10,Liga de Primera 2026,37,Maximiliano Gutiérrez,Huachipato,3,0
2026-08-10,Liga de Primera 2026,38,Franco Rami,Ñublense,3,0
2026-08-10,Liga de Primera 2026,39,Arnaldo Castillo,O'Higgins,3,0
2026-08-10,Liga de Primera 2026,40,Matías Palavecino,Universidad Católica,2,5
2026-08-10,Liga de Primera 2026,41,Claudio Aquino,Colo-Colo,2,3
2026-08-10,Liga de Primera 2026,42,Leandro Hernández,Colo-Colo,2,3
2026-08-10,Liga de Primera 2026,43,Maximiliano Rodríguez,Huachipato,2,3
2026-08-10,Liga de Primera 2026,44,Cristián Zavala,Coquimbo Unido,2,2
2026-08-10,Liga de Primera 2026,45,Mario Briceño,Huachipato,2,2
2026-08-10,Liga de Primera 2026,46,Gabriel Graciani,Ñublense,2,2
2026-08-10,Liga de Primera 2026,47,César Munder,Palestino,2,2
2026-08-10,Liga de Primera 2026,48,Maximiliano Guerrero,Universidad de Chile,2,2
2026-08-10,Liga de Primera 2026,49,Federico Mateos,Audax Italiano,2,1
2026-08-10,Liga de Primera 2026,50,Víctor Méndez,Colo-Colo,2,1
2026-08-10,Liga de Primera 2026,51,Jeyson Rojas,Colo-Colo,2,1
2026-08-10,Liga de Primera 2026,52,Alejandro Azócar,Coquimbo Unido,2,1
2026-08-10,Liga de Primera 2026,53,Gonzalo Figueroa,Deportes La Serena,2,1
2026-08-10,Liga de Primera 2026,54,Yerko González,Deportes Limache,2,1
2026-08-10,Liga de Primera 2026,55,Martín Sarrafiore,O'Higgins,2,1
2026-08-10,Liga de Primera 2026,56,Bryan Carrasco,Palestino,2,1
2026-08-10,Liga de Primera 2026,57,Agustín Arce,Universidad de Chile,2,1
2026-08-10,Liga de Primera 2026,58,Agustín Nadruz,Cobresal,2,0
2026-08-10,Liga de Primera 2026,59,Franco Frías,Cobresal,2,0
2026-08-10,Liga de Primera 2026,60,Jorge Henríquez,Deportes Concepción,2,0
2026-08-10,Liga de Primera 2026,61,Ignacio Mesías,Deportes Concepción,2,0
2026-08-10,Liga de Primera 2026,62,Mario Sandoval,Deportes Concepción,2,0
2026-08-10,Liga de Primera 2026,63,Nicolás Stefanelli,Deportes La Serena,2,0
2026-08-10,Liga de Primera 2026,64,Gonzalo Escalante,Deportes La Serena,2,0
2026-08-10,Liga de Primera 2026,65,Matías Marín,Deportes La Serena,2,0
2026-08-10,Liga de Primera 2026,66,Diego Sanhueza,Ñublense,2,0
2026-08-10,Liga de Primera 2026,67,Lucas Molina,Ñublense,2,0
2026-08-10,Liga de Primera 2026,68,Francisco Montes,Palestino,2,0
2026-08-10,Liga de Primera 2026,69,Gonzalo Tapia,Palestino,2,0
2026-08-10,Liga de Primera 2026,70,Matías Campos López,Unión La Calera,2,0
2026-08-10,Liga de Primera 2026,71,Rodrigo Cáseres,Unión La Calera,2,0
2026-08-10,Liga de Primera 2026,72,Francisco Pozzo,Unión La Calera,2,0
2026-08-10,Liga de Primera 2026,73,Javier Altamirano,Universidad de Chile,2,0
2026-08-10,Liga de Primera 2026,74,Nicolás Ramírez,Universidad de Chile,2,0
2026-08-10,Liga de Primera 2026,75,Luis Rojas,Universidad de Concepción,2,0
2026-08-10,Liga de Primera 2026,76,Jeison Fuentealba,Universidad de Concepción,2,0
2026-08-10,Liga de Primera 2026,77,Bryan Carvallo,Cobresal,1,5
2026-08-10,Liga de Primera 2026,78,Cristián Cuevas,Universidad Católica,1,5
2026-08-10,Liga de Primera 2026,79,Esteban Matus,Audax Italiano,1,4
2026-08-10,Liga de Primera 2026,80,Luis Riveros,Coquimbo Unido,1,3
2026-08-10,Liga de Primera 2026,81,Matías Plaza,Ñublense,1,3
2026-08-10,Liga de Primera 2026,82,Julián Fernández,Palestino,1,3
2026-08-10,Liga de Primera 2026,83,Guillermo Pacheco,Cobresal,1,2
2026-08-10,Liga de Primera 2026,84,Marcos Arturia,Deportes Limache,1,2
2026-08-10,Liga de Primera 2026,85,Braian Martínez,Everton,1,2
2026-08-10,Liga de Primera 2026,86,Maicol León,Huachipato,1,2
2026-08-10,Liga de Primera 2026,87,Guillermo Guaiquil,Huachipato,1,2
2026-08-10,Liga de Primera 2026,88,Bryan Rabello,O'Higgins,1,2
2026-08-10,Liga de Primera 2026,89,Ian Garguez,Palestino,1,2
2026-08-10,Liga de Primera 2026,90,Jimmy Martínez,Universidad Católica,1,2
2026-08-10,Liga de Primera 2026,91,Diego Corral,Universidad Católica,1,2
2026-08-10,Liga de Primera 2026,92,Fabián Hormazábal,Universidad de Chile,1,2
2026-08-10,Liga de Primera 2026,93,Agustín Urzi,Universidad de Concepción,1,2
2026-08-10,Liga de Primera 2026,94,Benjamín Valenzuela,Cobresal,1,1
2026-08-10,Liga de Primera 2026,95,Yastin Cuevas,Colo-Colo,1,1
2026-08-10,Liga de Primera 2026,96,Arturo Vidal,Colo-Colo,1,1
2026-08-10,Liga de Primera 2026,97,Martín Mundaca,Coquimbo Unido,1,1
2026-08-10,Liga de Primera 2026,98,Leonardo Valencia,Deportes Concepción,1,1
2026-08-10,Liga de Primera 2026,99,Bruno Gutiérrez,Deportes La Serena,1,1
2026-08-10,Liga de Primera 2026,100,Ángelo Henríquez,Deportes La Serena,1,1
2026-08-10,Liga de Primera 2026,101,Lucas Alarcón,Deportes La Serena,1,1
2026-08-10,Liga de Primera 2026,102,Joaquín Montecinos,Deportes Limache,1,1
2026-08-10,Liga de Primera 2026,103,Flavio Moya,Deportes Limache,1,1
2026-08-10,Liga de Primera 2026,104,Nicolás Baeza,Everton,1,1
2026-08-10,Liga de Primera 2026,105,Julián Alfaro,Everton,1,1
2026-08-10,Liga de Primera 2026,106,Nicolás Vargas,Huachipato,1,1
2026-08-10,Liga de Primera 2026,107,Claudio Sepúlveda,Huachipato,1,1
2026-08-10,Liga de Primera 2026,108,Ignacio Tapia,Ñublense,1,1
2026-08-10,Liga de Primera 2026,109,Felipe Ogaz,O'Higgins,1,1
2026-08-10,Liga de Primera 2026,110,Martín Maturana,O'Higgins,1,1
2026-08-10,Liga de Primera 2026,111,Sebastián Gallegos,Palestino,1,1
2026-08-10,Liga de Primera 2026,112,Dilan Zúñiga,Palestino,1,1
2026-08-10,Liga de Primera 2026,113,Martín Araya,Palestino,1,1
2026-08-10,Liga de Primera 2026,114,Ronnie Fernández,Palestino,1,1
2026-08-10,Liga de Primera 2026,115,Jason León,Palestino,1,1
2026-08-10,Liga de Primera 2026,116,Juan Ignacio Díaz,Universidad Católica,1,1
2026-08-10,Liga de Primera 2026,117,Juan Martín Lucero,Universidad de Chile,1,1
2026-08-10,Liga de Primera 2026,118,Ignacio Vásquez,Universidad de Chile,1,1
2026-08-10,Liga de Primera 2026,119,Antonio Díaz,Universidad de Concepción,1,1
2026-08-10,Liga de Primera 2026,120,Michael Vadulli,Audax Italiano,1,0
2026-08-10,Liga de Primera 2026,121,Rodrigo Cabral,Audax Italiano,1,0
2026-08-10,Liga de Primera 2026,122,Enzo Ferrario,Audax Italiano,1,0
2026-08-10,Liga de Primera 2026,123,Marco Collao,Audax Italiano,1,0
2026-08-10,Liga de Primera 2026,124,Vicente Zenteno,Audax Italiano,1,0
2026-08-10,Liga de Primera 2026,125,José Tiznado,Cobresal,1,0
2026-08-10,Liga de Primera 2026,126,Joaquín Sosa,Colo-Colo,1,0
2026-08-10,Liga de Primera 2026,127,Felipe Raipán,Colo-Colo,1,0
2026-08-10,Liga de Primera 2026,128,Guido Vadalá,Coquimbo Unido,1,0
2026-08-10,Liga de Primera 2026,129,Sebastián Galani,Coquimbo Unido,1,0
2026-08-10,Liga de Primera 2026,130,Lucas Pratto,Coquimbo Unido,1,0
2026-08-10,Liga de Primera 2026,131,Manuel Fernández,Coquimbo Unido,1,0
2026-08-10,Liga de Primera 2026,132,Pablo Rodríguez,Coquimbo Unido,1,0
2026-08-10,Liga de Primera 2026,133,Fausto Grillo,Deportes Concepción,1,0
2026-08-10,Liga de Primera 2026,134,Ariel Cáceres,Deportes Concepción,1,0
2026-08-10,Liga de Primera 2026,135,Aldrix Jara,Deportes Concepción,1,0
2026-08-10,Liga de Primera 2026,136,Ethan Espinoza,Deportes Concepción,1,0
2026-08-10,Liga de Primera 2026,137,Sebastián Díaz,Deportes La Serena,1,0
2026-08-10,Liga de Primera 2026,138,César Pinares,Deportes Limache,1,0
2026-08-10,Liga de Primera 2026,139,Misael Llantén,Deportes Limache,1,0
2026-08-10,Liga de Primera 2026,140,César Fuentes,Deportes Limache,1,0
2026-08-10,Liga de Primera 2026,141,Ramón Martínez,Deportes Limache,1,0
2026-08-10,Liga de Primera 2026,142,Santiago Londoño,Everton,1,0
2026-08-10,Liga de Primera 2026,143,Rafael Caroca,Huachipato,1,0
2026-08-10,Liga de Primera 2026,144,Renzo Malanca,Huachipato,1,0
2026-08-10,Liga de Primera 2026,145,Santiago Silva,Huachipato,1,0
2026-08-10,Liga de Primera 2026,146,Kevin Altez,Huachipato,1,0
2026-08-10,Liga de Primera 2026,147,Diego Céspedes,Ñublense,1,0
2026-08-10,Liga de Primera 2026,148,Giovanny Ávalos,Ñublense,1,0
2026-08-10,Liga de Primera 2026,149,Lorenzo Reyes,Ñublense,1,0
2026-08-10,Liga de Primera 2026,150,Sebastián Valencia,Ñublense,1,0
2026-08-10,Liga de Primera 2026,151,Miguel Brizuela,O'Higgins,1,0
2026-08-10,Liga de Primera 2026,152,Bastián Yáñez,O'Higgins,1,0
2026-08-10,Liga de Primera 2026,153,Vicente Espinoza,Palestino,1,0
2026-08-10,Liga de Primera 2026,154,Bayron Oyarzo,Unión La Calera,1,0
2026-08-10,Liga de Primera 2026,155,Branco Ampuero,Universidad Católica,1,0
2026-08-10,Liga de Primera 2026,156,Juan Francisco Rossel,Universidad Católica,1,0
2026-08-10,Liga de Primera 2026,157,Eugenio Mena,Universidad Católica,1,0
2026-08-10,Liga de Primera 2026,158,Matías Zaldivia,Universidad de Chile,1,0
2026-08-10,Liga de Primera 2026,159,Bianneider Tamayo,Universidad de Chile,1,0
2026-08-10,Liga de Primera 2026,160,Daniel Barrea,Universidad de Concepción,1,0
2026-08-10,Liga de Primera 2026,161,Cristhofer Mesías,Universidad de Concepción,1,0
2026-08-10,Liga de Primera 2026,162,Osvaldo González,Universidad de Concepción,1,0
2026-08-11,Liga de Primera 2026,1,Fernando Zampedri,Universidad Católica,18,2
2026-08-11,Liga de Primera 2026,2,Daniel Castro,Deportes Limache,9,6
2026-08-11,Liga de Primera 2026,3,Nelson Da Silva,Palestino,9,2
2026-08-11,Liga de Primera 2026,4,Justo Giani,Universidad Católica,8,3
2026-08-11,Liga de Primera 2026,5,Javier Correa,Colo-Colo,8,2
2026-08-11,Liga de Primera 2026,6,Eduardo Vargas,Universidad de Chile,8,2
2026-08-11,Liga de Primera 2026,7,Maximiliano Romero,Colo-Colo,8,1
2026-08-11,Liga de Primera 2026,8,Lionel Altamirano,Huachipato,8,1
2026-08-11,Liga de Primera 2026,9,Sebastián Sáez,Unión La Calera,8,1
2026-08-11,Liga de Primera 2026,10,Joaquín Larrivey,Deportes Concepción,7,2
2026-08-11,Liga de Primera 2026,11,Alan Medina,Everton,7,1
2026-08-11,Liga de Primera 2026,12,Steffan Pino,Cobresal,7,0
2026-08-11,Liga de Primera 2026,13,Jean Meneses,Deportes Limache,6,8
2026-08-11,Liga de Primera 2026,14,Jeisson Vargas,Deportes La Serena,6,6
2026-08-11,Liga de Primera 2026,15,Nicolás Johansen,Coquimbo Unido,6,0
2026-08-11,Liga de Primera 2026,16,Francisco González,O'Higgins,5,4
2026-08-11,Liga de Primera 2026,17,Julián Brea,Cobresal,5,1
2026-08-11,Liga de Primera 2026,18,Felipe Chamorro,Deportes La Serena,5,1
2026-08-11,Liga de Primera 2026,19,Gonzalo Sosa,Deportes Limache,5,0
2026-08-11,Liga de Primera 2026,20,Arnaldo Castillo,O'Higgins,5,0
2026-08-11,Liga de Primera 2026,21,Kevin Méndez,Unión La Calera,4,6
2026-08-11,Liga de Primera 2026,22,Leandro Hernández,Colo-Colo,4,4
2026-08-11,Liga de Primera 2026,23,Álvaro Madrid,Colo-Colo,4,3
2026-08-11,Liga de Primera 2026,24,Giovani Chiaverano,Audax Italiano,4,2
2026-08-11,Liga de Primera 2026,25,Thiago Vecino,O'Higgins,4,1
2026-08-11,Liga de Primera 2026,26,Nicolás Montiel,Everton,4,0
2026-08-11,Liga de Primera 2026,27,Ignacio Jeraldino,Ñublense,4,0
2026-08-11,Liga de Primera 2026,28,Clemente Montes,Universidad Católica,3,4
2026-08-11,Liga de Primera 2026,29,Diego Rubio,Deportes La Serena,3,3
2026-08-11,Liga de Primera 2026,30,Lautaro Pastrán,Colo-Colo,3,2
2026-08-11,Liga de Primera 2026,31,Lucas Soto,Everton,3,2
2026-08-11,Liga de Primera 2026,32,Julián Alfaro,Everton,3,1
2026-08-11,Liga de Primera 2026,33,Cris Martínez,Huachipato,3,1
2026-08-11,Liga de Primera 2026,34,Agustín Arce,Universidad de Chile,3,1
2026-08-11,Liga de Primera 2026,35,Cecilio Waterman,Universidad de Concepción,3,1
2026-08-11,Liga de Primera 2026,36,Franco Troyansky,Audax Italiano,3,0
2026-08-11,Liga de Primera 2026,37,Diego Coelho,Audax Italiano,3,0
2026-08-11,Liga de Primera 2026,38,Franco Frías,Cobresal,3,0
2026-08-11,Liga de Primera 2026,39,Alejandro Camargo,Coquimbo Unido,3,0
2026-08-11,Liga de Primera 2026,40,Vicente Álvarez,Deportes Limache,3,0
2026-08-11,Liga de Primera 2026,41,Cristian Palacios,Everton,3,0
2026-08-11,Liga de Primera 2026,42,Maximiliano Gutiérrez,Huachipato,3,0
2026-08-11,Liga de Primera 2026,43,Franco Rami,Ñublense,3,0
2026-08-11,Liga de Primera 2026,44,Matías Campos López,Unión La Calera,3,0
2026-08-11,Liga de Primera 2026,45,Matías Palavecino,Universidad Católica,2,5
2026-08-11,Liga de Primera 2026,46,Claudio Aquino,Colo-Colo,2,3
2026-08-11,Liga de Primera 2026,47,Maximiliano Rodríguez,Huachipato,2,3
2026-08-11,Liga de Primera 2026,48,Mario Briceño,Huachipato,2,3
2026-08-11,Liga de Primera 2026,49,Matías Plaza,Ñublense,2,3
2026-08-11,Liga de Primera 2026,50,Cristián Zavala,Coquimbo Unido,2,2
2026-08-11,Liga de Primera 2026,51,Gabriel Graciani,Ñublense,2,2
2026-08-11,Liga de Primera 2026,52,César Munder,Palestino,2,2
2026-08-11,Liga de Primera 2026,53,Maximiliano Guerrero,Universidad de Chile,2,2
2026-08-11,Liga de Primera 2026,54,Federico Mateos,Audax Italiano,2,1
2026-08-11,Liga de Primera 2026,55,Víctor Méndez,Colo-Colo,2,1
2026-08-11,Liga de Primera 2026,56,Jeyson Rojas,Colo-Colo,2,1
2026-08-11,Liga de Primera 2026,57,Alejandro Azócar,Coquimbo Unido,2,1
2026-08-11,Liga de Primera 2026,58,Jorge Henríquez,Deportes Concepción,2,1
2026-08-11,Liga de Primera 2026,59,Gonzalo Figueroa,Deportes La Serena,2,1
2026-08-11,Liga de Primera 2026,60,Yerko González,Deportes Limache,2,1
2026-08-11,Liga de Primera 2026,61,Martín Sarrafiore,O'Higgins,2,1
2026-08-11,Liga de Primera 2026,62,Bryan Carrasco,Palestino,2,1
2026-08-11,Liga de Primera 2026,63,Michael Vadulli,Audax Italiano,2,0
2026-08-11,Liga de Primera 2026,64,Agustín Nadruz,Cobresal,2,0
2026-08-11,Liga de Primera 2026,65,Pablo Rodríguez,Coquimbo Unido,2,0
2026-08-11,Liga de Primera 2026,66,Ignacio Mesías,Deportes Concepción,2,0
2026-08-11,Liga de Primera 2026,67,Mario Sandoval,Deportes Concepción,2,0
2026-08-11,Liga de Primera 2026,68,Nicolás Stefanelli,Deportes La Serena,2,0
2026-08-11,Liga de Primera 2026,69,Gonzalo Escalante,Deportes La Serena,2,0
2026-08-11,Liga de Primera 2026,70,Matías Marín,Deportes La Serena,2,0
2026-08-11,Liga de Primera 2026,71,Diego Sanhueza,Ñublense,2,0
2026-08-11,Liga de Primera 2026,72,Lucas Molina,Ñublense,2,0
2026-08-11,Liga de Primera 2026,73,Francisco Montes,Palestino,2,0
2026-08-11,Liga de Primera 2026,74,Gonzalo Tapia,Palestino,2,0
2026-08-11,Liga de Primera 2026,75,Rodrigo Cáseres,Unión La Calera,2,0
2026-08-11,Liga de Primera 2026,76,Francisco Pozzo,Unión La Calera,2,0
2026-08-11,Liga de Primera 2026,77,Javier Altamirano,Universidad de Chile,2,0
2026-08-11,Liga de Primera 2026,78,Nicolás Ramírez,Universidad de Chile,2,0
2026-08-11,Liga de Primera 2026,79,Luis Rojas,Universidad de Concepción,2,0
2026-08-11,Liga de Primera 2026,80,Jeison Fuentealba,Universidad de Concepción,2,0
2026-08-11,Liga de Primera 2026,81,Bryan Carvallo,Cobresal,1,5
2026-08-11,Liga de Primera 2026,82,Cristián Cuevas,Universidad Católica,1,5
2026-08-11,Liga de Primera 2026,83,Esteban Matus,Audax Italiano,1,4
2026-08-11,Liga de Primera 2026,84,Luis Riveros,Coquimbo Unido,1,3
2026-08-11,Liga de Primera 2026,85,Julián Fernández,Palestino,1,3
2026-08-11,Liga de Primera 2026,86,Guillermo Pacheco,Cobresal,1,2
2026-08-11,Liga de Primera 2026,87,César Yanis,Cobresal,1,2
2026-08-11,Liga de Primera 2026,88,Bruno Gutiérrez,Deportes La Serena,1,2
2026-08-11,Liga de Primera 2026,89,Marcos Arturia,Deportes Limache,1,2
2026-08-11,Liga de Primera 2026,90,Braian Martínez,Everton,1,2
2026-08-11,Liga de Primera 2026,91,Maicol León,Huachipato,1,2
2026-08-11,Liga de Primera 2026,92,Guillermo Guaiquil,Huachipato,1,2
2026-08-11,Liga de Primera 2026,93,Bryan Rabello,O'Higgins,1,2
2026-08-11,Liga de Primera 2026,94,Ian Garguez,Palestino,1,2
2026-08-11,Liga de Primera 2026,95,Sebastián Gallegos,Palestino,1,2
2026-08-11,Liga de Primera 2026,96,Jimmy Martínez,Universidad Católica,1,2
2026-08-11,Liga de Primera 2026,97,Diego Corral,Universidad Católica,1,2
2026-08-11,Liga de Primera 2026,98,Fabián Hormazábal,Universidad de Chile,1,2
2026-08-11,Liga de Primera 2026,99,Marcelo Morales,Universidad de Chile,1,2
2026-08-11,Liga de Primera 2026,100,Agustín Urzi,Universidad de Concepción,1,2
2026-08-11,Liga de Primera 2026,101,César Pinares,Audax Italiano,1,1
2026-08-11,Liga de Primera 2026,102,Benjamín Valenzuela,Cobresal,1,1
2026-08-11,Liga de Primera 2026,103,Janpol Morales,Cobresal,1,1
2026-08-11,Liga de Primera 2026,104,Yastin Cuevas,Colo-Colo,1,1
2026-08-11,Liga de Primera 2026,105,Arturo Vidal,Colo-Colo,1,1
2026-08-11,Liga de Primera 2026,106,Martín Mundaca,Coquimbo Unido,1,1
2026-08-11,Liga de Primera 2026,107,Joaquín Montecinos,Deportes Concepción,1,1
2026-08-11,Liga de Primera 2026,108,Leonardo Valencia,Deportes Concepción,1,1
2026-08-11,Liga de Primera 2026,109,Ángelo Henríquez,Deportes La Serena,1,1
2026-08-11,Liga de Primera 2026,110,Lucas Alarcón,Deportes La Serena,1,1
2026-08-11,Liga de Primera 2026,111,Joaquín Montecinos,Deportes Limache,1,1
2026-08-11,Liga de Primera 2026,112,Flavio Moya,Deportes Limache,1,1
2026-08-11,Liga de Primera 2026,113,Nicolás Baeza,Everton,1,1
2026-08-11,Liga de Primera 2026,114,Nicolás Vargas,Huachipato,1,1
2026-08-11,Liga de Primera 2026,115,Claudio Sepúlveda,Huachipato,1,1
2026-08-11,Liga de Primera 2026,116,Ignacio Tapia,Ñublense,1,1
2026-08-11,Liga de Primera 2026,117,Felipe Ogaz,O'Higgins,1,1
2026-08-11,Liga de Primera 2026,118,Martín Maturana,O'Higgins,1,1
2026-08-11,Liga de Primera 2026,119,Bastián Yáñez,O'Higgins,1,1
2026-08-11,Liga de Primera 2026,120,Dilan Zúñiga,Palestino,1,1
2026-08-11,Liga de Primera 2026,121,Martín Araya,Palestino,1,1
2026-08-11,Liga de Primera 2026,122,Ronnie Fernández,Palestino,1,1
2026-08-11,Liga de Primera 2026,123,Jason León,Palestino,1,1
2026-08-11,Liga de Primera 2026,124,Juan Ignacio Díaz,Universidad Católica,1,1
2026-08-11,Liga de Primera 2026,125,Juan Martín Lucero,Universidad de Chile,1,1
2026-08-11,Liga de Primera 2026,126,Ignacio Vásquez,Universidad de Chile,1,1
2026-08-11,Liga de Primera 2026,127,Antonio Díaz,Universidad de Concepción,1,1
2026-08-11,Liga de Primera 2026,128,Rodrigo Cabral,Audax Italiano,1,0
2026-08-11,Liga de Primera 2026,129,Enzo Ferrario,Audax Italiano,1,0
2026-08-11,Liga de Primera 2026,130,Marco Collao,Audax Italiano,1,0
2026-08-11,Liga de Primera 2026,131,Vicente Zenteno,Audax Italiano,1,0
2026-08-11,Liga de Primera 2026,132,José Tiznado,Cobresal,1,0
2026-08-11,Liga de Primera 2026,133,Joaquín Sosa,Colo-Colo,1,0
2026-08-11,Liga de Primera 2026,134,Felipe Raipán,Colo-Colo,1,0
2026-08-11,Liga de Primera 2026,135,Guido Vadalá,Coquimbo Unido,1,0
2026-08-11,Liga de Primera 2026,136,Sebastián Galani,Coquimbo Unido,1,0
2026-08-11,Liga de Primera 2026,137,Lucas Pratto,Coquimbo Unido,1,0
2026-08-11,Liga de Primera 2026,138,Manuel Fernández,Coquimbo Unido,1,0
2026-08-11,Liga de Primera 2026,139,Fausto Grillo,Deportes Concepción,1,0
2026-08-11,Liga de Primera 2026,140,Ariel Cáceres,Deportes Concepción,1,0
2026-08-11,Liga de Primera 2026,141,Aldrix Jara,Deportes Concepción,1,0
2026-08-11,Liga de Primera 2026,142,Ethan Espinoza,Deportes Concepción,1,0
2026-08-11,Liga de Primera 2026,143,Norman Rodríguez,Deportes Concepción,1,0
2026-08-11,Liga de Primera 2026,144,Sebastián Díaz,Deportes La Serena,1,0
2026-08-11,Liga de Primera 2026,145,César Pinares,Deportes Limache,1,0
2026-08-11,Liga de Primera 2026,146,Misael Llantén,Deportes Limache,1,0
2026-08-11,Liga de Primera 2026,147,César Fuentes,Deportes Limache,1,0
2026-08-11,Liga de Primera 2026,148,Ramón Martínez,Deportes Limache,1,0
2026-08-11,Liga de Primera 2026,149,Dylan Escobar,Deportes Limache,1,0
2026-08-11,Liga de Primera 2026,150,Santiago Londoño,Everton,1,0
2026-08-11,Liga de Primera 2026,151,Rafael Caroca,Huachipato,1,0
2026-08-11,Liga de Primera 2026,152,Renzo Malanca,Huachipato,1,0
2026-08-11,Liga de Primera 2026,153,Santiago Silva,Huachipato,1,0
2026-08-11,Liga de Primera 2026,154,Kevin Altez,Huachipato,1,0
2026-08-11,Liga de Primera 2026,155,Diego Céspedes,Ñublense,1,0
2026-08-11,Liga de Primera 2026,156,Giovanny Ávalos,Ñublense,1,0
2026-08-11,Liga de Primera 2026,157,Lorenzo Reyes,Ñublense,1,0
2026-08-11,Liga de Primera 2026,158,Sebastián Valencia,Ñublense,1,0
2026-08-11,Liga de Primera 2026,159,Manuel Rivera,Ñublense,1,0
2026-08-11,Liga de Primera 2026,160,Miguel Brizuela,O'Higgins,1,0
2026-08-11,Liga de Primera 2026,161,Luis Pávez,O'Higgins,1,0
2026-08-11,Liga de Primera 2026,162,Vicente Espinoza,Palestino,1,0
2026-08-11,Liga de Primera 2026,163,Marcelo Eggel,Palestino,1,0
2026-08-11,Liga de Primera 2026,164,Bayron Oyarzo,Unión La Calera,1,0
2026-08-11,Liga de Primera 2026,165,Branco Ampuero,Universidad Católica,1,0
2026-08-11,Liga de Primera 2026,166,Juan Francisco Rossel,Universidad Católica,1,0
2026-08-11,Liga de Primera 2026,167,Eugenio Mena,Universidad Católica,1,0
2026-08-11,Liga de Primera 2026,168,Matías Zaldivia,Universidad de Chile,1,0
2026-08-11,Liga de Primera 2026,169,Bianneider Tamayo,Universidad de Chile,1,0
2026-08-11,Liga de Primera 2026,170,Daniel Barrea,Universidad de Concepción,1,0
2026-08-11,Liga de Primera 2026,171,Cristhofer Mesías,Universidad de Concepción,1,0
2026-08-11,Liga de Primera 2026,172,Osvaldo González,Universidad de Concepción,1,0
